Name,Public_Display_Name__c,Public_Search_Keywords__c,Publicly_Listed__c,Supports_Enrollment__c,Enrollment_URL__c,Institution_Status__c,Logo_URL__c,Logo_ContentVersionId__c,Website
"1NB Bank","1NB Bank","1NB Bank Zelle 28O #","true","true","https://1nbcarlyle.com/","Active","https://enroll.zellepay.com/logos/zellepay/28O.png","","https://1nbcarlyle.com/"
"1st Advantage","1st Advantage","1st Advantage Zelle 3GX #","true","true","https://www.1stadvantage.org/Zelle","Active","https://enroll.zellepay.com/logos/zellepay/3GX.png","","https://www.1stadvantage.org/Zelle"
"1ST BANK OF SEA ISLE CITY","1ST BANK OF SEA ISLE CITY","1ST BANK OF SEA ISLE CITY Zelle 21H #","true","true","https://www.1stbankseaisle.com/","Active","https://enroll.zellepay.com/logos/zellepay/21H.png","","https://www.1stbankseaisle.com/"
"1st Bergen FCU","1st Bergen FCU","1st Bergen FCU Zelle 3BO #","true","true","https://www.1stbergen.com/zelle","Active","https://enroll.zellepay.com/logos/zellepay/3BO.png","","https://www.1stbergen.com/zelle"
"1st Ed Credit Union","1st Ed Credit Union","1st Ed Credit Union Zelle 2T1 #","true","true","https://www.1edcu.org/services/zelle/","Active","https://enroll.zellepay.com/logos/zellepay/2T1.png","","https://www.1edcu.org/services/zelle/"
"1st Equity Bank","1st Equity Bank","1st Equity Bank Zelle 35H #","true","true","https://1stEquityBank.net/zelle.html","Active","https://enroll.zellepay.com/api/v1/ecm/sites/ecm/files/logos/override_uploads/35H-zellepay.png","","https://1stEquityBank.net/zelle.html"
"1st Liberty FCU","1st Liberty FCU","1st Liberty FCU Zelle JRA #","true","true","https://www.1stliberty.org/services/zelle","Active","https://enroll.zellepay.com/logos/zellepay/JRA.png","","https://www.1stliberty.org/services/zelle"
"1st National Bank","1st National Bank","1st National Bank Zelle 2AJ #","true","true","https://www.bankwith1st.com/personal/online-services/zelle/","Active","https://enroll.zellepay.com/logos/zellepay/2AJ.png","","https://www.bankwith1st.com/personal/online-services/zelle/"
"1st Security Bank of WA","1st Security Bank of WA","1st Security Bank of WA Zelle 35V #","true","true","https://www.fsbwa.com/zelle","Active","https://enroll.zellepay.com/logos/zellepay/35V.png","","https://www.fsbwa.com/zelle"
"1st Source Bank","1st Source Bank","1st Source Bank Zelle 21L #","true","true","https://www.1stsource.com/help-support/zelle/","Active","https://enroll.zellepay.com/logos/zellepay/21L.png","","https://www.1stsource.com/help-support/zelle/"
"1ST SUMMIT BANK","1ST SUMMIT BANK","1ST SUMMIT BANK Zelle 36I #","true","true","https://www.1stsummit.bank/home/zelle/","Active","https://enroll.zellepay.com/logos/zellepay/36I.png","","https://www.1stsummit.bank/home/zelle/"
"1st Trust Bank","1st Trust Bank","1st Trust Bank Zelle 0C3 #","true","true","https://www.1sttrustbankinc.com/","Active","https://enroll.zellepay.com/logos/zellepay/0C3.png","","https://www.1sttrustbankinc.com/"
"2 Rivers Area CU","2 Rivers Area CU","2 Rivers Area CU Zelle 2OU #","true","true","https://2riversacu.com/zelle/","Active","https://enroll.zellepay.com/logos/zellepay/2OU.png","","https://2riversacu.com/zelle/"
"360 Federal Credit Union","360 Federal Credit Union","360 Federal Credit Union Zelle 2QZ #","true","true","https://www.360fcu.org/Zelle","Active","https://enroll.zellepay.com/logos/zellepay/2QZ.png","","https://www.360fcu.org/Zelle"
"42 North Private Bank","42 North Private Bank","42 North Private Bank Zelle 3M9 #","true","true","https://www.42northprivate.com/zelle","Active","https://enroll.zellepay.com/logos/zellepay/3M9.png","","https://www.42northprivate.com/zelle"
"4U Credit Union","4U Credit Union","4U Credit Union Zelle 2DB #","true","true","https://www.4ucu.org/zelle.php","Active","https://enroll.zellepay.com/logos/zellepay/2DB.png","","https://www.4ucu.org/zelle.php"
"5 Star CCU","5 Star CCU","5 Star CCU Zelle 2RV #","true","true","https://www.5starcu.org/zelle-5starccu","Active","https://enroll.zellepay.com/logos/zellepay/2RV.png","","https://www.5starcu.org/zelle-5starccu"
"600 Atlantic FCU","600 Atlantic FCU","600 Atlantic FCU Zelle 33L #","true","true","https://www.600atlanticfcu.org/zelle","Active","https://enroll.zellepay.com/logos/zellepay/33L.png","","https://www.600atlanticfcu.org/zelle"
"705 Federal Credit Union","705 Federal Credit Union","705 Federal Credit Union Zelle 33Y #","true","true","https://www.705fcu.com/zelle/","Active","https://enroll.zellepay.com/logos/zellepay/33Y.png","","https://www.705fcu.com/zelle/"
"802 CU","802 CU","802 CU Zelle 31Y #","true","true","https://www.802cu.com/zelle/","Active","https://enroll.zellepay.com/logos/zellepay/31Y.png","","https://www.802cu.com/zelle/"
"A+ Federal Credit Union","A+ Federal Credit Union","A+ Federal Credit Union Zelle JL5 A","true","true","https://aplusfcu.org/services/mobile-banking/zelle","Active","https://enroll.zellepay.com/logos/zellepay/JL5.png","","https://aplusfcu.org/services/mobile-banking/zelle"
"Abilene Teachers FCU","Abilene Teachers FCU","Abilene Teachers FCU Zelle 3RH A","true","true","https://www.abileneteachersfcu.org/zelle-payments/","Active","https://enroll.zellepay.com/logos/zellepay/3RH.png","","https://www.abileneteachersfcu.org/zelle-payments/"
"ABNB","ABNB","ABNB Zelle 2FK A","true","true","https://www.abnbfcu.org/services-tools/account-services/start-sending-with-zelle.html","Active","https://enroll.zellepay.com/logos/zellepay/2FK.png","","https://www.abnbfcu.org/services-tools/account-services/start-sending-with-zelle.html"
"Abound Credit Union","Abound Credit Union","Abound Credit Union Zelle JP7 A","true","true","https://www.aboundcu.com/accounts/digital-services/zelle","Active","https://enroll.zellepay.com/logos/zellepay/JP7.png","","https://www.aboundcu.com/accounts/digital-services/zelle"
"Abri Credit Union","Abri Credit Union","Abri Credit Union Zelle 3RA A","true","true","https://www.abricu.com/home/onlineservices/bill_pay/zelle","Active","https://enroll.zellepay.com/logos/zellepay/3RA.png","","https://www.abricu.com/home/onlineservices/bill_pay/zelle"
"Academy Bank","Academy Bank","Academy Bank Zelle 2EO A","true","true","https://www.academybank.com/personal/accounts/zelle%C2%AE/send-money-zelle%C2%AE","Active","https://enroll.zellepay.com/logos/zellepay/2EO.png","","https://www.academybank.com/personal/accounts/zelle%C2%AE/send-money-zelle%C2%AE"
"Acadia Federal Credit Union","Acadia Federal Credit Union","Acadia Federal Credit Union Zelle JPJ A","true","true","https://www.acadiafcu.org/zelle/","Active","https://enroll.zellepay.com/logos/zellepay/JPJ.png","","https://www.acadiafcu.org/zelle/"
"Access Community Credit Union","Access Community Credit Union","Access Community Credit Union Zelle 2YD A","true","true","https://www.accesscreditunion.com/zelle","Active","https://enroll.zellepay.com/logos/zellepay/2YD.png","","https://www.accesscreditunion.com/zelle"
"ACCESSbank Omaha","ACCESSbank Omaha","ACCESSbank Omaha Zelle 2JF A","true","true","https://www.accessbank.com/zelle-r-","Active","https://enroll.zellepay.com/logos/zellepay/2JF.png","","https://www.accessbank.com/zelle-r-"
"ACFCU","ACFCU","ACFCU Zelle 2RL A","true","true","https://www.acfcu.org/zelle","Active","https://enroll.zellepay.com/logos/zellepay/2RL.png","","https://www.acfcu.org/zelle"
"Achieva Credit Union","Achieva Credit Union","Achieva Credit Union Zelle 0GY A","true","true","https://www.achievacu.com/zelle","Active","https://enroll.zellepay.com/logos/zellepay/0GY.png","","https://www.achievacu.com/zelle"
"Acme Continental CU","Acme Continental CU","Acme Continental CU Zelle 2ON A","true","true","https://www.acmecontinentalcu.com/zelle","Active","https://enroll.zellepay.com/logos/zellepay/2ON.png","","https://www.acmecontinentalcu.com/zelle"
"ACNB Bank","ACNB Bank","ACNB Bank Zelle 2G2 A","true","true","https://www.acnb.com/zelle","Active","https://enroll.zellepay.com/logos/zellepay/2G2.png","","https://www.acnb.com/zelle"
"Actors Federal Credit Union","Actors Federal Credit Union","Actors Federal Credit Union Zelle 0JG A","true","true","https://www.actorsfcu.com/zelle","Active","https://enroll.zellepay.com/logos/zellepay/0JG.png","","https://www.actorsfcu.com/zelle"
"Addition Financial","Addition Financial","Addition Financial Zelle J9Y A","true","true","https://www.additionfi.com/zelle","Active","https://enroll.zellepay.com/logos/zellepay/J9Y.png","","https://www.additionfi.com/zelle"
"AdelFi Credit Union","AdelFi Credit Union","AdelFi Credit Union Zelle 3LI A","true","true","https://www.adelfibanking.com/personal/services/zelle","Active","https://enroll.zellepay.com/logos/zellepay/3LI.png","","https://www.adelfibanking.com/personal/services/zelle"
"Adirondack Bank","Adirondack Bank","Adirondack Bank Zelle 2YZ A","true","true","https://www.adirondackbank.com/zelle","Active","https://enroll.zellepay.com/logos/zellepay/2YZ.png","","https://www.adirondackbank.com/zelle"
"Adirondack RFCU","Adirondack RFCU","Adirondack RFCU Zelle 2TG A","true","true","https://adkcreditunion.com/zelle","Active","https://enroll.zellepay.com/logos/zellepay/2TG.png","","https://adkcreditunion.com/zelle"
"Adirondack Trust","Adirondack Trust","Adirondack Trust Zelle 0I3 A","true","true","https://www.adirondacktrust.com/personal/bank/webwise-online-mobile-banking/zelle","Active","https://enroll.zellepay.com/logos/zellepay/0I3.png","","https://www.adirondacktrust.com/personal/bank/webwise-online-mobile-banking/zelle"
"Advanced Financial Federal CU","Advanced Financial Federal CU","Advanced Financial Federal CU Zelle 3CO A","true","true","https://www.advfinfcu.com/zelle","Active","https://enroll.zellepay.com/logos/zellepay/3CO.png","","https://www.advfinfcu.com/zelle"
"Advancial","Advancial","Advancial Zelle J2E A","true","true","https://zelle.jhapaycenter.com/J2E.html","Active","https://enroll.zellepay.com/api/v1/ecm/sites/ecm/files/logos/override_uploads/advancial-zellepay.png","","https://zelle.jhapaycenter.com/J2E.html"
"Advantage FCU","Advantage FCU","Advantage FCU Zelle 30D A","true","true","https://www.advantagefcu.org/e-services/zelle","Active","https://enroll.zellepay.com/logos/zellepay/30D.png","","https://www.advantagefcu.org/e-services/zelle"
"AERO Federal Credit Union","AERO Federal Credit Union","AERO Federal Credit Union Zelle 0P7 A","true","true","https://www.aerofed.net/zelle","Active","https://enroll.zellepay.com/logos/zellepay/0P7.png","","https://www.aerofed.net/zelle"
"Aerospace Federal Credit Union","Aerospace Federal Credit Union","Aerospace Federal Credit Union Zelle 0O9 A","true","true","https://www.aerofcu.org/zelle","Active","https://enroll.zellepay.com/logos/zellepay/0O9.png","","https://www.aerofcu.org/zelle"
"Affidian Federal Credit Union","Affidian Federal Credit Union","Affidian Federal Credit Union Zelle 0JK A","true","true","https://www.affidiancu.org/zelle","Active","https://enroll.zellepay.com/logos/zellepay/0JK.png","","https://www.affidiancu.org/zelle"
"Affinity One FCU","Affinity One FCU","Affinity One FCU Zelle 2TJ A","true","true","https://www.affinityonefcu.org/zelle","Active","https://enroll.zellepay.com/logos/zellepay/2TJ.png","","https://www.affinityonefcu.org/zelle"
"AFFINITYFCU","AFFINITYFCU","AFFINITYFCU Zelle 2H1 A","true","true","https://www.affinityfcu.com/Banking/zelle.aspx","Active","https://enroll.zellepay.com/logos/zellepay/2H1.png","","https://www.affinityfcu.com/Banking/zelle.aspx"
"AgFed Credit Union","AgFed Credit Union","AgFed Credit Union Zelle JOS A","true","true","https://www.agfed.org/convenient-services/zelle/","Active","https://enroll.zellepay.com/logos/zellepay/JOS.png","","https://www.agfed.org/convenient-services/zelle/"
"Air Academy FCU","Air Academy FCU","Air Academy FCU Zelle 2TO A","true","true","https://www.aafcu.com/zelle","Active","https://enroll.zellepay.com/logos/zellepay/2TO.png","","https://www.aafcu.com/zelle"
"Alabama Credit Union","Alabama Credit Union","Alabama Credit Union Zelle 31S A","true","true","https://www.alabamacu.com/e-services/zelle","Active","https://enroll.zellepay.com/logos/zellepay/31S.png","","https://www.alabamacu.com/e-services/zelle"
"Albany Bank & Trust","Albany Bank & Trust","Albany Bank & Trust Zelle 2FH A","true","true","https://albank.com/Zelle","Active","https://enroll.zellepay.com/logos/zellepay/2FH.png","","https://albank.com/Zelle"
"Alcoa Community FCU","Alcoa Community FCU","Alcoa Community FCU Zelle 2X3 A","true","true","https://www.alcoacommunityfcu.org/zelle","Active","https://enroll.zellepay.com/logos/zellepay/2X3.png","","https://www.alcoacommunityfcu.org/zelle"
"Alden State Bank","Alden State Bank","Alden State Bank Zelle 28Z A","true","true","https://www.aldenstate.com/services-tools/account-services/index.html","Active","https://enroll.zellepay.com/logos/zellepay/28Z.png","","https://www.aldenstate.com/services-tools/account-services/index.html"
"ALEC","ALEC","ALEC Zelle 2SV A","true","true","https://www.alecu.org/products-and-services/zelle","Active","https://enroll.zellepay.com/logos/zellepay/2SV.png","","https://www.alecu.org/products-and-services/zelle"
"Alero Financial","Alero Financial","Alero Financial Zelle 2AI A","true","true","https://www.alerofinancial.org/","Active","https://enroll.zellepay.com/logos/zellepay/2AI.png","","https://www.alerofinancial.org/"
"Alerus","Alerus","Alerus Zelle 23F A","true","true","https://alerus.com/zelle","Active","https://enroll.zellepay.com/logos/zellepay/23F.png","","https://alerus.com/zelle"
"Alhambra Credit Union","Alhambra Credit Union","Alhambra Credit Union Zelle 2MK A","true","true","https://www.alhambracu.com/zelle","Active","https://enroll.zellepay.com/logos/zellepay/2MK.png","","https://www.alhambracu.com/zelle"
"Align Credit Union","Align Credit Union","Align Credit Union Zelle 3B7 A","true","true","https://www.aligncu.com/zelle","Active","https://enroll.zellepay.com/logos/zellepay/3B7.png","","https://www.aligncu.com/zelle"
"All In Credit Union","All In Credit Union","All In Credit Union Zelle 2V8 A","true","true","https://allincu.com/bank/zelle.html","Active","https://enroll.zellepay.com/logos/zellepay/2V8.png","","https://allincu.com/bank/zelle.html"
"All One Credit Union","All One Credit Union","All One Credit Union Zelle 0N1 A","true","true","https://all-onecu.com/zelle/","Active","https://enroll.zellepay.com/logos/zellepay/0N1.png","","https://all-onecu.com/zelle/"
"Allegent Community FCU","Allegent Community FCU","Allegent Community FCU Zelle 2UH A","true","true","https://www.allegentfcu.org/zelle","Active","https://enroll.zellepay.com/logos/zellepay/2UH.png","","https://www.allegentfcu.org/zelle"
"Allegiance Credit Union","Allegiance Credit Union","Allegiance Credit Union Zelle 38W A","true","true","https://www.allegiancecu.org/zelle","Active","https://enroll.zellepay.com/logos/zellepay/38W.png","","https://www.allegiancecu.org/zelle"
"Alliance Bank","Alliance Bank","Alliance Bank Zelle 0G3 A","true","true","https://www.alliancebanks.com/individual/products/digital/zelle.html","Active","https://enroll.zellepay.com/logos/zellepay/0G3.png","","https://www.alliancebanks.com/individual/products/digital/zelle.html"
"Alliance Catholic Credit Union","Alliance Catholic Credit Union","Alliance Catholic Credit Union Zelle 0T1 A","true","true","https://allianceccu.com/zelle/","Active","https://enroll.zellepay.com/logos/zellepay/0T1.png","","https://allianceccu.com/zelle/"
"Alliance Credit Union","Alliance Credit Union","Alliance Credit Union Zelle 2UG A","true","true","https://alliancecu.com/zelle/","Active","https://enroll.zellepay.com/logos/zellepay/2UG.png","","https://alliancecu.com/zelle/"
"AllSouth Federal Credit Union","AllSouth Federal Credit Union","AllSouth Federal Credit Union Zelle 26Y A","true","true","https://www.allsouth.org/","Active","https://enroll.zellepay.com/logos/zellepay/26Y.png","","https://www.allsouth.org/"
"Ally Bank","Ally Bank","Ally Bank Zelle ALB A","true","true","https://www.ally.com/learn/zelle","Active","https://enroll.zellepay.com/logos/zellepay/ALB.png","","https://www.ally.com/learn/zelle"
"Alma Bank","Alma Bank","Alma Bank Zelle 0J8 A","true","true","https://www.almabank.com/personal-banking/banking-services/zelle","Active","https://enroll.zellepay.com/logos/zellepay/0J8.png","","https://www.almabank.com/personal-banking/banking-services/zelle"
"Aloha Pacific FCU","Aloha Pacific FCU","Aloha Pacific FCU Zelle 32A A","true","true","https://www.alohapacific.com/banking/online-mobile-banking/zelle","Active","https://enroll.zellepay.com/logos/zellepay/32A.png","","https://www.alohapacific.com/banking/online-mobile-banking/zelle"
"Alpine Bank","Alpine Bank","Alpine Bank Zelle J2S A","true","true","https://www.alpinebank.com/personal/resources/zelle.html","Active","https://enroll.zellepay.com/logos/zellepay/J2S.png","","https://www.alpinebank.com/personal/resources/zelle.html"
"Alta Vista Credit Union","Alta Vista Credit Union","Alta Vista Credit Union Zelle 2R7 A","true","true","https://images.printable.com/nonimpositions/22712/439889/22712_439889_zx3ob22o_press.html","Active","https://enroll.zellepay.com/logos/zellepay/2R7.png","","https://images.printable.com/nonimpositions/22712/439889/22712_439889_zx3ob22o_press.html"
"Altabank","Altabank","Altabank Zelle JOQ A","true","true","https://www.altabank.com/zelle","Active","https://enroll.zellepay.com/api/v1/ecm/sites/ecm/files/logos/override_uploads/JOQ-zellepay.png","","https://www.altabank.com/zelle"
"Altamaha Bank and Trust","Altamaha Bank and Trust","Altamaha Bank and Trust Zelle 0HJ A","true","true","https://www.altamaha.bank/","Active","https://enroll.zellepay.com/logos/zellepay/0HJ.png","","https://www.altamaha.bank/"
"Altana Federal Credit Union","Altana Federal Credit Union","Altana Federal Credit Union Zelle JIG A","true","true","https://www.paymentsemails.com/ZelleOverview?MyFITool&jhID=52445&showVideo=1","Active","https://enroll.zellepay.com/logos/zellepay/JIG.png","","https://www.paymentsemails.com/ZelleOverview?MyFITool&jhID=52445&showVideo=1"
"Altoona First Savings Bank","Altoona First Savings Bank","Altoona First Savings Bank Zelle 3F0 A","true","true","https://www.altoonabank.com/services-tools/zelle","Active","https://enroll.zellepay.com/logos/zellepay/3F0.png","","https://www.altoonabank.com/services-tools/zelle"
"Altos Bank","Altos Bank","Altos Bank Zelle JMZ A","true","true","https://www.altosbank.com/zelle--altos-bank","Active","https://enroll.zellepay.com/logos/zellepay/JMZ.png","","https://www.altosbank.com/zelle--altos-bank"
"Altura Credit Union","Altura Credit Union","Altura Credit Union Zelle 0NP A","true","true","https://www.alturacu.com/zelle","Active","https://enroll.zellepay.com/logos/zellepay/0NP.png","","https://www.alturacu.com/zelle"
"Amalgamated Bank of Chicago","Amalgamated Bank of Chicago","Amalgamated Bank of Chicago Zelle 2IB A","true","true","https://www.aboc.com/zelle.aspx","Active","https://enroll.zellepay.com/logos/zellepay/2IB.png","","https://www.aboc.com/zelle.aspx"
"Amalgamated Bank(NY)","Amalgamated Bank(NY)","Amalgamated Bank(NY) Zelle 0MO A","true","true","https://www.amalgamatedbank.com/zelle","Active","https://enroll.zellepay.com/logos/zellepay/0MO.png","","https://www.amalgamatedbank.com/zelle"
"Amarillo National Bank","Amarillo National Bank","Amarillo National Bank Zelle 2OS A","true","true","https://www.anb.com/Zelle.aspx","Active","https://enroll.zellepay.com/logos/zellepay/2OS.png","","https://www.anb.com/Zelle.aspx"
"AMBK","AMBK","AMBK Zelle 2W5 A","true","true","https://www.ambk.com/zelle","Active","https://enroll.zellepay.com/logos/zellepay/2W5.png","","https://www.ambk.com/zelle"
"Ambler Savings Bank","Ambler Savings Bank","Ambler Savings Bank Zelle 25A A","true","true","https://www.amblersavingsbank.com/Zelle","Active","https://enroll.zellepay.com/logos/zellepay/25A.png","","https://www.amblersavingsbank.com/Zelle"
"Amegy Bank","Amegy Bank","Amegy Bank Zelle 20T A","true","true","https://www.amegybank.com/personal/digital-banking/zelle","Active","https://enroll.zellepay.com/logos/zellepay/20T.png","","https://www.amegybank.com/personal/digital-banking/zelle"
"Amerant Bank, N.A.","Amerant Bank, N.A.","Amerant Bank, N.A. Zelle 0OU A","true","true","https://www.amerantbank.com/zelle/","Active","https://enroll.zellepay.com/logos/zellepay/0OU.png","","https://www.amerantbank.com/zelle/"
"America First Credit Union","America First Credit Union","America First Credit Union Zelle 20D A","true","true","https://www.americafirst.com/services/online-services/zelle.html","Active","https://enroll.zellepay.com/logos/zellepay/20D.png","","https://www.americafirst.com/services/online-services/zelle.html"
"America's Credit Union","America's Credit Union","America's Credit Union Zelle JNC A","true","true","https://www.youracu.org/zelle/","Active","https://enroll.zellepay.com/logos/zellepay/JNC.png","","https://www.youracu.org/zelle/"
"America's Credit Union (TX&MO)","America's Credit Union (TX&MO)","America's Credit Union (TX&MO) Zelle JOR A","true","true","https://www.americascu.org/getting-started-with-zelle.html","Active","https://enroll.zellepay.com/logos/zellepay/JOR.png","","https://www.americascu.org/getting-started-with-zelle.html"
"American Bank","American Bank","American Bank Zelle 0CA A","true","true","https://www.americanbank.com/personal/services/digital-banking/zelle","Active","https://enroll.zellepay.com/logos/zellepay/0CA.png","","https://www.americanbank.com/personal/services/digital-banking/zelle"
"American Bank (Dallas)","American Bank (Dallas)","American Bank (Dallas) Zelle 0NX A","true","true","https://www.abdallas.bank/personal-banking/services-personal-banking/zelle","Active","https://enroll.zellepay.com/logos/zellepay/0NX.png","","https://www.abdallas.bank/personal-banking/services-personal-banking/zelle"
"American Bank (LA)","American Bank (LA)","American Bank (LA) Zelle 0TS A","true","true","https://www.americanbankusa.com/zelle","Active","https://enroll.zellepay.com/logos/zellepay/0TS.png","","https://www.americanbankusa.com/zelle"
"American Bank & Trust- AB&T SD","American Bank & Trust- AB&T SD","American Bank & Trust- AB&T SD Zelle 37I A","true","true","https://www.abt.bank/zelle/","Active","https://enroll.zellepay.com/logos/zellepay/37I.png","","https://www.abt.bank/zelle/"
"American Bank and Trust","American Bank and Trust","American Bank and Trust Zelle J2T A","true","true","https://zelle.jhapaycenter.com/J2T.html","Active","https://enroll.zellepay.com/logos/zellepay/J2T.png","","https://zelle.jhapaycenter.com/J2T.html"
"American Bank of Freedom","American Bank of Freedom","American Bank of Freedom Zelle 2BH A","true","true","https://www.americanbankoffreedom.bank/","Active","https://enroll.zellepay.com/logos/zellepay/2BH.png","","https://www.americanbankoffreedom.bank/"
"American Commercial Bank Trust","American Commercial Bank Trust","American Commercial Bank Trust Zelle 0MH A","true","true","https://www.acbandt.com/zelle","Active","https://enroll.zellepay.com/logos/zellepay/0MH.png","","https://www.acbandt.com/zelle"
"American Community Bank NY","American Community Bank NY","American Community Bank NY Zelle 33V A","true","true","https://www.acbalways.com/zelle.html","Active","https://enroll.zellepay.com/logos/zellepay/33V.png","","https://www.acbalways.com/zelle.html"
"American Community Bank Trust","American Community Bank Trust","American Community Bank Trust Zelle 22O A","true","true","https://amcombank.com/","Active","https://enroll.zellepay.com/logos/zellepay/22O.png","","https://amcombank.com/"
"American Express National Bank","American Express National Bank","American Express National Bank Zelle AXP A","true","true","https://americanexpress.com/en-us/banking/online-checking/zelle-business-and-consumer/","Active","https://enroll.zellepay.com/api/v1/ecm/sites/ecm/files/logos/override_uploads/AXP-zellepay.png","","https://americanexpress.com/en-us/banking/online-checking/zelle-business-and-consumer/"
"American First Credit Union","American First Credit Union","American First Credit Union Zelle JME A","true","true","https://www.amerfirst.org/products/digital-services/zelle","Active","https://enroll.zellepay.com/logos/zellepay/JME.png","","https://www.amerfirst.org/products/digital-services/zelle"
"American First National Bank","American First National Bank","American First National Bank Zelle 2YB A","true","true","https://www.afnb.com/services/zelle","Active","https://enroll.zellepay.com/logos/zellepay/2YB.png","","https://www.afnb.com/services/zelle"
"American Nation Bank","American Nation Bank","American Nation Bank Zelle JQ0 A","true","true","https://bankanb.cms.banno-staging.com/zelle","Active","https://enroll.zellepay.com/logos/zellepay/JQ0.png","","https://bankanb.cms.banno-staging.com/zelle"
"American National Bank & Trust","American National Bank & Trust","American National Bank & Trust Zelle 0T4 A","true","true","https://amnat.com/personal/digital-banking-zelle-payments","Active","https://enroll.zellepay.com/logos/zellepay/0T4.png","","https://amnat.com/personal/digital-banking-zelle-payments"
"American National Bank of MN","American National Bank of MN","American National Bank of MN Zelle 2FX A","true","true","https://www.onlinebanktours.com/mobile/?b=1332&c=127760","Active","https://enroll.zellepay.com/logos/zellepay/2FX.png","","https://www.onlinebanktours.com/mobile/?b=1332&c=127760"
"American National Bank of TX","American National Bank of TX","American National Bank of TX Zelle 2PI A","true","true","https://anbtx.com/zelle","Active","https://enroll.zellepay.com/logos/zellepay/2PI.png","","https://anbtx.com/zelle"
"American Partners FCU","American Partners FCU","American Partners FCU Zelle 32E A","true","true","https://apfcu.com/e-services/zelle","Active","https://enroll.zellepay.com/logos/zellepay/32E.png","","https://apfcu.com/e-services/zelle"
"American Plus Bank, N.A.","American Plus Bank, N.A.","American Plus Bank, N.A. Zelle 3L7 A","true","true","https://bankaplus.com/Zelle.aspx","Active","https://enroll.zellepay.com/logos/zellepay/3L7.png","","https://bankaplus.com/Zelle.aspx"
"American Riviera Bank","American Riviera Bank","American Riviera Bank Zelle 0S8 A","true","true","https://americanriviera.bank/product/zelle","Active","https://enroll.zellepay.com/logos/zellepay/0S8.png","","https://americanriviera.bank/product/zelle"
"American Savings Bank","American Savings Bank","American Savings Bank Zelle 2UD A","true","true","https://www.asbhawaii.com/online-banking/zelle","Active","https://enroll.zellepay.com/logos/zellepay/2UD.png","","https://www.asbhawaii.com/online-banking/zelle"
"American Southwest","American Southwest","American Southwest Zelle 0U9 A","true","true","https://ascu.org/zelle","Active","https://enroll.zellepay.com/logos/zellepay/0U9.png","","https://ascu.org/zelle"
"American State Bank","American State Bank","American State Bank Zelle JIC A","true","true","https://www.paymentsemails.com/ZelleOverview?jhid=2273&showVideo=1","Active","https://enroll.zellepay.com/logos/zellepay/JIC.png","","https://www.paymentsemails.com/ZelleOverview?jhid=2273&showVideo=1"
"American State Bank and Trust","American State Bank and Trust","American State Bank and Trust Zelle 27A A","true","true","https://asbt.bank/personal/zelle-","Active","https://enroll.zellepay.com/logos/zellepay/27A.png","","https://asbt.bank/personal/zelle-"
"American United FCU","American United FCU","American United FCU Zelle 0IP A","true","true","https://www.amucu.org/zelle","Active","https://enroll.zellepay.com/logos/zellepay/0IP.png","","https://www.amucu.org/zelle"
"Americas Christian CU","Americas Christian CU","Americas Christian CU Zelle 3R2 A","true","true","https://www.americaschristiancu.com/zelle","Active","https://enroll.zellepay.com/logos/zellepay/3R2.png","","https://www.americaschristiancu.com/zelle"
"Ameriprise Bank","Ameriprise Bank","Ameriprise Bank Zelle 0T8 A","true","true","https://ameriprise.com/zelle","Active","https://enroll.zellepay.com/logos/zellepay/0T8.png","","https://ameriprise.com/zelle"
"Ameris Bank","Ameris Bank","Ameris Bank Zelle 0GB A","true","true","https://www.amerisbank.com/zelle","Active","https://enroll.zellepay.com/logos/zellepay/0GB.png","","https://www.amerisbank.com/zelle"
"AmeriServ Financial Bank","AmeriServ Financial Bank","AmeriServ Financial Bank Zelle 0T2 A","true","true","https://www.ameriserv.com/","Active","https://enroll.zellepay.com/logos/zellepay/0T2.png","","https://www.ameriserv.com/"
"AmeriState Bank","AmeriState Bank","AmeriState Bank Zelle JMS A","true","true","https://www.ameristatebank.com/zelle","Active","https://enroll.zellepay.com/logos/zellepay/JMS.png","","https://www.ameristatebank.com/zelle"
"AMG National Trust Bank","AMG National Trust Bank","AMG National Trust Bank Zelle 0FK A","true","true","https://www.amgnational.com/zelle","Active","https://enroll.zellepay.com/logos/zellepay/0FK.png","","https://www.amgnational.com/zelle"
"Amoco Federal Credit Union","Amoco Federal Credit Union","Amoco Federal Credit Union Zelle 0H5 A","true","true","https://www.amocofcu.org/zelle","Active","https://enroll.zellepay.com/logos/zellepay/0H5.png","","https://www.amocofcu.org/zelle"
"ANB Bank","ANB Bank","ANB Bank Zelle 3K9 A","true","true","https://www.anbbank.com/zelle","Active","https://enroll.zellepay.com/logos/zellepay/3K9.png","","https://www.anbbank.com/zelle"
"Anchor Bank","Anchor Bank","Anchor Bank Zelle 0FF A","true","true","https://www.anchorbank.com/zelle","Active","https://enroll.zellepay.com/logos/zellepay/0FF.png","","https://www.anchorbank.com/zelle"
"Ancorum Credit Union","Ancorum Credit Union","Ancorum Credit Union Zelle JOU A","true","true","https://www.fivecounty.com/zelle","Active","https://enroll.zellepay.com/logos/zellepay/JOU.png","","https://www.fivecounty.com/zelle"
"Anderson County F.C.U.","Anderson County F.C.U.","Anderson County F.C.U. Zelle 3B1 A","true","true","https://www.ancfcu.com/zelle","Active","https://enroll.zellepay.com/logos/zellepay/3B1.png","","https://www.ancfcu.com/zelle"
"Andrew Johnson Bank","Andrew Johnson Bank","Andrew Johnson Bank Zelle 30P A","true","true","https://www.andrewjohnsonbank.com/Zelle","Active","https://enroll.zellepay.com/logos/zellepay/30P.png","","https://www.andrewjohnsonbank.com/Zelle"
"Andrews Federal Credit Union","Andrews Federal Credit Union","Andrews Federal Credit Union Zelle JG7 A","true","true","https://zelle.jhapaycenter.com/JG7.html","Active","https://enroll.zellepay.com/logos/zellepay/JG7.png","","https://zelle.jhapaycenter.com/JG7.html"
"ANECA FCU","ANECA FCU","ANECA FCU Zelle 0UO A","true","true","https://www.aneca.org/zelle","Active","https://enroll.zellepay.com/logos/zellepay/0UO.png","","https://www.aneca.org/zelle"
"Anstaff Bank","Anstaff Bank","Anstaff Bank Zelle 2NM A","true","true","https://www.anstaff.bank/Zelle.aspx","Active","https://enroll.zellepay.com/logos/zellepay/2NM.png","","https://www.anstaff.bank/Zelle.aspx"
"APL FCU","APL FCU","APL FCU Zelle 2AH A","true","true","https://www.aplfcu.org/Zelle.aspx","Active","https://enroll.zellepay.com/logos/zellepay/2AH.png","","https://www.aplfcu.org/Zelle.aspx"
"Apollo Trust Company","Apollo Trust Company","Apollo Trust Company Zelle 3L9 A","true","true","https://www.apollotrust.com/zelle/","Active","https://enroll.zellepay.com/logos/zellepay/3L9.png","","https://www.apollotrust.com/zelle/"
"Apple Bank","Apple Bank","Apple Bank Zelle ABS A","true","true","https://www.applebank.com/zelle","Active","https://enroll.zellepay.com/logos/zellepay/ABS.png","","https://www.applebank.com/zelle"
"Apple Creek Bank","Apple Creek Bank","Apple Creek Bank Zelle JPU A","true","true","https://applecreekbank.com/zelle/","Active","https://enroll.zellepay.com/logos/zellepay/JPU.png","","https://applecreekbank.com/zelle/"
"Apple Federal Credit Union","Apple Federal Credit Union","Apple Federal Credit Union Zelle 31H A","true","true","https://www.applefcu.org/DigitalServices/Zelle","Active","https://enroll.zellepay.com/logos/zellepay/31H.png","","https://www.applefcu.org/DigitalServices/Zelle"
"Apple River State Bank","Apple River State Bank","Apple River State Bank Zelle 3P2 A","true","true","https://www.appleriverstatebank.com/zelle.html","Active","https://enroll.zellepay.com/logos/zellepay/3P2.png","","https://www.appleriverstatebank.com/zelle.html"
"Arbor Bank","Arbor Bank","Arbor Bank Zelle 2RW A","true","true","https://www.arborbanking.com/zelle.aspx","Active","https://enroll.zellepay.com/logos/zellepay/2RW.png","","https://www.arborbanking.com/zelle.aspx"
"Arbor Financial Credit Union","Arbor Financial Credit Union","Arbor Financial Credit Union Zelle 2BS A","true","true","https://www.arborfcu.org/zelle","Active","https://enroll.zellepay.com/logos/zellepay/2BS.png","","https://www.arborfcu.org/zelle"
"Argent Credit Union","Argent Credit Union","Argent Credit Union Zelle 3A2 A","true","true","https://www.argentcu.org/zelle/","Active","https://enroll.zellepay.com/logos/zellepay/3A2.png","","https://www.argentcu.org/zelle/"
"Arizona Central Credit Union","Arizona Central Credit Union","Arizona Central Credit Union Zelle 38T A","true","true","https://www.azcentralcu.org/account-services/online-banking/zelle","Active","https://enroll.zellepay.com/logos/zellepay/38T.png","","https://www.azcentralcu.org/account-services/online-banking/zelle"
"Arizona Financial Credit Union","Arizona Financial Credit Union","Arizona Financial Credit Union Zelle AZC A","true","true","https://www.arizonafederal.org/digital-services/zelle","Active","https://enroll.zellepay.com/logos/zellepay/AZC.png","","https://www.arizonafederal.org/digital-services/zelle"
"Arkansas Federal Credit Union","Arkansas Federal Credit Union","Arkansas Federal Credit Union Zelle 2PH A","true","true","https://www.afcu.org/zelle","Active","https://enroll.zellepay.com/logos/zellepay/2PH.png","","https://www.afcu.org/zelle"
"Armed Forces Bank","Armed Forces Bank","Armed Forces Bank Zelle 2EP A","true","true","https://www.afbank.com/personal/accounts/zelle%C2%AE/send-money-zelle%C2%AE","Active","https://enroll.zellepay.com/logos/zellepay/2EP.png","","https://www.afbank.com/personal/accounts/zelle%C2%AE/send-money-zelle%C2%AE"
"Armor Bank","Armor Bank","Armor Bank Zelle 3LJ A","true","true","https://www.armor.bank/zelle","Active","https://enroll.zellepay.com/logos/zellepay/3LJ.png","","https://www.armor.bank/zelle"
"Armstrong Associates FCU","Armstrong Associates FCU","Armstrong Associates FCU Zelle 3CH A","true","true","https://aafcu4u.coop/member-service/online-bill-payment-services/zelle/","Active","https://enroll.zellepay.com/logos/zellepay/3CH.png","","https://aafcu4u.coop/member-service/online-bill-payment-services/zelle/"
"Armstrong Bank","Armstrong Bank","Armstrong Bank Zelle J2H A","true","true","https://www.armstrong.bank/personal/ebank/zelle","Active","https://enroll.zellepay.com/logos/zellepay/J2H.png","","https://www.armstrong.bank/personal/ebank/zelle"
"Arrow Bank N.A.","Arrow Bank N.A.","Arrow Bank N.A. Zelle 0EL A","true","true","https://www.arrowbank.com/personal/mobile-app/zelle","Active","https://enroll.zellepay.com/logos/zellepay/0EL.png","","https://www.arrowbank.com/personal/mobile-app/zelle"
"Arrowhead Credit Union","Arrowhead Credit Union","Arrowhead Credit Union Zelle 0OK A","true","true","https://www.arrowheadcu.org/zelle","Active","https://enroll.zellepay.com/logos/zellepay/0OK.png","","https://www.arrowheadcu.org/zelle"
"Arsenal Credit Union","Arsenal Credit Union","Arsenal Credit Union Zelle JM5 A","true","true","https://arsenalcu.com/mobile-apps/zelle/","Active","https://enroll.zellepay.com/logos/zellepay/JM5.png","","https://arsenalcu.com/mobile-apps/zelle/"
"Artesia Credit Union","Artesia Credit Union","Artesia Credit Union Zelle 3CK A","true","true","https://www.artesiacu.org/zelle/","Active","https://enroll.zellepay.com/logos/zellepay/3CK.png","","https://www.artesiacu.org/zelle/"
"Arthur State Bank","Arthur State Bank","Arthur State Bank Zelle J15 A","true","true","https://zelle.jhapaycenter.com/J15.html","Active","https://enroll.zellepay.com/logos/zellepay/J15.png","","https://zelle.jhapaycenter.com/J15.html"
"Artisans' Bank","Artisans' Bank","Artisans' Bank Zelle JP6 A","true","true","https://www.artisansbank.com/personal/bank/personal-banking-and-account-management","Active","https://enroll.zellepay.com/logos/zellepay/JP6.png","","https://www.artisansbank.com/personal/bank/personal-banking-and-account-management"
"Arvest","Arvest","Arvest Zelle ARV A","true","true","https://www.arvest.com/zelle?utm_source=zelle-enroll&utm_medium=button&utm_campaign=zelle&utm_content=cta","Active","https://enroll.zellepay.com/logos/zellepay/ARV.png","","https://www.arvest.com/zelle?utm_source=zelle-enroll&utm_medium=button&utm_campaign=zelle&utm_content=cta"
"Ascend FCU","Ascend FCU","Ascend FCU Zelle 0NQ A","true","true","https://ascend.org/banking-tools/zelle","Active","https://enroll.zellepay.com/logos/zellepay/0NQ.png","","https://ascend.org/banking-tools/zelle"
"Ascension Credit Union","Ascension Credit Union","Ascension Credit Union Zelle 2V4 A","true","true","https://ascensioncu.org/zelle","Active","https://enroll.zellepay.com/logos/zellepay/2V4.png","","https://ascensioncu.org/zelle"
"ASECU","ASECU","ASECU Zelle 2JA A","true","true","https://www.asecu.com/zelle","Active","https://enroll.zellepay.com/logos/zellepay/2JA.png","","https://www.asecu.com/zelle"
"Aspire Banking","Aspire Banking","Aspire Banking Zelle JI0 A","true","true","https://zelle.jhapaycenter.com/JI0.html","Active","https://enroll.zellepay.com/logos/zellepay/JI0.png","","https://zelle.jhapaycenter.com/JI0.html"
"Aspire Community Credit Union","Aspire Community Credit Union","Aspire Community Credit Union Zelle 29X A","true","true","https://aspire.creditunion/zelle/","Active","https://enroll.zellepay.com/logos/zellepay/29X.png","","https://aspire.creditunion/zelle/"
"Aspire Credit Union","Aspire Credit Union","Aspire Credit Union Zelle 3AQ A","true","true","https://aspirecu.vbwebservices.com/Zelle","Active","https://enroll.zellepay.com/logos/zellepay/3AQ.png","","https://aspirecu.vbwebservices.com/Zelle"
"Assemblies of God Credit Union","Assemblies of God Credit Union","Assemblies of God Credit Union Zelle JLS A","true","true","https://agcu.org/zelle","Active","https://enroll.zellepay.com/logos/zellepay/JLS.png","","https://agcu.org/zelle"
"Associated Bank N.A.","Associated Bank N.A.","Associated Bank N.A. Zelle 20Y A","true","true","https://www.associatedbank.com/personal/online-and-mobile-banking/digital-payments-and-transfers/zelle","Active","https://enroll.zellepay.com/logos/zellepay/20Y.png","","https://www.associatedbank.com/personal/online-and-mobile-banking/digital-payments-and-transfers/zelle"
"Associated Credit Union","Associated Credit Union","Associated Credit Union Zelle 2HX A","true","true","https://www.acuonline.org/home/bank/online-services/transfers/zelle","Active","https://enroll.zellepay.com/logos/zellepay/2HX.png","","https://www.acuonline.org/home/bank/online-services/transfers/zelle"
"Associated Healthcare CU","Associated Healthcare CU","Associated Healthcare CU Zelle 2ZA A","true","true","https://www.ahcu.org/manage/services/zelle.html","Active","https://enroll.zellepay.com/logos/zellepay/2ZA.png","","https://www.ahcu.org/manage/services/zelle.html"
"Astra Bank","Astra Bank","Astra Bank Zelle 2MN A","true","true","https://www.astra.bank/Zelle","Active","https://enroll.zellepay.com/logos/zellepay/2MN.png","","https://www.astra.bank/Zelle"
"Atlantic City Electric Co EFCU","Atlantic City Electric Co EFCU","Atlantic City Electric Co EFCU Zelle 2LF A","true","true","https://www.acecefcu.org/zelle","Active","https://enroll.zellepay.com/logos/zellepay/2LF.png","","https://www.acecefcu.org/zelle"
"Atlantic Union Bank","Atlantic Union Bank","Atlantic Union Bank Zelle 0DA A","true","true","https://www.atlanticunionbank.com/","Active","https://enroll.zellepay.com/logos/zellepay/0DA.png","","https://www.atlanticunionbank.com/"
"Audubon State Bank","Audubon State Bank","Audubon State Bank Zelle 32I A","true","true","https://www.audubonstatebank.com/zelle","Active","https://enroll.zellepay.com/logos/zellepay/32I.png","","https://www.audubonstatebank.com/zelle"
"AurGroupFinancial Credit Union","AurGroupFinancial Credit Union","AurGroupFinancial Credit Union Zelle 3DR A","true","true","https://www.aurgroup.org/zelle","Active","https://enroll.zellepay.com/logos/zellepay/3DR.png","","https://www.aurgroup.org/zelle"
"Aurora Federal Credit Union","Aurora Federal Credit Union","Aurora Federal Credit Union Zelle 2U4 A","true","true","https://www.auroracu.com/zelle","Active","https://enroll.zellepay.com/logos/zellepay/2U4.png","","https://www.auroracu.com/zelle"
"Auto Club Trust, FSB","Auto Club Trust, FSB","Auto Club Trust, FSB Zelle 0GH A","true","true","https://www.acg.aaa.com/banking/zelle.html","Active","https://enroll.zellepay.com/logos/zellepay/0GH.png","","https://www.acg.aaa.com/banking/zelle.html"
"Avadian Credit Union","Avadian Credit Union","Avadian Credit Union Zelle 0OY A","true","true","https://promo.avadiancu.com/zelle","Active","https://enroll.zellepay.com/logos/zellepay/0OY.png","","https://promo.avadiancu.com/zelle"
"B-M S Federal Credit Union","B-M S Federal Credit Union","B-M S Federal Credit Union Zelle 2N3 B","true","true","https://www.bmsfcu.org/Products-Services/Zelle.aspx","Active","https://enroll.zellepay.com/logos/zellepay/2N3.png","","https://www.bmsfcu.org/Products-Services/Zelle.aspx"
"BAC Community Bank","BAC Community Bank","BAC Community Bank Zelle 24G B","true","true","https://www.bankbac.com/","Active","https://enroll.zellepay.com/logos/zellepay/24G.png","","https://www.bankbac.com/"
"Badlands Federal Credit Union","Badlands Federal Credit Union","Badlands Federal Credit Union Zelle 3CQ B","true","true","https://www.badlandsfcu.org/zelle","Active","https://enroll.zellepay.com/logos/zellepay/3CQ.png","","https://www.badlandsfcu.org/zelle"
"Banc of Cal","Banc of Cal","Banc of Cal Zelle 0SC B","true","true","https://bancofcal.com/zelle","Active","https://enroll.zellepay.com/logos/zellepay/0SC.png","","https://bancofcal.com/zelle"
"Banesco USA","Banesco USA","Banesco USA Zelle 2JN B","true","true","https://www.banescousa.com/personal/products/zelle/","Active","https://enroll.zellepay.com/logos/zellepay/2JN.png","","https://www.banescousa.com/personal/products/zelle/"
"Bank 34","Bank 34","Bank 34 Zelle 0NY B","true","true","https://www.bank34.com/e-banking/zelle","Active","https://enroll.zellepay.com/logos/zellepay/0NY.png","","https://www.bank34.com/e-banking/zelle"
"Bank Central","Bank Central","Bank Central Zelle 0HD B","true","true","https://secure.centralbank.net","Active","https://enroll.zellepay.com/logos/zellepay/0HD.png","","https://secure.centralbank.net"
"Bank CMG","Bank CMG","Bank CMG Zelle 3P6 B","true","true","https://www.bankcmg.com/zelle/","Active","https://enroll.zellepay.com/logos/zellepay/3P6.png","","https://www.bankcmg.com/zelle/"
"Bank First","Bank First","Bank First Zelle 2RN B","true","true","https://bankfirstwi.bank/zelle.html","Active","https://enroll.zellepay.com/api/v1/ecm/sites/ecm/files/logos/override_uploads/2RN-zellepay.png","","https://bankfirstwi.bank/zelle.html"
"Bank Five Nine","Bank Five Nine","Bank Five Nine Zelle 29S B","true","true","https://www.bankfivenine.com/zelle","Active","https://enroll.zellepay.com/logos/zellepay/29S.png","","https://www.bankfivenine.com/zelle"
"Bank Independent","Bank Independent","Bank Independent Zelle J12 B","true","true","https://zelle.jhapaycenter.com/J12.html","Active","https://enroll.zellepay.com/logos/zellepay/J12.png","","https://zelle.jhapaycenter.com/J12.html"
"Bank Irvine","Bank Irvine","Bank Irvine Zelle JQS B","true","true","https://www.bankirvine.com/zelle/","Active","https://enroll.zellepay.com/logos/zellepay/JQS.png","","https://www.bankirvine.com/zelle/"
"Bank Michigan","Bank Michigan","Bank Michigan Zelle 0C9 B","true","true","https://www.bankmichigan.com/zelle","Active","https://enroll.zellepay.com/logos/zellepay/0C9.png","","https://www.bankmichigan.com/zelle"
"Bank Midwest","Bank Midwest","Bank Midwest Zelle 0H1 B","true","true","https://www.bankmw.com/personal-banking/digital-payments-transfers/zelle/","Active","https://enroll.zellepay.com/logos/zellepay/0H1.png","","https://www.bankmw.com/personal-banking/digital-payments-transfers/zelle/"
"Bank of 1889","Bank of 1889","Bank of 1889 Zelle 2YU B","true","true","https://www.fnbna.com/Zelle.aspx","Active","https://enroll.zellepay.com/api/v1/ecm/sites/ecm/files/logos/override_uploads/2YU-zellepay.png","","https://www.fnbna.com/Zelle.aspx"
"Bank of Abbeville & Trust Co.","Bank of Abbeville & Trust Co.","Bank of Abbeville & Trust Co. Zelle 3FF B","true","true","https://www.bankofabbeville.com/zelle/","Active","https://enroll.zellepay.com/logos/zellepay/3FF.png","","https://www.bankofabbeville.com/zelle/"
"Bank of Advance","Bank of Advance","Bank of Advance Zelle JIW B","true","true","https://www.paymentsemails.com/ZelleOverview?MyFITool&jhID=3155&showVideo=1","Active","https://enroll.zellepay.com/logos/zellepay/JIW.png","","https://www.paymentsemails.com/ZelleOverview?MyFITool&jhID=3155&showVideo=1"
"Bank of Albuquerque","Bank of Albuquerque","Bank of Albuquerque Zelle 0GU B","true","true","https://www.bankofalbuquerque.com/zelle","Active","https://enroll.zellepay.com/logos/zellepay/0GU.png","","https://www.bankofalbuquerque.com/zelle"
"Bank of America","Bank of America","Bank of America Zelle BAC B","true","true","http://www.bankofamerica.com/movemoney","Active","https://enroll.zellepay.com/logos/zellepay/boa.png","","http://www.bankofamerica.com/movemoney"
"Bank of Ann Arbor","Bank of Ann Arbor","Bank of Ann Arbor Zelle 29Q B","true","true","https://www.bankofannarbor.com/zelle.aspx","Active","https://enroll.zellepay.com/logos/zellepay/29Q.png","","https://www.bankofannarbor.com/zelle.aspx"
"Bank of Bartlett","Bank of Bartlett","Bank of Bartlett Zelle 2TN B","true","true","https://www.bankofbartlett.com/zelle","Active","https://enroll.zellepay.com/logos/zellepay/2TN.png","","https://www.bankofbartlett.com/zelle"
"Bank of Botetourt","Bank of Botetourt","Bank of Botetourt Zelle 25K B","true","true","https://www.bankofbotetourt.com/zelle.aspx","Active","https://enroll.zellepay.com/logos/zellepay/25K.png","","https://www.bankofbotetourt.com/zelle.aspx"
"Bank Of Bourbonnais","Bank Of Bourbonnais","Bank Of Bourbonnais Zelle 0HF B","true","true","https://www.bankofbourbonnais.com/zelle","Active","https://enroll.zellepay.com/logos/zellepay/0HF.png","","https://www.bankofbourbonnais.com/zelle"
"Bank of Bozeman","Bank of Bozeman","Bank of Bozeman Zelle 2TU B","true","true","https://bankofbozeman.com/zelle/","Active","https://enroll.zellepay.com/logos/zellepay/2TU.png","","https://bankofbozeman.com/zelle/"
"Bank of Bridger","Bank of Bridger","Bank of Bridger Zelle 3DN B","true","true","https://bankofbridger.com/zelle/","Active","https://enroll.zellepay.com/logos/zellepay/3DN.png","","https://bankofbridger.com/zelle/"
"Bank of Brodhead","Bank of Brodhead","Bank of Brodhead Zelle 2XA B","true","true","https://www.bankofbrodhead.com/zelle","Active","https://enroll.zellepay.com/api/v1/ecm/sites/ecm/files/logos/override_uploads/Bank%20of%20Brodhead-zellepay.png","","https://www.bankofbrodhead.com/zelle"
"Bank of Butte","Bank of Butte","Bank of Butte Zelle 3J8 B","true","true","https://bankofbridger.com/zelle","Active","https://enroll.zellepay.com/api/v1/ecm/sites/ecm/files/logos/override_uploads/3J8-zellepay.png","","https://bankofbridger.com/zelle"
"Bank of Canton","Bank of Canton","Bank of Canton Zelle 24D B","true","true","https://www.thebankofcanton.com/personal/online-services/zelle/","Active","https://enroll.zellepay.com/logos/zellepay/24D.png","","https://www.thebankofcanton.com/personal/online-services/zelle/"
"Bank of Central Florida","Bank of Central Florida","Bank of Central Florida Zelle 0A2 B","true","true","https://bankofcentralflorida.com/Personal/Zelle","Active","https://enroll.zellepay.com/logos/zellepay/0A2.png","","https://bankofcentralflorida.com/Personal/Zelle"
"Bank of Clarke","Bank of Clarke","Bank of Clarke Zelle 3DP B","true","true","https://www.bankofclarke.bank/zelle","Active","https://enroll.zellepay.com/logos/zellepay/3DP.png","","https://www.bankofclarke.bank/zelle"
"Bank of Clarkson","Bank of Clarkson","Bank of Clarkson Zelle J2W B","true","true","https://zelle.jhapaycenter.com/J2W.html","Active","https://enroll.zellepay.com/logos/zellepay/J2W.png","","https://zelle.jhapaycenter.com/J2W.html"
"Bank of Colorado","Bank of Colorado","Bank of Colorado Zelle 28S B","true","true","https://www.bankofcolorado.com/","Active","https://enroll.zellepay.com/logos/zellepay/28S.png","","https://www.bankofcolorado.com/"
"Bank of Columbia","Bank of Columbia","Bank of Columbia Zelle 2K0 B","true","true","https://bankcolumbia.com/tools-technology/zelle","Active","https://enroll.zellepay.com/logos/zellepay/2K0.png","","https://bankcolumbia.com/tools-technology/zelle"
"Bank of Commerce","Bank of Commerce","Bank of Commerce Zelle 0BL B","true","true","https://www.bankofcommerce.org/zelle","Active","https://enroll.zellepay.com/logos/zellepay/0BL.png","","https://www.bankofcommerce.org/zelle"
"Bank of Commerce (MS)","Bank of Commerce (MS)","Bank of Commerce (MS) Zelle 0IG B","true","true","https://www.bankcom.com/zelle","Active","https://enroll.zellepay.com/logos/zellepay/0IG.png","","https://www.bankcom.com/zelle"
"Bank of Deerfield","Bank of Deerfield","Bank of Deerfield Zelle 2I4 B","true","true","https://www.bankofdeerfield.bank/","Active","https://enroll.zellepay.com/logos/zellepay/2I4.png","","https://www.bankofdeerfield.bank/"
"Bank of Easton","Bank of Easton","Bank of Easton Zelle 2AA B","true","true","https://www.bankofeaston.com","Active","https://enroll.zellepay.com/logos/zellepay/2AA.png","","https://www.bankofeaston.com"
"Bank of Franklin","Bank of Franklin","Bank of Franklin Zelle JRB B","true","true","https://www.bankoffranklin.com/services/zelle","Active","https://enroll.zellepay.com/logos/zellepay/JRB.png","","https://www.bankoffranklin.com/services/zelle"
"Bank of Glasgow","Bank of Glasgow","Bank of Glasgow Zelle 3JB B","true","true","https://bankofbridger.com/zelle","Active","https://enroll.zellepay.com/api/v1/ecm/sites/ecm/files/logos/override_uploads/3JB-zellepay.png","","https://bankofbridger.com/zelle"
"Bank of Glen Burnie","Bank of Glen Burnie","Bank of Glen Burnie Zelle 2GI B","true","true","https://www.thebankofglenburnie.com/zelle","Active","https://enroll.zellepay.com/logos/zellepay/2GI.png","","https://www.thebankofglenburnie.com/zelle"
"Bank of Greybull","Bank of Greybull","Bank of Greybull Zelle 3J5 B","true","true","https://bankofbridger.com/zelle/","Active","https://enroll.zellepay.com/api/v1/ecm/sites/ecm/files/logos/override_uploads/3J5-zellepay.png","","https://bankofbridger.com/zelle/"
"Bank of Harlem","Bank of Harlem","Bank of Harlem Zelle 3J3 B","true","true","https://bankofbridger.com/zelle/","Active","https://enroll.zellepay.com/api/v1/ecm/sites/ecm/files/logos/override_uploads/3J3-zellepay.png","","https://bankofbridger.com/zelle/"
"Bank of Hawaii","Bank of Hawaii","Bank of Hawaii Zelle BOH B","true","true","https://www.boh.com/zllr/zelle","Active","https://enroll.zellepay.com/logos/zellepay/BOH.png","","https://www.boh.com/zllr/zelle"
"Bank of Hawaii Guam","Bank of Hawaii Guam","Bank of Hawaii Guam Zelle 0GJ B","true","true","https://www.boh.com/online-mobile/zelle","Active","https://enroll.zellepay.com/logos/zellepay/0GJ.png","","https://www.boh.com/online-mobile/zelle"
"BANK OF HAYS","BANK OF HAYS","BANK OF HAYS Zelle 3BX B","true","true","https://images.printable.com/nonimpositions/22712/461747/22712_461747_y53gwxwi_press.html","Active","https://enroll.zellepay.com/logos/zellepay/3BX.png","","https://images.printable.com/nonimpositions/22712/461747/22712_461747_y53gwxwi_press.html"
"Bank of Holland","Bank of Holland","Bank of Holland Zelle 25S B","true","true","https://www.bankofhollandny.com/","Active","https://enroll.zellepay.com/logos/zellepay/25S.png","","https://www.bankofhollandny.com/"
"Bank of Hope","Bank of Hope","Bank of Hope Zelle 2ID B","true","true","https://www.bankofhope.com/personal-banking/digital-banking/zelle","Active","https://enroll.zellepay.com/logos/zellepay/2ID.png","","https://www.bankofhope.com/personal-banking/digital-banking/zelle"
"Bank of Jackson Hole","Bank of Jackson Hole","Bank of Jackson Hole Zelle 0T0 B","true","true","https://bankofjacksonhole.com/personal-banking/digital-payments-transfers/zelle/","Active","https://enroll.zellepay.com/logos/zellepay/0T0.png","","https://bankofjacksonhole.com/personal-banking/digital-payments-transfers/zelle/"
"Bank of Joliet","Bank of Joliet","Bank of Joliet Zelle 3J1 B","true","true","https://bankofbridger.com/zelle/","Active","https://enroll.zellepay.com/api/v1/ecm/sites/ecm/files/logos/override_uploads/3J1-zellepay.png","","https://bankofbridger.com/zelle/"
"Bank of Kaukauna","Bank of Kaukauna","Bank of Kaukauna Zelle 2FV B","true","true","https://www.bankofkaukauna.com/zelle","Active","https://enroll.zellepay.com/logos/zellepay/2FV.png","","https://www.bankofkaukauna.com/zelle"
"Bank of Kilmichael","Bank of Kilmichael","Bank of Kilmichael Zelle 2ER B","true","true","https://www.bankofkilmichael.com/","Active","https://enroll.zellepay.com/logos/zellepay/2ER.png","","https://www.bankofkilmichael.com/"
"Bank of Lexington","Bank of Lexington","Bank of Lexington Zelle J2X B","true","true","https://zelle.jhapaycenter.com/J2X.html","Active","https://enroll.zellepay.com/logos/zellepay/J2X.png","","https://zelle.jhapaycenter.com/J2X.html"
"Bank of Lovell","Bank of Lovell","Bank of Lovell Zelle 3J6 B","true","true","https://bankofbridger.com/zelle/","Active","https://enroll.zellepay.com/api/v1/ecm/sites/ecm/files/logos/override_uploads/3J6-zellepay_0.png","","https://bankofbridger.com/zelle/"
"Bank of Magnolia Company","Bank of Magnolia Company","Bank of Magnolia Company Zelle 2DE B","true","true","https://bankofmagnolia.com/zelle/","Active","https://enroll.zellepay.com/logos/zellepay/2DE.png","","https://bankofmagnolia.com/zelle/"
"Bank of Malta","Bank of Malta","Bank of Malta Zelle 3JA B","true","true","https://bankofbridger.com/zelle/","Active","https://enroll.zellepay.com/api/v1/ecm/sites/ecm/files/logos/override_uploads/3JA-zellepay.png","","https://bankofbridger.com/zelle/"
"Bank of Marin","Bank of Marin","Bank of Marin Zelle 0IE B","true","true","https://www.bankofmarin.com/products-and-services/zelle","Active","https://enroll.zellepay.com/logos/zellepay/0IE.png","","https://www.bankofmarin.com/products-and-services/zelle"
"Bank of Millbrook","Bank of Millbrook","Bank of Millbrook Zelle JLN B","true","true","https://www.bankofmillbrook.com/?page_id=1526&preview=1&_ppp=600560fb3a","Active","https://enroll.zellepay.com/logos/zellepay/JLN.png","","https://www.bankofmillbrook.com/?page_id=1526&preview=1&_ppp=600560fb3a"
"Bank of Milton","Bank of Milton","Bank of Milton Zelle 2L6 B","true","true","https://www.bankofmilton.com/Zelle.aspx","Active","https://enroll.zellepay.com/logos/zellepay/2L6.png","","https://www.bankofmilton.com/Zelle.aspx"
"Bank of Monticello Ga","Bank of Monticello Ga","Bank of Monticello Ga Zelle 3EF B","true","true","https://www.bankofmonticelloga.com/Zelle","Active","https://enroll.zellepay.com/logos/zellepay/3EF.png","","https://www.bankofmonticelloga.com/Zelle"
"Bank of Moundville","Bank of Moundville","Bank of Moundville Zelle 3GJ B","true","true","https://images.printable.com/nonimpositions/22712/461494/22712_461494_41jflvko_press.html","Active","https://enroll.zellepay.com/logos/zellepay/3GJ.png","","https://images.printable.com/nonimpositions/22712/461494/22712_461494_41jflvko_press.html"
"Bank of Newington","Bank of Newington","Bank of Newington Zelle JQZ B","true","true","https://www.bankofnewington.com/services/zelle","Active","https://enroll.zellepay.com/logos/zellepay/JQZ.png","","https://www.bankofnewington.com/services/zelle"
"Bank of Oak Ridge","Bank of Oak Ridge","Bank of Oak Ridge Zelle 23Q B","true","true","https://www.bankofoakridge.com/zelle/","Active","https://enroll.zellepay.com/logos/zellepay/23Q.png","","https://www.bankofoakridge.com/zelle/"
"Bank of Ocean City","Bank of Ocean City","Bank of Ocean City Zelle 2MM B","true","true","https://www.bankofoceancity.com/zelle","Active","https://enroll.zellepay.com/logos/zellepay/2MM.png","","https://www.bankofoceancity.com/zelle"
"Bank of Oklahoma","Bank of Oklahoma","Bank of Oklahoma Zelle 0GR B","true","true","https://www.bankofoklahoma.com/zelle","Active","https://enroll.zellepay.com/logos/zellepay/0GR.png","","https://www.bankofoklahoma.com/zelle"
"Bank of Plentywood","Bank of Plentywood","Bank of Plentywood Zelle 3J9 B","true","true","https://bankofbridger.com/zelle/","Active","https://enroll.zellepay.com/api/v1/ecm/sites/ecm/files/logos/override_uploads/3J9-zellepay.png","","https://bankofbridger.com/zelle/"
"Bank of Pontiac","Bank of Pontiac","Bank of Pontiac Zelle JM3 B","true","true","https://www.bankofpontiac.com/personal/convenience/zelle/Action/Preview?sf-auth=0murDMMvYt2Gxr8JiAlfe49T5iKOzJHJHBtO1mwmPJAwkC7i","Active","https://enroll.zellepay.com/logos/zellepay/JM3.png","","https://www.bankofpontiac.com/personal/convenience/zelle/Action/Preview?sf-auth=0murDMMvYt2Gxr8JiAlfe49T5iKOzJHJHBtO1mwmPJAwkC7i"
"Bank of Powell","Bank of Powell","Bank of Powell Zelle 3J7 B","true","true","https://bankofbridger.com/zelle/","Active","https://enroll.zellepay.com/api/v1/ecm/sites/ecm/files/logos/override_uploads/3J7-zellepay.png","","https://bankofbridger.com/zelle/"
"Bank of Red Lodge","Bank of Red Lodge","Bank of Red Lodge Zelle 3J4 B","true","true","https://bankofbridger.com/zelle/","Active","https://enroll.zellepay.com/api/v1/ecm/sites/ecm/files/logos/override_uploads/3J4-zellepay.png","","https://bankofbridger.com/zelle/"
"Bank of San Francisco","Bank of San Francisco","Bank of San Francisco Zelle J4T B","true","true","https://zelle.jhapaycenter.com/J4T.html","Active","https://enroll.zellepay.com/logos/zellepay/J4T.png","","https://zelle.jhapaycenter.com/J4T.html"
"Bank of South Texas","Bank of South Texas","Bank of South Texas Zelle 33F B","true","true","https://www.bankofsouthtexas.com/zelle","Active","https://enroll.zellepay.com/logos/zellepay/33F.png","","https://www.bankofsouthtexas.com/zelle"
"Bank of Springfield BOS","Bank of Springfield BOS","Bank of Springfield BOS Zelle 2BD B","true","true","https://www.bankwithbos.com/zelle/","Active","https://enroll.zellepay.com/logos/zellepay/2BD.png","","https://www.bankwithbos.com/zelle/"
"Bank of St. Croix","Bank of St. Croix","Bank of St. Croix Zelle 3KJ B","true","true","https://www.bankofstcroix.com/zelle/","Active","https://enroll.zellepay.com/api/v1/ecm/sites/ecm/files/logos/override_uploads/3KJ-zellepay.png","","https://www.bankofstcroix.com/zelle/"
"Bank of Stockton","Bank of Stockton","Bank of Stockton Zelle 29N B","true","true","https://www.bankofstockton.com/zelle","Active","https://enroll.zellepay.com/logos/zellepay/29N.png","","https://www.bankofstockton.com/zelle"
"Bank of Sun Prairie","Bank of Sun Prairie","Bank of Sun Prairie Zelle 2SJ B","true","true","https://www.bankofsunprairie.com/Zelle","Active","https://enroll.zellepay.com/logos/zellepay/2SJ.png","","https://www.bankofsunprairie.com/Zelle"
"Bank of Tennessee","Bank of Tennessee","Bank of Tennessee Zelle 0IU B","true","true","https://www.bankoftennessee.com/zelle","Active","https://enroll.zellepay.com/logos/zellepay/0IU.png","","https://www.bankoftennessee.com/zelle"
"Bank of Texas","Bank of Texas","Bank of Texas Zelle 0GS B","true","true","https://www.bankoftexas.com/zelle","Active","https://enroll.zellepay.com/logos/zellepay/0GS.png","","https://www.bankoftexas.com/zelle"
"Bank of the James","Bank of the James","Bank of the James Zelle 916 B","true","true","https://www.bankofthejames.bank/?s=zelle","Active","https://enroll.zellepay.com/logos/zellepay/916.png","","https://www.bankofthejames.bank/?s=zelle"
"Bank of the Lowcountry","Bank of the Lowcountry","Bank of the Lowcountry Zelle 2X8 B","true","true","https://www.banklowcountry.com/personal-banking/zelle","Active","https://enroll.zellepay.com/logos/zellepay/2X8.png","","https://www.banklowcountry.com/personal-banking/zelle"
"Bank of the Orient","Bank of the Orient","Bank of the Orient Zelle 0UN B","true","true","https://www.bankorient.com/en-us/bank-solutions/personal-solutions/zelle","Active","https://enroll.zellepay.com/logos/zellepay/0UN.png","","https://www.bankorient.com/en-us/bank-solutions/personal-solutions/zelle"
"Bank of the Pacific","Bank of the Pacific","Bank of the Pacific Zelle 0CX B","true","true","https://www.bankofthepacific.com/online-banking/mobile-banking/zelle","Active","https://enroll.zellepay.com/logos/zellepay/0CX.png","","https://www.bankofthepacific.com/online-banking/mobile-banking/zelle"
"Bank of the Rockies","Bank of the Rockies","Bank of the Rockies Zelle 2SL B","true","true","https://botr.bank/","Active","https://enroll.zellepay.com/api/v1/ecm/sites/ecm/files/logos/override_uploads/2SL_185x185_v0.png","","https://botr.bank/"
"Bank of the Southwest","Bank of the Southwest","Bank of the Southwest Zelle 0PG B","true","true","https://www.bankofsw.com","Active","https://enroll.zellepay.com/logos/zellepay/0PG.png","","https://www.bankofsw.com"
"Bank of the West - TX","Bank of the West - TX","Bank of the West - TX Zelle 26U B","true","true","https://www.bnkwest.com/Zelle.aspx","Active","https://enroll.zellepay.com/logos/zellepay/26U.png","","https://www.bnkwest.com/Zelle.aspx"
"Bank of Thermopolis","Bank of Thermopolis","Bank of Thermopolis Zelle 3J2 B","true","true","https://bankofbridger.com/zelle/","Active","https://enroll.zellepay.com/api/v1/ecm/sites/ecm/files/logos/override_uploads/3J2-zellepay.png","","https://bankofbridger.com/zelle/"
"Bank of Travelers Rest","Bank of Travelers Rest","Bank of Travelers Rest Zelle 710 B","true","true","https://www.bankoftravelersrest.com/Zelle.aspx","Active","https://enroll.zellepay.com/logos/zellepay/710.png","","https://www.bankoftravelersrest.com/Zelle.aspx"
"Bank of Utah","Bank of Utah","Bank of Utah Zelle 28C B","true","true","https://www.bankofutah.com/personal/services-benefits/zelle","Active","https://enroll.zellepay.com/logos/zellepay/28C.png","","https://www.bankofutah.com/personal/services-benefits/zelle"
"Bank of Utica","Bank of Utica","Bank of Utica Zelle 3EV B","true","true","https://www.bankofutica.com/zelle","Active","https://enroll.zellepay.com/logos/zellepay/3EV.png","","https://www.bankofutica.com/zelle"
"Bank of Whittier","Bank of Whittier","Bank of Whittier Zelle 2YQ B","true","true","https://www.bankofwhittier.com/personal/zelle/","Active","https://enroll.zellepay.com/logos/zellepay/2YQ.png","","https://www.bankofwhittier.com/personal/zelle/"
"Bank of Winona","Bank of Winona","Bank of Winona Zelle 3AT B","true","true","https://www.bankofwinona.com/zelle/","Active","https://enroll.zellepay.com/logos/zellepay/3AT.png","","https://www.bankofwinona.com/zelle/"
"Bank of Wisconsin Dells","Bank of Wisconsin Dells","Bank of Wisconsin Dells Zelle 35B B","true","true","https://www.dellsbank.bank/zelle","Active","https://enroll.zellepay.com/logos/zellepay/35B.png","","https://www.dellsbank.bank/zelle"
"Bank on Buffalo","Bank on Buffalo","Bank on Buffalo Zelle 2JY B","true","true","https://bankonbuffalo.bank/personal-banking/convenience-services/zelle","Active","https://enroll.zellepay.com/api/v1/ecm/sites/ecm/files/logos/override_uploads/2JY-zellepay.png","","https://bankonbuffalo.bank/personal-banking/convenience-services/zelle"
"Bank OZK","Bank OZK","Bank OZK Zelle 3QT B","true","true","https://www.ozk.com/mobile-online-banking/zelle/","Active","https://enroll.zellepay.com/logos/zellepay/3QT.png","","https://www.ozk.com/mobile-online-banking/zelle/"
"Bank-Fund Staff FCU","Bank-Fund Staff FCU","Bank-Fund Staff FCU Zelle 22C B","true","true","https://bfsfcu.org/bank/online-banking/zelle.html","Active","https://enroll.zellepay.com/logos/zellepay/22C.png","","https://bfsfcu.org/bank/online-banking/zelle.html"
"Bank5 Connect","Bank5 Connect","Bank5 Connect Zelle 3F3 B","true","true","https://www.bank5connect.com/accessing-your-money/online-banking/zelle","Active","https://enroll.zellepay.com/logos/zellepay/3F3.png","","https://www.bank5connect.com/accessing-your-money/online-banking/zelle"
"Bank7","Bank7","Bank7 Zelle 20K B","true","true","https://www.bank7.com/personal/online-banking/zelle/","Active","https://enroll.zellepay.com/logos/zellepay/20K.png","","https://www.bank7.com/personal/online-banking/zelle/"
"BankChampaign","BankChampaign","BankChampaign Zelle J2Y B","true","true","https://zelle.jhapaycenter.com/J2Y.html","Active","https://enroll.zellepay.com/logos/zellepay/J2Y.png","","https://zelle.jhapaycenter.com/J2Y.html"
"BankFive","BankFive","BankFive Zelle 3F2 B","true","true","https://www.bankfive.com/personal/connect/online-banking/zelle","Active","https://enroll.zellepay.com/logos/zellepay/3F2.png","","https://www.bankfive.com/personal/connect/online-banking/zelle"
"bankHometown","bankHometown","bankHometown Zelle 22D B","true","true","https://www.bankhometown.com/zelle/","Active","https://enroll.zellepay.com/logos/zellepay/22D.png","","https://www.bankhometown.com/zelle/"
"BankMiami","BankMiami","BankMiami Zelle JQF B","true","true","https://info7657620.wixsite.com/website-1/personal-banking/zelle","Active","https://enroll.zellepay.com/logos/zellepay/JQF.png","","https://info7657620.wixsite.com/website-1/personal-banking/zelle"
"BankNewport","BankNewport","BankNewport Zelle 22K B","true","true","https://www.banknewport.com/zelle/?_ga=2.71014096.1997448879.1630507964-135448421.1624471304","Active","https://enroll.zellepay.com/logos/zellepay/22K.png","","https://www.banknewport.com/zelle/?_ga=2.71014096.1997448879.1630507964-135448421.1624471304"
"BankORION","BankORION","BankORION Zelle 31O B","true","true","https://www.bankorion.com/24-7-banking/zelle/","Active","https://enroll.zellepay.com/logos/zellepay/31O.png","","https://www.bankorion.com/24-7-banking/zelle/"
"BankPlus","BankPlus","BankPlus Zelle 2PW B","true","true","https://www.bankplus.net/personal/bank/services/online-mobile-banking/zelle","Active","https://enroll.zellepay.com/logos/zellepay/2PW.png","","https://www.bankplus.net/personal/bank/services/online-mobile-banking/zelle"
"BankSanJuans","BankSanJuans","BankSanJuans Zelle JOL B","true","true","https://www.banksanjuans.com/zelle","Active","https://enroll.zellepay.com/api/v1/ecm/sites/ecm/files/logos/override_uploads/JOL-zellepay.png","","https://www.banksanjuans.com/zelle"
"BankUnited","BankUnited","BankUnited Zelle 3L6 B","true","true","https://www.bankunited.com/zelle","Active","https://enroll.zellepay.com/logos/zellepay/3L6.png","","https://www.bankunited.com/zelle"
"BankVista","BankVista","BankVista Zelle 38P B","true","true","https://www.bankvista.com/services-tools/personal-services/zelle.html","Active","https://enroll.zellepay.com/logos/zellepay/38P.png","","https://www.bankvista.com/services-tools/personal-services/zelle.html"
"BankWest","BankWest","BankWest Zelle 0LX B","true","true","https://www.bankwest-sd.bank/zelle","Active","https://enroll.zellepay.com/logos/zellepay/0LX.png","","https://www.bankwest-sd.bank/zelle"
"Banner Bank","Banner Bank","Banner Bank Zelle J2F B","true","true","https://zelle.jhapaycenter.com/J2F.html","Active","https://enroll.zellepay.com/logos/zellepay/J2F.png","","https://zelle.jhapaycenter.com/J2F.html"
"Banner Federal Credit Union","Banner Federal Credit Union","Banner Federal Credit Union Zelle 3PN B","true","true","https://www.bannerfcu.org/savings-checking/zelle/","Active","https://enroll.zellepay.com/logos/zellepay/3PN.png","","https://www.bannerfcu.org/savings-checking/zelle/"
"Baptist Health South FL FCU","Baptist Health South FL FCU","Baptist Health South FL FCU Zelle 2DH B","true","true","https://www.bhsffcu.org/zelle","Active","https://enroll.zellepay.com/logos/zellepay/2DH.png","","https://www.bhsffcu.org/zelle"
"Bar Harbor Bank and Trust","Bar Harbor Bank and Trust","Bar Harbor Bank and Trust Zelle J2A B","true","true","https://zelle.jhapaycenter.com/J2A.html","Active","https://enroll.zellepay.com/logos/zellepay/J2A.png","","https://zelle.jhapaycenter.com/J2A.html"
"Barksdale Federal Credit Union","Barksdale Federal Credit Union","Barksdale Federal Credit Union Zelle 0FE B","true","true","https://www.bfcu.org/home/personal-banking/banking/checking/zelle","Active","https://enroll.zellepay.com/logos/zellepay/0FE.png","","https://www.bfcu.org/home/personal-banking/banking/checking/zelle"
"Barrington Bank & Trust","Barrington Bank & Trust","Barrington Bank & Trust Zelle 0AW B","true","true","https://www.wintrust.com/zelle.html","Active","https://enroll.zellepay.com/logos/zellepay/0AW.png","","https://www.wintrust.com/zelle.html"
"Bask Bank","Bask Bank","Bask Bank Zelle 3KW B","true","true","https://baskbank.com/zelle","Active","https://enroll.zellepay.com/api/v1/ecm/sites/ecm/files/logos/override_uploads/3KW-zellepay.png","","https://baskbank.com/zelle"
"Bath Savings Institution","Bath Savings Institution","Bath Savings Institution Zelle 26B B","true","true","https://www.bathsavings.bank/personal-banking/zelle","Active","https://enroll.zellepay.com/logos/zellepay/26B.png","","https://www.bathsavings.bank/personal-banking/zelle"
"Baton Rouge City Parish EFCU","Baton Rouge City Parish EFCU","Baton Rouge City Parish EFCU Zelle 3N2 B","true","true","https://www.brcpefcu.org/zelle","Active","https://enroll.zellepay.com/logos/zellepay/3N2.png","","https://www.brcpefcu.org/zelle"
"Baton Rouge Fire Dept FCU","Baton Rouge Fire Dept FCU","Baton Rouge Fire Dept FCU Zelle 3RI B","true","true","https://www.brfdfcu.com/zelle","Active","https://enroll.zellepay.com/logos/zellepay/3RI.png","","https://www.brfdfcu.com/zelle"
"Bay Atlantic FCU","Bay Atlantic FCU","Bay Atlantic FCU Zelle 3PL B","true","true","https://www.bayatlanticfcu.org/zelle","Active","https://enroll.zellepay.com/logos/zellepay/3PL.png","","https://www.bayatlanticfcu.org/zelle"
"Bay Bank","Bay Bank","Bay Bank Zelle 36W B","true","true","https://www.baybankgb.com/zelle","Active","https://enroll.zellepay.com/logos/zellepay/36W.png","","https://www.baybankgb.com/zelle"
"Bay Federal Credit Union","Bay Federal Credit Union","Bay Federal Credit Union Zelle 35W B","true","true","https://www.bayfed.com/products-services/electronic-services/zelle","Active","https://enroll.zellepay.com/logos/zellepay/35W.png","","https://www.bayfed.com/products-services/electronic-services/zelle"
"BayFirst National Bank","BayFirst National Bank","BayFirst National Bank Zelle J0L B","true","true","https://zelle.jhapaycenter.com/J0L.html","Active","https://enroll.zellepay.com/api/v1/ecm/sites/ecm/files/logos/override_uploads/BayFirstNationalBank-zellepay.png","","https://zelle.jhapaycenter.com/J0L.html"
"Baylor Health Care System CU","Baylor Health Care System CU","Baylor Health Care System CU Zelle 2Z0 B","true","true","https://bhcscu.com/zelle/","Active","https://enroll.zellepay.com/logos/zellepay/2Z0.png","","https://bhcscu.com/zelle/"
"Bayou Federal Credit Union","Bayou Federal Credit Union","Bayou Federal Credit Union Zelle 33G B","true","true","https://www.bayoufcu.org/zelle","Active","https://enroll.zellepay.com/logos/zellepay/33G.png","","https://www.bayoufcu.org/zelle"
"BayPort Credit Union","BayPort Credit Union","BayPort Credit Union Zelle 2HA B","true","true","https://www.bayportcu.org/bank/send-money-with-zelle/","Active","https://enroll.zellepay.com/logos/zellepay/2HA.png","","https://www.bayportcu.org/bank/send-money-with-zelle/"
"BayVanguard Bank","BayVanguard Bank","BayVanguard Bank Zelle JQK B","true","true","https://www.bayvanguard.com/zelle/","Active","","","https://www.bayvanguard.com/zelle/"
"BB Americas Bank","BB Americas Bank","BB Americas Bank Zelle 0EH B","true","true","https://www.bbamericas.com/zelle","Active","https://enroll.zellepay.com/logos/zellepay/0EH.png","","https://www.bbamericas.com/zelle"
"BCB Bank","BCB Bank","BCB Bank Zelle J2R B","true","true","https://www.paymentsemails.com/ZelleOverview?MyFITool&jhID=53433&showVideo=1","Active","https://enroll.zellepay.com/logos/zellepay/J2R.png","","https://www.paymentsemails.com/ZelleOverview?MyFITool&jhID=53433&showVideo=1"
"BCU","BCU","BCU Zelle J7R B","true","true","https://zelle.jhapaycenter.com/J7R.html","Active","https://enroll.zellepay.com/logos/zellepay/J7R.png","","https://zelle.jhapaycenter.com/J7R.html"
"Beach Cities Commercial Bank","Beach Cities Commercial Bank","Beach Cities Commercial Bank Zelle 3KI B","true","true","https://www.beachcitiescb.com/zelle/","Active","https://enroll.zellepay.com/logos/zellepay/3KI.png","","https://www.beachcitiescb.com/zelle/"
"Beach Municipal FCU","Beach Municipal FCU","Beach Municipal FCU Zelle 34J B","true","true","https://www.beachmunicipal.org/beyond/home-banking/zelle","Active","https://enroll.zellepay.com/logos/zellepay/34J.png","","https://www.beachmunicipal.org/beyond/home-banking/zelle"
"Beacon Bank","Beacon Bank","Beacon Bank Zelle 0UM B","true","true","https://beaconbank.com/zelle","Active","https://enroll.zellepay.com/logos/zellepay/0UM.png","","https://beaconbank.com/zelle"
"Beacon Credit Union","Beacon Credit Union","Beacon Credit Union Zelle 2OD B","true","true","https://www.beaconcu.org/online-services/zelle/","Active","https://enroll.zellepay.com/logos/zellepay/2OD.png","","https://www.beaconcu.org/online-services/zelle/"
"Beacon Financial Credit Union","Beacon Financial Credit Union","Beacon Financial Credit Union Zelle 2O3 B","true","true","https://www.beaconfcu.org/zelle","Active","https://enroll.zellepay.com/logos/zellepay/2O3.png","","https://www.beaconfcu.org/zelle"
"BECU","BECU","BECU Zelle BEC B","true","true","https://www.becu.org/landing/Zelle","Active","https://enroll.zellepay.com/logos/zellepay/BEC.png","","https://www.becu.org/landing/Zelle"
"Bedford Federal Savings Bank","Bedford Federal Savings Bank","Bedford Federal Savings Bank Zelle 37H B","true","true","https://images.printable.com/nonimpositions/22712/439889/22712_439889_lqbzjqcp_press.html","Active","https://enroll.zellepay.com/logos/zellepay/37H.png","","https://images.printable.com/nonimpositions/22712/439889/22712_439889_lqbzjqcp_press.html"
"Beehive Federal Credit Union","Beehive Federal Credit Union","Beehive Federal Credit Union Zelle 0DJ B","true","true","https://www.beehive.org/zelle","Active","https://enroll.zellepay.com/logos/zellepay/0DJ.png","","https://www.beehive.org/zelle"
"Belco Community Credit Union","Belco Community Credit Union","Belco Community Credit Union Zelle JLH B","true","true","https://belco.org/zelle/","Active","https://enroll.zellepay.com/logos/zellepay/JLH.png","","https://belco.org/zelle/"
"Bell Bank","Bell Bank","Bell Bank Zelle 2PY B","true","true","https://bell.bank/zelle","Active","https://enroll.zellepay.com/logos/zellepay/2PY.png","","https://bell.bank/zelle"
"Bellco","Bellco","Bellco Zelle 2BQ B","true","true","https://www.bellco.org/zelle","Active","https://enroll.zellepay.com/logos/zellepay/2BQ.png","","https://www.bellco.org/zelle"
"Belmont Bank & Trust","Belmont Bank & Trust","Belmont Bank & Trust Zelle 21J B","true","true","https://www.belmontbank.com/services-resources/account-services/zelle.html","Active","https://enroll.zellepay.com/logos/zellepay/21J.png","","https://www.belmontbank.com/services-resources/account-services/zelle.html"
"Belmont Savings Bank","Belmont Savings Bank","Belmont Savings Bank Zelle 32H B","true","true","https://www.belmontsavingsbank.com/zelle","Active","https://enroll.zellepay.com/logos/zellepay/32H.png","","https://www.belmontsavingsbank.com/zelle"
"Belmont Savings Bank (BSB)","Belmont Savings Bank (BSB)","Belmont Savings Bank (BSB) Zelle 2UT B","true","true","https://www.belmont-savings.com/","Active","https://enroll.zellepay.com/logos/zellepay/2UT.png","","https://www.belmont-savings.com/"
"Belt Valley Bank","Belt Valley Bank","Belt Valley Bank Zelle 2VD B","true","true","https://www.beltvalleybank.com/zelle.html","Active","https://enroll.zellepay.com/logos/zellepay/2VD.png","","https://www.beltvalleybank.com/zelle.html"
"Benchmark Bank","Benchmark Bank","Benchmark Bank Zelle 3NQ B","true","true","https://www.benchmarkbank.com/business/card-center/zelle/","Active","https://enroll.zellepay.com/logos/zellepay/3NQ.png","","https://www.benchmarkbank.com/business/card-center/zelle/"
"Benchmark Community Bank","Benchmark Community Bank","Benchmark Community Bank Zelle 0C0 B","true","true","https://bcbforlife.bank/zelle","Active","https://enroll.zellepay.com/logos/zellepay/0C0.png","","https://bcbforlife.bank/zelle"
"Beneficial State Bank","Beneficial State Bank","Beneficial State Bank Zelle 3KS B","true","true","https://www.beneficialstatebank.com/personal-banking/zelle","Active","https://enroll.zellepay.com/logos/zellepay/3KS.png","","https://www.beneficialstatebank.com/personal-banking/zelle"
"Bethlehem 1st FCU","Bethlehem 1st FCU","Bethlehem 1st FCU Zelle 3QV B","true","true","https://www.beth1st.org/zelle","Active","https://enroll.zellepay.com/logos/zellepay/3QV.png","","https://www.beth1st.org/zelle"
"Beverly Bank & Trust Company","Beverly Bank & Trust Company","Beverly Bank & Trust Company Zelle 0AX B","true","true","https://www.wintrust.com/zelle.html","Active","https://enroll.zellepay.com/logos/zellepay/0AX.png","","https://www.wintrust.com/zelle.html"
"BHM Bank","BHM Bank","BHM Bank Zelle 3PD B","true","true","https://www.bhm.bank/zelle","Active","https://enroll.zellepay.com/logos/zellepay/3PD.png","","https://www.bhm.bank/zelle"
"Big Horn Federal Savings Bank","Big Horn Federal Savings Bank","Big Horn Federal Savings Bank Zelle 3DX B","true","true","https://www.bighornfederal.com/Zelle","Active","https://enroll.zellepay.com/logos/zellepay/3DX.png","","https://www.bighornfederal.com/Zelle"
"Black Hills FCU","Black Hills FCU","Black Hills FCU Zelle J1V B","true","true","https://zelle.jhapaycenter.com/J1V.html","Active","https://enroll.zellepay.com/logos/zellepay/J1V.png","","https://zelle.jhapaycenter.com/J1V.html"
"Black River Country Bank","Black River Country Bank","Black River Country Bank Zelle 35K B","true","true","https://www.brcbank.com/your-conveniences/zelle","Active","https://enroll.zellepay.com/logos/zellepay/35K.png","","https://www.brcbank.com/your-conveniences/zelle"
"Blackhawk Community CU","Blackhawk Community CU","Blackhawk Community CU Zelle J4Z B","true","true","https://www.bhccu.org/zelle","Active","https://enroll.zellepay.com/logos/zellepay/J4Z.png","","https://www.bhccu.org/zelle"
"Blaze Credit Union","Blaze Credit Union","Blaze Credit Union Zelle 2XL B","true","true","https://blazecu.com/digital-services/zelle","Active","https://enroll.zellepay.com/logos/zellepay/2XL.png","","https://blazecu.com/digital-services/zelle"
"BLC Community Bank","BLC Community Bank","BLC Community Bank Zelle 2ZO B","true","true","https://www.blccb.com/personal/serivces/zelle/","Active","https://enroll.zellepay.com/logos/zellepay/2ZO.png","","https://www.blccb.com/personal/serivces/zelle/"
"BLUE COAST FCU","BLUE COAST FCU","BLUE COAST FCU Zelle 39Z B","true","true","https://www.mybcfcu.com/zelle/","Active","https://enroll.zellepay.com/logos/zellepay/39Z.png","","https://www.mybcfcu.com/zelle/"
"Blue Federal Credit Union","Blue Federal Credit Union","Blue Federal Credit Union Zelle 0HY B","true","true","https://www.bluefcu.com/zelle","Active","https://enroll.zellepay.com/logos/zellepay/0HY.png","","https://www.bluefcu.com/zelle"
"Blue Flame Credit Union","Blue Flame Credit Union","Blue Flame Credit Union Zelle 35L B","true","true","https://www.blueflamecu.org/zelle.html","Active","https://enroll.zellepay.com/logos/zellepay/35L.png","","https://www.blueflamecu.org/zelle.html"
"Blue Ridge Bank","Blue Ridge Bank","Blue Ridge Bank Zelle JFJ B","true","true","https://zelle.jhapaycenter.com/JFJ.html","Active","https://enroll.zellepay.com/logos/zellepay/JFJ.png","","https://zelle.jhapaycenter.com/JFJ.html"
"Bluestone Bank","Bluestone Bank","Bluestone Bank Zelle 0C1 B","true","true","https://www.bluestone.bank/home/personal/online-and-mobile/zelle","Active","https://enroll.zellepay.com/logos/zellepay/0C1.png","","https://www.bluestone.bank/home/personal/online-and-mobile/zelle"
"Bluff View Bank","Bluff View Bank","Bluff View Bank Zelle 3HY B","true","true","https://www.bluffviewbank.com/personal/e-services/zelle/","Active","https://enroll.zellepay.com/logos/zellepay/3HY.png","","https://www.bluffviewbank.com/personal/e-services/zelle/"
"BluPeak Credit Union","BluPeak Credit Union","BluPeak Credit Union Zelle 2J5 B","true","true","https://www.blupeak.com","Active","https://enroll.zellepay.com/logos/zellepay/2J5.png","","https://www.blupeak.com"
"BMO","BMO","BMO Zelle HNA B","true","true","https://www.bmo.com/en-us/main/personal/banking/zelle/","Active","https://enroll.zellepay.com/logos/zellepay/HNA.png","","https://www.bmo.com/en-us/main/personal/banking/zelle/"
"BNA Bank","BNA Bank","BNA Bank Zelle 2Y9 B","true","true","https://www.bnabank.com/zelle.aspx","Active","https://enroll.zellepay.com/logos/zellepay/2Y9.png","","https://www.bnabank.com/zelle.aspx"
"BNC National Bank","BNC National Bank","BNC National Bank Zelle JLF B","true","true","https://www.bnc.bank/send-and-receive-money-with-zelle-in-minutes","Active","https://enroll.zellepay.com/logos/zellepay/JLF.png","","https://www.bnc.bank/send-and-receive-money-with-zelle-in-minutes"
"BNY Wealth","BNY Wealth","BNY Wealth Zelle 0OZ B","true","true","https://www.bny.com/wealth/global/en/zelle.html","Active","https://enroll.zellepay.com/logos/zellepay/0OZ.png","","https://www.bny.com/wealth/global/en/zelle.html"
"Bogota Savings Bank","Bogota Savings Bank","Bogota Savings Bank Zelle 2FD B","true","true","https://www.bogotasavingsbank.com/zelle.aspx","Active","https://enroll.zellepay.com/logos/zellepay/2FD.png","","https://www.bogotasavingsbank.com/zelle.aspx"
"BOK Financial","BOK Financial","BOK Financial Zelle 0GT B","true","true","https://www.bokfinancial.com/zelle","Active","https://enroll.zellepay.com/logos/zellepay/0GT.png","","https://www.bokfinancial.com/zelle"
"BOND Community FCU","BOND Community FCU","BOND Community FCU Zelle 26W B","true","true","https://bondcu.com/zelle","Active","https://enroll.zellepay.com/logos/zellepay/26W.png","","https://bondcu.com/zelle"
"Bonduel State Bank","Bonduel State Bank","Bonduel State Bank Zelle 2AK B","true","true","https://www.bonduelbank.com/zelle/","Active","https://enroll.zellepay.com/logos/zellepay/2AK.png","","https://www.bonduelbank.com/zelle/"
"Bonvenu Bank","Bonvenu Bank","Bonvenu Bank Zelle 0HH B","true","true","https://www.bonvenubank.com/zelle/","Active","https://enroll.zellepay.com/logos/zellepay/0HH.png","","https://www.bonvenubank.com/zelle/"
"Bossier Federal Credit Union","Bossier Federal Credit Union","Bossier Federal Credit Union Zelle 3DU B","true","true","https://bossierfcu.org/zelle","Active","https://enroll.zellepay.com/logos/zellepay/3DU.png","","https://bossierfcu.org/zelle"
"Boston Firefighters CU","Boston Firefighters CU","Boston Firefighters CU Zelle 28X B","true","true","https://www.bosfirecu.com/resources/electronic-services/zelle","Active","https://enroll.zellepay.com/logos/zellepay/28X.png","","https://www.bosfirecu.com/resources/electronic-services/zelle"
"Boulder Dam Credit Union","Boulder Dam Credit Union","Boulder Dam Credit Union Zelle 2OC B","true","true","https://www.boulderdamcu.org/zelle","Active","https://enroll.zellepay.com/logos/zellepay/2OC.png","","https://www.boulderdamcu.org/zelle"
"BP Federal Credit Union","BP Federal Credit Union","BP Federal Credit Union Zelle 37Y B","true","true","https://www.bpfcu.org/zelle","Active","https://enroll.zellepay.com/logos/zellepay/37Y.png","","https://www.bpfcu.org/zelle"
"Bradesco Bank","Bradesco Bank","Bradesco Bank Zelle JNW B","true","true","https://bradescobank.com/en/zelle","Active","https://enroll.zellepay.com/logos/zellepay/JNW.png","","https://bradescobank.com/en/zelle"
"Bradford National Bank","Bradford National Bank","Bradford National Bank Zelle 2AD B","true","true","https://www.bradfordbank.com/mobile-banking/#zelle","Active","https://enroll.zellepay.com/logos/zellepay/2AD.png","","https://www.bradfordbank.com/mobile-banking/#zelle"
"Bravera Bank","Bravera Bank","Bravera Bank Zelle J48 B","true","true","https://www.paymentsemails.com/ZelleOverview?jhid=2132&showVideo=1","Active","https://enroll.zellepay.com/logos/zellepay/J48.png","","https://www.paymentsemails.com/ZelleOverview?jhid=2132&showVideo=1"
"Brazos Valley Schools CU","Brazos Valley Schools CU","Brazos Valley Schools CU Zelle 0V3 B","true","true","https://www.bvscu.org/zelle","Active","https://enroll.zellepay.com/logos/zellepay/0V3.png","","https://www.bvscu.org/zelle"
"Brenham National Bank","Brenham National Bank","Brenham National Bank Zelle J50 B","true","true","https://zelle.jhapaycenter.com/J50.html","Active","https://enroll.zellepay.com/logos/zellepay/J50.png","","https://zelle.jhapaycenter.com/J50.html"
"Brentwood Bank","Brentwood Bank","Brentwood Bank Zelle 3QA B","true","true","https://www.brentwoodbank.com/zelle","Active","https://enroll.zellepay.com/logos/zellepay/3QA.png","","https://www.brentwoodbank.com/zelle"
"Brickyard Bank","Brickyard Bank","Brickyard Bank Zelle 406 B","true","true","https://web5.secureinternetbank.com/PBI_PBI1151/login/071002422","Active","https://enroll.zellepay.com/logos/zellepay/406.png","","https://web5.secureinternetbank.com/PBI_PBI1151/login/071002422"
"Bridgewater Bank","Bridgewater Bank","Bridgewater Bank Zelle 2NU B","true","true","https://bridgewaterbankmn.com/zelle","Active","https://enroll.zellepay.com/logos/zellepay/2NU.png","","https://bridgewaterbankmn.com/zelle"
"Brighton Bank","Brighton Bank","Brighton Bank Zelle 0FB B","true","true","https://www.brightonbank.com/ebanking/zelle","Active","https://enroll.zellepay.com/logos/zellepay/0FB.png","","https://www.brightonbank.com/ebanking/zelle"
"BrightStar Credit Union","BrightStar Credit Union","BrightStar Credit Union Zelle 0VQ B","true","true","https://www.bscu.org/zelle","Active","https://enroll.zellepay.com/logos/zellepay/0VQ.png","","https://www.bscu.org/zelle"
"Bristol Morgan Bank","Bristol Morgan Bank","Bristol Morgan Bank Zelle 3FH B","true","true","https://bristolmorganbank.com/zelle","Active","https://enroll.zellepay.com/logos/zellepay/3FH.png","","https://bristolmorganbank.com/zelle"
"Broadway National Bank","Broadway National Bank","Broadway National Bank Zelle 2FL B","true","true","https://broadway.bank/zelle","Active","https://enroll.zellepay.com/logos/zellepay/2FL.png","","https://broadway.bank/zelle"
"Brockport Federal Credit Union","Brockport Federal Credit Union","Brockport Federal Credit Union Zelle 3QW B","true","true","https://www.brockportfcu.org/zelle","Active","https://enroll.zellepay.com/logos/zellepay/3QW.png","","https://www.brockportfcu.org/zelle"
"Brokaw CU","Brokaw CU","Brokaw CU Zelle 2ZP B","true","true","https://www.brokawcu.com/services/zelle","Active","https://enroll.zellepay.com/logos/zellepay/2ZP.png","","https://www.brokawcu.com/services/zelle"
"Brotherhood Credit Union","Brotherhood Credit Union","Brotherhood Credit Union Zelle 2PK B","true","true","https://brotherhoodcu.org/personal/zelle/","Active","https://enroll.zellepay.com/logos/zellepay/2PK.png","","https://brotherhoodcu.org/personal/zelle/"
"BROWARD HEALTHCARE FCU","BROWARD HEALTHCARE FCU","BROWARD HEALTHCARE FCU Zelle 37J B","true","true","https://www.bhcfcu.org/zelle/","Active","https://enroll.zellepay.com/logos/zellepay/37J.png","","https://www.bhcfcu.org/zelle/"
"Bruning Bank","Bruning Bank","Bruning Bank Zelle 2DC B","true","true","https://www.bruningbank.com/zelle","Active","https://enroll.zellepay.com/logos/zellepay/2DC.png","","https://www.bruningbank.com/zelle"
"Bryant Bank","Bryant Bank","Bryant Bank Zelle J30 B","true","true","https://zelle.jhapaycenter.com/J30.html","Active","https://enroll.zellepay.com/logos/zellepay/J30.png","","https://zelle.jhapaycenter.com/J30.html"
"Builtwell Bank","Builtwell Bank","Builtwell Bank Zelle JHK B","true","true","https://www.paymentsemails.com/ZelleOverview?jhid=4185&showVideo=1","Active","https://enroll.zellepay.com/api/v1/ecm/sites/ecm/files/logos/override_uploads/Builtwell-zellepay.png","","https://www.paymentsemails.com/ZelleOverview?jhid=4185&showVideo=1"
"Burke & Herbert Bank","Burke & Herbert Bank","Burke & Herbert Bank Zelle J24 B","true","true","https://www.burkeandherbertbank.com/zelle/","Active","https://enroll.zellepay.com/logos/zellepay/J24.png","","https://www.burkeandherbertbank.com/zelle/"
"Burling Bank","Burling Bank","Burling Bank Zelle 21E B","true","true","https://burlingbank.com/account-access-management/zelle/","Active","https://enroll.zellepay.com/logos/zellepay/21E.png","","https://burlingbank.com/account-access-management/zelle/"
"Busey Bank","Busey Bank","Busey Bank Zelle J54 B","true","true","https://zelle.jhapaycenter.com/J54.html","Active","https://enroll.zellepay.com/logos/zellepay/J54.png","","https://zelle.jhapaycenter.com/J54.html"
"Byline Bank","Byline Bank","Byline Bank Zelle 0DE B","true","true","https://www.bylinebank.com/personal/online-mobile-banking/zelle/","Active","https://enroll.zellepay.com/logos/zellepay/0DE.png","","https://www.bylinebank.com/personal/online-mobile-banking/zelle/"
"BYRON BANK","BYRON BANK","BYRON BANK Zelle 2CR B","true","true","https://byronbank.com/personal/zelle","Active","https://enroll.zellepay.com/logos/zellepay/2CR.png","","https://byronbank.com/personal/zelle"
"C&F Mobile Banking","C&F Mobile Banking","C&F Mobile Banking Zelle 20F C","true","true","https://www.cffc.com/","Active","https://enroll.zellepay.com/logos/zellepay/20F.png","","https://www.cffc.com/"
"C&N","C&N","C&N Zelle 3RW C","true","true","https://www.cnbankpa.com/Personal/Bank/Digital-Banking/Zelle","Active","https://enroll.zellepay.com/logos/zellepay/3RW.png","","https://www.cnbankpa.com/Personal/Bank/Digital-Banking/Zelle"
"C3bank","C3bank","C3bank Zelle 3A9 C","true","true","https://www.c3bank.com/Zelle.aspx","Active","https://enroll.zellepay.com/logos/zellepay/3A9.png","","https://www.c3bank.com/Zelle.aspx"
"Cabrillo Credit Union","Cabrillo Credit Union","Cabrillo Credit Union Zelle 0OL C","true","true","https://www.cabrillocu.com/zelle","Active","https://enroll.zellepay.com/logos/zellepay/0OL.png","","https://www.cabrillocu.com/zelle"
"CAHP Credit Union","CAHP Credit Union","CAHP Credit Union Zelle 3ES C","true","true","https://cahpcu.org/Zelle","Active","https://enroll.zellepay.com/logos/zellepay/3ES.png","","https://cahpcu.org/Zelle"
"Cal State LA FCU","Cal State LA FCU","Cal State LA FCU Zelle 0S5 C","true","true","https://www.calstatela-fcu.org/zelle","Active","https://enroll.zellepay.com/logos/zellepay/0S5.png","","https://www.calstatela-fcu.org/zelle"
"CalCom FCU","CalCom FCU","CalCom FCU Zelle 0SO C","true","true","https://www.calcom.org/zelle","Active","https://enroll.zellepay.com/logos/zellepay/0SO.png","","https://www.calcom.org/zelle"
"California Adventist FCU","California Adventist FCU","California Adventist FCU Zelle 2CZ C","true","true","https://www.financial-net.com/cafcu/enrollment/OlbCmdSit249?language=EN","Active","https://enroll.zellepay.com/logos/zellepay/2CZ.png","","https://www.financial-net.com/cafcu/enrollment/OlbCmdSit249?language=EN"
"California Bank & Trust","California Bank & Trust","California Bank & Trust Zelle 20U C","true","true","https://www.calbanktrust.com/personal/digital-banking/zelle","Active","https://enroll.zellepay.com/logos/zellepay/20U.png","","https://www.calbanktrust.com/personal/digital-banking/zelle"
"California Bank of Commerce","California Bank of Commerce","California Bank of Commerce Zelle 0NN C","true","true","https://www.californiabankofcommerce.com/zelle","Active","https://enroll.zellepay.com/logos/zellepay/0NN.png","","https://www.californiabankofcommerce.com/zelle"
"California Credit Union","California Credit Union","California Credit Union Zelle 2EB C","true","true","https://www.ccu.com/bank/digital-banking/send-and-receive-money-with-zelle/","Active","https://enroll.zellepay.com/logos/zellepay/2EB.png","","https://www.ccu.com/bank/digital-banking/send-and-receive-money-with-zelle/"
"Call Federal Credit Union","Call Federal Credit Union","Call Federal Credit Union Zelle 2C7 C","true","true","https://callfederal.org/zelle/","Active","https://enroll.zellepay.com/logos/zellepay/2C7.png","","https://callfederal.org/zelle/"
"Cambridge Savings Bank","Cambridge Savings Bank","Cambridge Savings Bank Zelle 36K C","true","true","https://www.cambridgesavings.com/zelle","Active","https://enroll.zellepay.com/logos/zellepay/36K.png","","https://www.cambridgesavings.com/zelle"
"Camden National Bank","Camden National Bank","Camden National Bank Zelle JG3 C","true","true","https://zelle.jhapaycenter.com/JG3.html","Active","https://enroll.zellepay.com/logos/zellepay/JG3.png","","https://zelle.jhapaycenter.com/JG3.html"
"Camino FCU","Camino FCU","Camino FCU Zelle 0PH C","true","true","https://www.caminofcu.org/zelle","Active","https://enroll.zellepay.com/logos/zellepay/0PH.png","","https://www.caminofcu.org/zelle"
"Campbell Federal Credit Union","Campbell Federal Credit Union","Campbell Federal Credit Union Zelle 2GQ C","true","true","https://www.campbellcu.org/zelle/","Active","https://enroll.zellepay.com/logos/zellepay/2GQ.png","","https://www.campbellcu.org/zelle/"
"Campus Federal Credit Union","Campus Federal Credit Union","Campus Federal Credit Union Zelle 0GV C","true","true","https://campusfederal.org/zelle","Active","https://enroll.zellepay.com/logos/zellepay/0GV.png","","https://campusfederal.org/zelle"
"CAMPUS USA Credit Union","CAMPUS USA Credit Union","CAMPUS USA Credit Union Zelle JFR C","true","true","https://zelle.jhapaycenter.com/JFR.html","Active","https://enroll.zellepay.com/logos/zellepay/JFR.png","","https://zelle.jhapaycenter.com/JFR.html"
"Canvas Credit Union","Canvas Credit Union","Canvas Credit Union Zelle 0N8 C","true","true","https://www.canvas.org/membership/account-services/online-mobile/zelle","Active","https://enroll.zellepay.com/logos/zellepay/0N8.png","","https://www.canvas.org/membership/account-services/online-mobile/zelle"
"Canyon View CU","Canyon View CU","Canyon View CU Zelle 0K0 C","true","true","https://www.canyonviewcu.com/zelle/","Active","https://enroll.zellepay.com/api/v1/ecm/sites/ecm/files/logos/override_uploads/0K0-zellepay_0.png","","https://www.canyonviewcu.com/zelle/"
"Cape & Coast Bank","Cape & Coast Bank","Cape & Coast Bank Zelle 2B7 C","true","true","https://www.capeandcoastbank.com","Active","https://enroll.zellepay.com/logos/zellepay/2B7.png","","https://www.capeandcoastbank.com"
"Cape Cod 5","Cape Cod 5","Cape Cod 5 Zelle J1Q C","true","true","https://zelle.jhapaycenter.com/J1Q.html","Active","https://enroll.zellepay.com/logos/zellepay/J1Q.png","","https://zelle.jhapaycenter.com/J1Q.html"
"CapEd Credit Union","CapEd Credit Union","CapEd Credit Union Zelle 0TO C","true","true","https://capedcu.com/zelle","Active","https://enroll.zellepay.com/logos/zellepay/0TO.png","","https://capedcu.com/zelle"
"Capital Bank","Capital Bank","Capital Bank Zelle 2DT C","true","true","https://www.capitalbanktx.com/Zelle.aspx","Active","https://enroll.zellepay.com/logos/zellepay/2DT.png","","https://www.capitalbanktx.com/Zelle.aspx"
"Capital City Bank","Capital City Bank","Capital City Bank Zelle JHP C","true","true","https://www.paymentsemails.com/ZelleOverview?jhid=5370&showVideo=1","Active","https://enroll.zellepay.com/logos/zellepay/JHP.png","","https://www.paymentsemails.com/ZelleOverview?jhid=5370&showVideo=1"
"Capital Community Bank","Capital Community Bank","Capital Community Bank Zelle 0HV C","true","true","https://ccbankutah.com/zelle","Active","https://enroll.zellepay.com/logos/zellepay/0HV.png","","https://ccbankutah.com/zelle"
"Capital Credit Union","Capital Credit Union","Capital Credit Union Zelle 27Z C","true","true","https://www.capitalcu.com/zelle","Active","https://enroll.zellepay.com/logos/zellepay/27Z.png","","https://www.capitalcu.com/zelle"
"Capital One","Capital One","Capital One Zelle COF C","true","true","https://links.capitalone.com/bank/zelle/getting-started/","Active","https://enroll.zellepay.com/logos/zellepay/COF.png","","https://links.capitalone.com/bank/zelle/getting-started/"
"Capitol Bank - WI","Capitol Bank - WI","Capitol Bank - WI Zelle 2XX C","true","true","https://www.capitolbank.com/personal-services/zelle/","Active","https://enroll.zellepay.com/logos/zellepay/2XX.png","","https://www.capitolbank.com/personal-services/zelle/"
"Capitol Federal","Capitol Federal","Capitol Federal Zelle 3EP C","true","true","https://www.capfed.com/ZELLE","Active","https://enroll.zellepay.com/logos/zellepay/3EP.png","","https://www.capfed.com/ZELLE"
"Capon Valley Bank","Capon Valley Bank","Capon Valley Bank Zelle 2CQ C","true","true","https://www.caponvalleybank.com/zelle/","Active","https://enroll.zellepay.com/logos/zellepay/2CQ.png","","https://www.caponvalleybank.com/zelle/"
"Capra Bank","Capra Bank","Capra Bank Zelle 3BM C","true","true","https://images.printable.com/nonimpositions/22712/439889/22712_439889_4mmot5vr_press.html","Active","https://enroll.zellepay.com/logos/zellepay/3BM.png","","https://images.printable.com/nonimpositions/22712/439889/22712_439889_4mmot5vr_press.html"
"Cardinal Credit Union","Cardinal Credit Union","Cardinal Credit Union Zelle 0SF C","true","true","https://www.cardinalcu.com/zelle","Active","https://enroll.zellepay.com/logos/zellepay/0SF.png","","https://www.cardinalcu.com/zelle"
"Carolina Federal Credit Union","Carolina Federal Credit Union","Carolina Federal Credit Union Zelle 2KZ C","true","true","https://www.carolinafcu.org/zelle/","Active","https://enroll.zellepay.com/logos/zellepay/2KZ.png","","https://www.carolinafcu.org/zelle/"
"Carpenters CU","Carpenters CU","Carpenters CU Zelle 3GA C","true","true","https://mycarpenterscu.org/zelle/","Active","https://enroll.zellepay.com/logos/zellepay/3GA.png","","https://mycarpenterscu.org/zelle/"
"Carrollton Bank","Carrollton Bank","Carrollton Bank Zelle 0PR C","true","true","https://www.carrolltonbanking.com/zelle","Active","https://enroll.zellepay.com/logos/zellepay/0PR.png","","https://www.carrolltonbanking.com/zelle"
"Carter Bank and Trust","Carter Bank and Trust","Carter Bank and Trust Zelle 28K C","true","true","https://www.carterbank.com/resources/access/online-and-mobile-banking/zelle","Active","https://enroll.zellepay.com/logos/zellepay/28K.png","","https://www.carterbank.com/resources/access/online-and-mobile-banking/zelle"
"Carter Federal Credit Union","Carter Federal Credit Union","Carter Federal Credit Union Zelle 0ID C","true","true","https://www.cartercu.org/services/zelle.html","Active","https://enroll.zellepay.com/logos/zellepay/0ID.png","","https://www.cartercu.org/services/zelle.html"
"Carver Federal Savings Bank","Carver Federal Savings Bank","Carver Federal Savings Bank Zelle J1F C","true","true","https://zelle.jhapaycenter.com/J1F.html","Active","https://enroll.zellepay.com/logos/zellepay/J1F.png","","https://zelle.jhapaycenter.com/J1F.html"
"Carver State Bank","Carver State Bank","Carver State Bank Zelle 3B3 C","true","true","https://www.carverstatebank.com/zelle","Active","https://enroll.zellepay.com/logos/zellepay/3B3.png","","https://www.carverstatebank.com/zelle"
"Cascade Community Credit Union","Cascade Community Credit Union","Cascade Community Credit Union Zelle JNZ C","true","true","https://www.cascadecu.org/wp-content/uploads/2025/05/Zelle.html","Active","https://enroll.zellepay.com/logos/zellepay/JNZ.png","","https://www.cascadecu.org/wp-content/uploads/2025/05/Zelle.html"
"Cascade Federal Credit Union","Cascade Federal Credit Union","Cascade Federal Credit Union Zelle JGF C","true","true","https://zelle.jhapaycenter.com/JGF.html","Active","https://enroll.zellepay.com/logos/zellepay/JGF.png","","https://zelle.jhapaycenter.com/JGF.html"
"CASE Credit Union","CASE Credit Union","CASE Credit Union Zelle 2FS C","true","true","https://www.casecu.org/Zelle","Active","https://enroll.zellepay.com/logos/zellepay/2FS.png","","https://www.casecu.org/Zelle"
"Cashmere Valley Bank","Cashmere Valley Bank","Cashmere Valley Bank Zelle J59 C","true","true","https://zelle.jhapaycenter.com/J59.html","Active","https://enroll.zellepay.com/logos/zellepay/J59.png","","https://zelle.jhapaycenter.com/J59.html"
"Castle Rock Bank MN","Castle Rock Bank MN","Castle Rock Bank MN Zelle 3EN C","true","true","https://www.castlerockbank.net/Zelle","Active","https://enroll.zellepay.com/logos/zellepay/3EN.png","","https://www.castlerockbank.net/Zelle"
"Cathay Bank","Cathay Bank","Cathay Bank Zelle 0K2 C","true","true","https://www.cathaybank.com/personal/zelle","Active","https://enroll.zellepay.com/logos/zellepay/0K2.png","","https://www.cathaybank.com/personal/zelle"
"Cattlemens Bank","Cattlemens Bank","Cattlemens Bank Zelle 2L1 C","true","true","https://www.cattlemensbank.com/zelle","Active","https://enroll.zellepay.com/logos/zellepay/2L1.png","","https://www.cattlemensbank.com/zelle"
"CB&S Bank","CB&S Bank","CB&S Bank Zelle 2DQ C","true","true","https://www.cbsbank.com/Zelle.aspx","Active","https://enroll.zellepay.com/logos/zellepay/2DQ.png","","https://www.cbsbank.com/Zelle.aspx"
"CBBC Bank","CBBC Bank","CBBC Bank Zelle JLT C","true","true","https://www.cbbcbank.com/resources/zelle","Active","https://enroll.zellepay.com/logos/zellepay/JLT.png","","https://www.cbbcbank.com/resources/zelle"
"CBC","CBC","CBC Zelle 0OF C","true","true","https://cbcal.com/zelle","Active","https://enroll.zellepay.com/logos/zellepay/0OF.png","","https://cbcal.com/zelle"
"CBI Federal Credit Union","CBI Federal Credit Union","CBI Federal Credit Union Zelle 3QP C","true","true","https://www.cbifcu.org/electronic-services/Zelle","Active","https://enroll.zellepay.com/logos/zellepay/3QP.png","","https://www.cbifcu.org/electronic-services/Zelle"
"CBTX  Zelle","CBTX  Zelle","CBTX  Zelle Zelle 2GW C","true","true","https://www.citizensbanktx.com/zelle","Active","https://enroll.zellepay.com/logos/zellepay/2GW.png","","https://www.citizensbanktx.com/zelle"
"CCB Community Bank","CCB Community Bank","CCB Community Bank Zelle 3G9 C","true","true","https://www.bankccb.com/zelle","Active","https://enroll.zellepay.com/logos/zellepay/3G9.png","","https://www.bankccb.com/zelle"
"CCB-Idaho","CCB-Idaho","CCB-Idaho Zelle JOH C","true","true","https://www.ccb-idaho.com/zelle","Active","https://enroll.zellepay.com/api/v1/ecm/sites/ecm/files/logos/override_uploads/JOH-zellepay.png","","https://www.ccb-idaho.com/zelle"
"CCCU","CCCU","CCCU Zelle J1E C","true","true","https://www.paymentsemails.com/ZelleOverview?jhid=5171&showVideo=1","Active","https://enroll.zellepay.com/logos/zellepay/J1E.png","","https://www.paymentsemails.com/ZelleOverview?jhid=5171&showVideo=1"
"CCNCU","CCNCU","CCNCU Zelle 29C C","true","true","https://www.ccncu.com/Zelle","Active","https://enroll.zellepay.com/logos/zellepay/29C.png","","https://www.ccncu.com/Zelle"
"CCSE FCU","CCSE FCU","CCSE FCU Zelle 2MP C","true","true","https://www.ccseonline.com/Zelle","Active","https://enroll.zellepay.com/logos/zellepay/2MP.png","","https://www.ccseonline.com/Zelle"
"CDC Federal Credit Union","CDC Federal Credit Union","CDC Federal Credit Union Zelle 2K2 C","true","true","https://zelle.cdcfcu.com/FAQ","Active","https://enroll.zellepay.com/logos/zellepay/2K2.png","","https://zelle.cdcfcu.com/FAQ"
"Cedar Point FCU","Cedar Point FCU","Cedar Point FCU Zelle 0S9 C","true","true","https://www.cpfcu.com/zelle","Active","https://enroll.zellepay.com/logos/zellepay/0S9.png","","https://www.cpfcu.com/zelle"
"Cedar Rapids Bank & Trust","Cedar Rapids Bank & Trust","Cedar Rapids Bank & Trust Zelle 27R C","true","true","https://www.crbt.bank/","Active","https://enroll.zellepay.com/logos/zellepay/27R.png","","https://www.crbt.bank/"
"Cendera Bank","Cendera Bank","Cendera Bank Zelle 3LE C","true","true","https://www.cenderabank.com/Zelle","Active","https://enroll.zellepay.com/logos/zellepay/3LE.png","","https://www.cenderabank.com/Zelle"
"Census Federal Credit Union","Census Federal Credit Union","Census Federal Credit Union Zelle 2NO C","true","true","https://www.censusfcu.com/Zelle/","Active","https://enroll.zellepay.com/logos/zellepay/2NO.png","","https://www.censusfcu.com/Zelle/"
"Centennial Bank","Centennial Bank","Centennial Bank Zelle 0D6 C","true","true","https://www.my100bank.com/personal-banking/zelle","Active","https://enroll.zellepay.com/logos/zellepay/0D6.png","","https://www.my100bank.com/personal-banking/zelle"
"Centennial Bank - Tennessee","Centennial Bank - Tennessee","Centennial Bank - Tennessee Zelle 2B6 C","true","true","https://www.mycentennial.bank/","Active","https://enroll.zellepay.com/logos/zellepay/2B6.png","","https://www.mycentennial.bank/"
"Center City Community CU","Center City Community CU","Center City Community CU Zelle 3HX C","true","true","https://www.ccccu.org/zelle","Active","https://enroll.zellepay.com/logos/zellepay/3HX.png","","https://www.ccccu.org/zelle"
"Center Parc Credit Union","Center Parc Credit Union","Center Parc Credit Union Zelle 2TE C","true","true","https://www.apcu.com/home/zelle","Active","https://enroll.zellepay.com/logos/zellepay/2TE.png","","https://www.apcu.com/home/zelle"
"Centex Citizens Credit Union","Centex Citizens Credit Union","Centex Citizens Credit Union Zelle 2XY C","true","true","https://www.centexcitizenscu.com/personal/zelle","Active","https://enroll.zellepay.com/logos/zellepay/2XY.png","","https://www.centexcitizenscu.com/personal/zelle"
"Centra Credit Union","Centra Credit Union","Centra Credit Union Zelle 22X C","true","true","https://www.centra.org/","Active","https://enroll.zellepay.com/logos/zellepay/22X.png","","https://www.centra.org/"
"Central Bank","Central Bank","Central Bank Zelle 0CY C","true","true","https://secure.centralbank.net/login/login/Login.jsp?zelle-login=true","Active","https://enroll.zellepay.com/logos/zellepay/0CY.png","","https://secure.centralbank.net/login/login/Login.jsp?zelle-login=true"
"Central Bank (UT)","Central Bank (UT)","Central Bank (UT) Zelle 37B C","true","true","https://cbutah.com/zelle/","Active","https://enroll.zellepay.com/logos/zellepay/37B.png","","https://cbutah.com/zelle/"
"Central Bank Houston","Central Bank Houston","Central Bank Houston Zelle 0TG C","true","true","https://www.cbhou.com/ebanking/zelle","Active","https://enroll.zellepay.com/logos/zellepay/0TG.png","","https://www.cbhou.com/ebanking/zelle"
"CENTRAL BANK IA","CENTRAL BANK IA","CENTRAL BANK IA Zelle 3KL C","true","true","https://www.mycentral.bank/personal/online-and-mobile-banking/zelle","Active","https://enroll.zellepay.com/logos/zellepay/3KL.png","","https://www.mycentral.bank/personal/online-and-mobile-banking/zelle"
"Central Bank KY","Central Bank KY","Central Bank KY Zelle 29R C","true","true","https://www.centralbank.com/zelle","Active","https://enroll.zellepay.com/logos/zellepay/29R.png","","https://www.centralbank.com/zelle"
"Central CU of Illinois","Central CU of Illinois","Central CU of Illinois Zelle 3NU C","true","true","https://www.centralcu.org/spend-save/zelle.html","Active","https://enroll.zellepay.com/logos/zellepay/3NU.png","","https://www.centralcu.org/spend-save/zelle.html"
"Central Federal Savings","Central Federal Savings","Central Federal Savings Zelle 2J3 C","true","true","https://centralfederalsavings.com/Zelle","Active","https://enroll.zellepay.com/logos/zellepay/2J3.png","","https://centralfederalsavings.com/Zelle"
"Central Keystone FCU","Central Keystone FCU","Central Keystone FCU Zelle 2MV C","true","true","https://www.ckfcu.org/zelle.php","Active","https://enroll.zellepay.com/logos/zellepay/2MV.png","","https://www.ckfcu.org/zelle.php"
"Central Pacific Bank","Central Pacific Bank","Central Pacific Bank Zelle 24I C","true","true","https://www.cpb.bank/","Active","https://enroll.zellepay.com/logos/zellepay/24I.png","","https://www.cpb.bank/"
"Central State Credit Union","Central State Credit Union","Central State Credit Union Zelle 0VR C","true","true","https://centralstatecu.org/zelle","Active","https://enroll.zellepay.com/logos/zellepay/0VR.png","","https://centralstatecu.org/zelle"
"Central Valley Firefighters CU","Central Valley Firefighters CU","Central Valley Firefighters CU Zelle 3DC C","true","true","https://cvfirecu.org/zelle-2/","Active","https://enroll.zellepay.com/logos/zellepay/3DC.png","","https://cvfirecu.org/zelle-2/"
"Central Virginia FCU","Central Virginia FCU","Central Virginia FCU Zelle 3HJ C","true","true","https://www.cvfcu.com/personal/zelle","Active","https://enroll.zellepay.com/logos/zellepay/3HJ.png","","https://www.cvfcu.com/personal/zelle"
"Centreville Bank","Centreville Bank","Centreville Bank Zelle 24S C","true","true","https://www.centrevillebank.com/Personal/Online-Mobile/Payments-Transfers/Zelle","Active","https://enroll.zellepay.com/logos/zellepay/24S.png","","https://www.centrevillebank.com/Personal/Online-Mobile/Payments-Transfers/Zelle"
"Centric Federal Credit Union","Centric Federal Credit Union","Centric Federal Credit Union Zelle JN6 C","true","true","https://www.mycentric.org/zelle","Active","https://enroll.zellepay.com/logos/zellepay/JN6.png","","https://www.mycentric.org/zelle"
"Centricity Credit Union","Centricity Credit Union","Centricity Credit Union Zelle 2LW C","true","true","https://centricity.org/zelle/","Active","https://enroll.zellepay.com/logos/zellepay/2LW.png","","https://centricity.org/zelle/"
"Century Bank (NM)","Century Bank (NM)","Century Bank (NM) Zelle JGX C","true","true","https://www.paymentsemails.com/ZelleOverview?jhid=36586&showVideo=1","Active","https://enroll.zellepay.com/logos/zellepay/JGX.png","","https://www.paymentsemails.com/ZelleOverview?jhid=36586&showVideo=1"
"Century Bank of Kentucky","Century Bank of Kentucky","Century Bank of Kentucky Zelle JQT C","true","true","https://www.centurybankky.com/zelle/","Active","https://enroll.zellepay.com/logos/zellepay/JQT.png","","https://www.centurybankky.com/zelle/"
"Century Bank of the Ozarks","Century Bank of the Ozarks","Century Bank of the Ozarks Zelle 32W C","true","true","https://www.cbozarks.com/zelle/","Active","https://enroll.zellepay.com/logos/zellepay/32W.png","","https://www.cbozarks.com/zelle/"
"Century Federal Credit Union","Century Federal Credit Union","Century Federal Credit Union Zelle JLP C","true","true","https://www.cenfedcu.org/landing/zelle","Active","https://enroll.zellepay.com/logos/zellepay/JLP.png","","https://www.cenfedcu.org/landing/zelle"
"Certified Federal Credit Union","Certified Federal Credit Union","Certified Federal Credit Union Zelle 0TX C","true","true","https://www.certifiedfed.com/zelle","Active","https://enroll.zellepay.com/logos/zellepay/0TX.png","","https://www.certifiedfed.com/zelle"
"CFBank","CFBank","CFBank Zelle 0P0 C","true","true","https://cf.bank/zelle/","Active","https://enroll.zellepay.com/logos/zellepay/0P0.png","","https://cf.bank/zelle/"
"CFG Bank","CFG Bank","CFG Bank Zelle JMY C","true","true","https://thecfgbank.com/personal-banking-solutions/online-mobile-banking/zelle","Active","https://enroll.zellepay.com/logos/zellepay/JMY.png","","https://thecfgbank.com/personal-banking-solutions/online-mobile-banking/zelle"
"cfsbank","cfsbank","cfsbank Zelle 24R C","true","true","https://cfsbank.bank/zelle/","Active","https://enroll.zellepay.com/api/v1/ecm/sites/ecm/files/logos/override_uploads/24R-zellepay.png","","https://cfsbank.bank/zelle/"
"Chaffey Federal Credit Union","Chaffey Federal Credit Union","Chaffey Federal Credit Union Zelle J5H C","true","true","https://www.paymentsemails.com/ZelleOverview?MyFITool&jhID=5143&showVideo=1","Active","https://enroll.zellepay.com/logos/zellepay/J5H.png","","https://www.paymentsemails.com/ZelleOverview?MyFITool&jhID=5143&showVideo=1"
"Chain Bridge Bank NA","Chain Bridge Bank NA","Chain Bridge Bank NA Zelle J0E C","true","true","https://zelle.jhapaycenter.com/J0E.html","Active","https://enroll.zellepay.com/logos/zellepay/J0E.png","","https://zelle.jhapaycenter.com/J0E.html"
"Champion Credit Union, Inc","Champion Credit Union, Inc","Champion Credit Union, Inc Zelle 2P8 C","true","true","https://www.championcu.org/zelle","Active","https://enroll.zellepay.com/logos/zellepay/2P8.png","","https://www.championcu.org/zelle"
"Champlain National Bank","Champlain National Bank","Champlain National Bank Zelle JJF C","true","true","https://www.champlainbank.com/zelle","Active","https://enroll.zellepay.com/logos/zellepay/JJF.png","","https://www.champlainbank.com/zelle"
"Charles Schwab Bank","Charles Schwab Bank","Charles Schwab Bank Zelle 2HY C","true","true","https://www.schwab.com/checking/Zelle","Active","https://enroll.zellepay.com/logos/zellepay/2HY.png","","https://www.schwab.com/checking/Zelle"
"Chase Bank","Chase Bank","Chase Bank Zelle CHS C","true","true","https://www.chase.com/personal/zelle/receive","Active","https://enroll.zellepay.com/logos/zellepay/CHS.png","","https://www.chase.com/personal/zelle/receive"
"Chelsea Groton Bank","Chelsea Groton Bank","Chelsea Groton Bank Zelle 3PH C","true","true","https://chelseagroton.com/zelle/","Active","https://enroll.zellepay.com/logos/zellepay/3PH.png","","https://chelseagroton.com/zelle/"
"Chelsea State Bank","Chelsea State Bank","Chelsea State Bank Zelle JMG C","true","true","https://www.chelseastate.bank/zelle.html","Active","https://enroll.zellepay.com/logos/zellepay/JMG.png","","https://www.chelseastate.bank/zelle.html"
"Chemung Canal/Capital Bank","Chemung Canal/Capital Bank","Chemung Canal/Capital Bank Zelle 28T C","true","true","https://www.chemungcanal.com/","Active","https://enroll.zellepay.com/logos/zellepay/28T.png","","https://www.chemungcanal.com/"
"Chesapeake Bank","Chesapeake Bank","Chesapeake Bank Zelle JG0 C","true","true","https://zelle.jhapaycenter.com/JG0.html","Active","https://enroll.zellepay.com/logos/zellepay/JG0.png","","https://zelle.jhapaycenter.com/JG0.html"
"Chesapeake Bank Trust","Chesapeake Bank Trust","Chesapeake Bank Trust Zelle 3GU C","true","true","https://www.chesapeaketrust.com/zelle/","Active","https://enroll.zellepay.com/logos/zellepay/3GU.png","","https://www.chesapeaketrust.com/zelle/"
"Chevron Federal Credit Union","Chevron Federal Credit Union","Chevron Federal Credit Union Zelle J31 C","true","true","https://zelle.jhapaycenter.com/J31.html","Active","https://enroll.zellepay.com/logos/zellepay/J31.png","","https://zelle.jhapaycenter.com/J31.html"
"CHHE FCU","CHHE FCU","CHHE FCU Zelle 2NI C","true","true","https://www.chhe.org/zelle/","Active","https://enroll.zellepay.com/logos/zellepay/2NI.png","","https://www.chhe.org/zelle/"
"Chino Commercial Bank","Chino Commercial Bank","Chino Commercial Bank Zelle 3DQ C","true","true","https://www.chinocommercialbank.com/zelle/","Active","https://enroll.zellepay.com/logos/zellepay/3DQ.png","","https://www.chinocommercialbank.com/zelle/"
"Chippewa Valley Bank","Chippewa Valley Bank","Chippewa Valley Bank Zelle 3B0 C","true","true","https://www.chippewavalleybank.com/zelle","Active","https://enroll.zellepay.com/logos/zellepay/3B0.png","","https://www.chippewavalleybank.com/zelle"
"Chocolate Bayou Credit Union","Chocolate Bayou Credit Union","Chocolate Bayou Credit Union Zelle 2N6 C","true","true","https://chocolatebayou.org/zelle","Active","https://enroll.zellepay.com/logos/zellepay/2N6.png","","https://chocolatebayou.org/zelle"
"Choice One Community FCU","Choice One Community FCU","Choice One Community FCU Zelle 2KQ C","true","true","https://www.choiceone.org/zelle","Active","https://enroll.zellepay.com/logos/zellepay/2KQ.png","","https://www.choiceone.org/zelle"
"ChoiceOne Bank","ChoiceOne Bank","ChoiceOne Bank Zelle J1W C","true","true","https://zelle.jhapaycenter.com/J1W.html","Active","https://enroll.zellepay.com/logos/zellepay/J1W.png","","https://zelle.jhapaycenter.com/J1W.html"
"Christian Community CU","Christian Community CU","Christian Community CU Zelle 0OA C","true","true","https://www.mycccu.com/zelle","Active","https://enroll.zellepay.com/logos/zellepay/0OA.png","","https://www.mycccu.com/zelle"
"Christian Financial CU","Christian Financial CU","Christian Financial CU Zelle 2WQ C","true","true","https://www.christianfinancialcu.com/personal/digital-services/digital-tools/zelle/","Active","https://enroll.zellepay.com/logos/zellepay/2WQ.png","","https://www.christianfinancialcu.com/personal/digital-services/digital-tools/zelle/"
"CHROME FCU","CHROME FCU","CHROME FCU Zelle J5L C","true","true","https://chromefcunew.cms.banno-staging.com/zelle","Active","https://enroll.zellepay.com/logos/zellepay/J5L.png","","https://chromefcunew.cms.banno-staging.com/zelle"
"CIBC Bank USA","CIBC Bank USA","CIBC Bank USA Zelle 0NV C","true","true","https://us.cibc.com/en/digital-banking/zelle.html","Active","https://enroll.zellepay.com/logos/zellepay/0NV.png","","https://us.cibc.com/en/digital-banking/zelle.html"
"CIBM Bank","CIBM Bank","CIBM Bank Zelle J18 C","true","true","https://www.paymentsemails.com/ZelleOverview?jhid=5341&showVideo=1","Active","https://enroll.zellepay.com/logos/zellepay/J18.png","","https://www.paymentsemails.com/ZelleOverview?jhid=5341&showVideo=1"
"Ciera Bank","Ciera Bank","Ciera Bank Zelle 2S3 C","true","true","https://www.cierabank.com/CustomContent.aspx?Name=Zelle","Active","https://enroll.zellepay.com/logos/zellepay/2S3.png","","https://www.cierabank.com/CustomContent.aspx?Name=Zelle"
"CIT Bank","CIT Bank","CIT Bank Zelle 0BQ C","true","true","https://www.cit.com/cit-bank/resources/services/zelle","Active","https://enroll.zellepay.com/logos/zellepay/0BQ.png","","https://www.cit.com/cit-bank/resources/services/zelle"
"Citi","Citi","Citi Zelle CTI C","true","true","https://www.citi.com/citi-partner/zelle/login","Active","https://enroll.zellepay.com/logos/zellepay/CTI.png","","https://www.citi.com/citi-partner/zelle/login"
"Citizens Bank (LA) – Baton Rouge/Plaquemine","Citizens Bank (LA) – Baton Rouge/Plaquemine","Citizens Bank (LA) – Baton Rouge/Plaquemine Zelle 0D4 C","true","true","https://www.citizensbankandtrust.com/online-banking/zelle","Active","https://enroll.zellepay.com/logos/zellepay/0D4.png","","https://www.citizensbankandtrust.com/online-banking/zelle"
"Citizens Bank (WI)","Citizens Bank (WI)","Citizens Bank (WI) Zelle J2K C","true","true","https://zelle.jhapaycenter.com/J2K.html","Active","https://enroll.zellepay.com/logos/zellepay/J2K.png","","https://zelle.jhapaycenter.com/J2K.html"
"Citizens Bank & Trust","Citizens Bank & Trust","Citizens Bank & Trust Zelle 2QF C","true","true","https://www.citizensbanktrust.com/zelle","Active","https://enroll.zellepay.com/logos/zellepay/2QF.png","","https://www.citizensbanktrust.com/zelle"
"Citizens Bank & Trust Co. (NE)","Citizens Bank & Trust Co. (NE)","Citizens Bank & Trust Co. (NE) Zelle 3BH C","true","true","https://www.bankwithcitizens.com/Zelle.aspx","Active","https://enroll.zellepay.com/logos/zellepay/3BH.png","","https://www.bankwithcitizens.com/Zelle.aspx"
"Citizens Bank & Trust Company","Citizens Bank & Trust Company","Citizens Bank & Trust Company Zelle 24F C","true","true","https://www.citizensbt.com/zelle.html","Active","https://enroll.zellepay.com/logos/zellepay/24F.png","","https://www.citizensbt.com/zelle.html"
"Citizens Bank and Trust (FL)","Citizens Bank and Trust (FL)","Citizens Bank and Trust (FL) Zelle JG1 C","true","true","https://zelle.jhapaycenter.com/JG1.html","Active","https://enroll.zellepay.com/logos/zellepay/JG1.png","","https://zelle.jhapaycenter.com/JG1.html"
"Citizens Bank Hutch MN","Citizens Bank Hutch MN","Citizens Bank Hutch MN Zelle 28N C","true","true","https://www.cbhutch.com/personal-banking/zelle/","Active","https://enroll.zellepay.com/logos/zellepay/28N.png","","https://www.cbhutch.com/personal-banking/zelle/"
"Citizens Bank of Americus","Citizens Bank of Americus","Citizens Bank of Americus Zelle JG2 C","true","true","https://zelle.jhapaycenter.com/JG2.html","Active","https://enroll.zellepay.com/logos/zellepay/JG2.png","","https://zelle.jhapaycenter.com/JG2.html"
"Citizens Bank of Edmond","Citizens Bank of Edmond","Citizens Bank of Edmond Zelle J0N C","true","true","https://mycitizens.bank/zelle","Active","https://enroll.zellepay.com/logos/zellepay/J0N.png","","https://mycitizens.bank/zelle"
"Citizens Bank of Morgantown","Citizens Bank of Morgantown","Citizens Bank of Morgantown Zelle 3NE C","true","true","https://citizensbankwv.com/zelle","Active","https://enroll.zellepay.com/logos/zellepay/3NE.png","","https://citizensbankwv.com/zelle"
"Citizens Bank of the South","Citizens Bank of the South","Citizens Bank of the South Zelle 0DR C","true","true","https://www.cbots.com/zelle","Active","https://enroll.zellepay.com/logos/zellepay/0DR.png","","https://www.cbots.com/zelle"
"Citizens Bank, NA","Citizens Bank, NA","Citizens Bank, NA Zelle CTZ C","true","true","https://www.citizensbank.com/mobile-and-online-banking/zelle.aspx","Active","https://enroll.zellepay.com/logos/zellepay/CTZ.png","","https://www.citizensbank.com/mobile-and-online-banking/zelle.aspx"
"Citizens Business Bank","Citizens Business Bank","Citizens Business Bank Zelle 2PB C","true","true","https://www.cbbank.com/zelle/","Active","https://enroll.zellepay.com/logos/zellepay/2PB.png","","https://www.cbbank.com/zelle/"
"Citizens Community CU","Citizens Community CU","Citizens Community CU Zelle 2PZ C","true","true","https://www.citizenscu.com/zelle/","Active","https://enroll.zellepay.com/logos/zellepay/2PZ.png","","https://www.citizenscu.com/zelle/"
"Citizens First Bank, WI","Citizens First Bank, WI","Citizens First Bank, WI Zelle 3KT C","true","true","https://www.citizensfirstbank.net/bill-pay-with-zelle/","Active","https://enroll.zellepay.com/logos/zellepay/3KT.png","","https://www.citizensfirstbank.net/bill-pay-with-zelle/"
"Citizens National Bank","Citizens National Bank","Citizens National Bank Zelle 0CE C","true","true","https://www.yourcnb.com/zelle","Active","https://enroll.zellepay.com/logos/zellepay/0CE.png","","https://www.yourcnb.com/zelle"
"Citizens National Bank TX","Citizens National Bank TX","Citizens National Bank TX Zelle 3QZ C","true","true","https://www.cnbanktexas.com/zelle","Active","https://enroll.zellepay.com/logos/zellepay/3QZ.png","","https://www.cnbanktexas.com/zelle"
"Citizens Savings Bank","Citizens Savings Bank","Citizens Savings Bank Zelle 0EY C","true","true","https://www.citizenssb.com/personal/zelle","Active","https://enroll.zellepay.com/logos/zellepay/0EY.png","","https://www.citizenssb.com/personal/zelle"
"Citizens Savings Bank PA","Citizens Savings Bank PA","Citizens Savings Bank PA Zelle 3L0 C","true","true","https://www.citizens-savings.com/bank/digital-banking-services/zelle.html","Active","https://enroll.zellepay.com/logos/zellepay/3L0.png","","https://www.citizens-savings.com/bank/digital-banking-services/zelle.html"
"Citizens State Bank","Citizens State Bank","Citizens State Bank Zelle 2VL C","true","true","https://www.micsb.com/zelle/","Active","https://enroll.zellepay.com/logos/zellepay/2VL.png","","https://www.micsb.com/zelle/"
"Citizens State Bank (IN)","Citizens State Bank (IN)","Citizens State Bank (IN) Zelle J5Z C","true","true","https://www.paymentsemails.com/ZelleOverview?jhid=2679&showVideo=1","Active","https://enroll.zellepay.com/logos/zellepay/J5Z.png","","https://www.paymentsemails.com/ZelleOverview?jhid=2679&showVideo=1"
"Citizens State Bank Cadott","Citizens State Bank Cadott","Citizens State Bank Cadott Zelle 3GV C","true","true","https://www.csbankcadott.com/zelle.phtml","Active","https://enroll.zellepay.com/logos/zellepay/3GV.png","","https://www.csbankcadott.com/zelle.phtml"
"Citizens State Bank, TX","Citizens State Bank, TX","Citizens State Bank, TX Zelle J5Y C","true","true","https://www.paymentsemails.com/ZelleOverview?jhid=1316&showVideo=1","Active","https://enroll.zellepay.com/logos/zellepay/J5Y.png","","https://www.paymentsemails.com/ZelleOverview?jhid=1316&showVideo=1"
"Citizens Tri-County Bank","Citizens Tri-County Bank","Citizens Tri-County Bank Zelle J0T C","true","true","https://www.paymentsemails.com/ZelleOverview?MyFITool&jhID=6244&showVideo=1","Active","https://enroll.zellepay.com/logos/zellepay/J0T.png","","https://www.paymentsemails.com/ZelleOverview?MyFITool&jhID=6244&showVideo=1"
"Citizens Trust Bank","Citizens Trust Bank","Citizens Trust Bank Zelle 0H7 C","true","true","https://ctbconnect.com/zelle","Active","https://enroll.zellepay.com/logos/zellepay/0H7.png","","https://ctbconnect.com/zelle"
"City Bank","City Bank","City Bank Zelle JJX C","true","true","https://www.paymentsemails.com/ZelleOverview?MyFITool&jhID=3312&showVideo=1","Active","https://enroll.zellepay.com/logos/zellepay/JJX.png","","https://www.paymentsemails.com/ZelleOverview?MyFITool&jhID=3312&showVideo=1"
"City Bank & Trust co.","City Bank & Trust co.","City Bank & Trust co. Zelle 2B5 C","true","true","https://www.citybankandtrust.com/Zelle.aspx","Active","https://enroll.zellepay.com/logos/zellepay/2B5.png","","https://www.citybankandtrust.com/Zelle.aspx"
"City Bank and Trust Company","City Bank and Trust Company","City Bank and Trust Company Zelle 0FR C","true","true","https://www.mycitybank.com/zellelanding","Active","https://enroll.zellepay.com/logos/zellepay/0FR.png","","https://www.mycitybank.com/zellelanding"
"City Credit Union","City Credit Union","City Credit Union Zelle 22M C","true","true","https://www.citycu.org/services/zelle.html","Active","https://enroll.zellepay.com/logos/zellepay/22M.png","","https://www.citycu.org/services/zelle.html"
"City Credit Union Independence","City Credit Union Independence","City Credit Union Independence Zelle 2VT C","true","true","https://city-cu.com/zelle","Active","https://enroll.zellepay.com/logos/zellepay/2VT.png","","https://city-cu.com/zelle"
"City First Bank","City First Bank","City First Bank Zelle 0UA C","true","true","https://www.cityfirstbank.com/zelle-consumer","Active","https://enroll.zellepay.com/logos/zellepay/0UA.png","","https://www.cityfirstbank.com/zelle-consumer"
"City National Bank","City National Bank","City National Bank Zelle 0A4 C","true","true","https://www.cnb.com/Zelle","Active","https://enroll.zellepay.com/logos/zellepay/0A4.png","","https://www.cnb.com/Zelle"
"City National Bank (WV)","City National Bank (WV)","City National Bank (WV) Zelle J00 C","true","true","https://zelle.jhapaycenter.com/J00.html","Active","https://enroll.zellepay.com/logos/zellepay/J00.png","","https://zelle.jhapaycenter.com/J00.html"
"City National Bank of Florida","City National Bank of Florida","City National Bank of Florida Zelle 2AQ C","true","true","https://www.citynational.com/personal-banking/zelle","Active","https://enroll.zellepay.com/logos/zellepay/2AQ.png","","https://www.citynational.com/personal-banking/zelle"
"City-County Employees C. U.","City-County Employees C. U.","City-County Employees C. U. Zelle 3AL C","true","true","https://www.ccecu.org/zelle/","Active","https://enroll.zellepay.com/logos/zellepay/3AL.png","","https://www.ccecu.org/zelle/"
"Civic Federal Credit Union","Civic Federal Credit Union","Civic Federal Credit Union Zelle 2ZQ C","true","true","https://civicfcu.org/zelle","Active","https://enroll.zellepay.com/logos/zellepay/2ZQ.png","","https://civicfcu.org/zelle"
"Civista Bank","Civista Bank","Civista Bank Zelle JPV C","true","true","https://www.civista.bank/zelle","Active","https://enroll.zellepay.com/logos/zellepay/JPV.png","","https://www.civista.bank/zelle"
"Clarion Co Comm Bank","Clarion Co Comm Bank","Clarion Co Comm Bank Zelle 2AS C","true","true","https://clarionbank.com/send-money.html","Active","https://enroll.zellepay.com/logos/zellepay/2AS.png","","https://clarionbank.com/send-money.html"
"Classic Bank","Classic Bank","Classic Bank Zelle 0BU C","true","true","https://www.classicbank.com/personal/services/zelle.html","Active","https://enroll.zellepay.com/logos/zellepay/0BU.png","","https://www.classicbank.com/personal/services/zelle.html"
"Classic City Bank","Classic City Bank","Classic City Bank Zelle 2OG C","true","true","https://www.classiccitybank.com/zelle","Active","https://enroll.zellepay.com/logos/zellepay/2OG.png","","https://www.classiccitybank.com/zelle"
"Clear Mountain Bank","Clear Mountain Bank","Clear Mountain Bank Zelle 21M C","true","true","https://www.clearmountainbank.com/zelle/","Active","https://enroll.zellepay.com/logos/zellepay/21M.png","","https://www.clearmountainbank.com/zelle/"
"Clearpath FCU","Clearpath FCU","Clearpath FCU Zelle 0SX C","true","true","https://www.clearpathfcu.org/index.html/zelle","Active","https://enroll.zellepay.com/logos/zellepay/0SX.png","","https://www.clearpathfcu.org/index.html/zelle"
"Clearview FCU","Clearview FCU","Clearview FCU Zelle 2GD C","true","true","https://www.clearviewfcu.org/","Active","https://enroll.zellepay.com/logos/zellepay/2GD.png","","https://www.clearviewfcu.org/"
"Clearwater CU","Clearwater CU","Clearwater CU Zelle 0LZ C","true","true","https://clearwatercreditunion.org/zelle","Active","https://enroll.zellepay.com/logos/zellepay/0LZ.png","","https://clearwatercreditunion.org/zelle"
"Cleveland Police Credit Union","Cleveland Police Credit Union","Cleveland Police Credit Union Zelle 2XG C","true","true","https://www.clevepolicecu.com/zelle","Active","https://enroll.zellepay.com/logos/zellepay/2XG.png","","https://www.clevepolicecu.com/zelle"
"CMCCU","CMCCU","CMCCU Zelle 2MQ C","true","true","https://www.cmccreditunion.org/zelle/","Active","https://enroll.zellepay.com/logos/zellepay/2MQ.png","","https://www.cmccreditunion.org/zelle/"
"CME Credit Union","CME Credit Union","CME Credit Union Zelle 34T C","true","true","https://cranstonmecu.org/access/zelle-p2p-2","Active","https://enroll.zellepay.com/logos/zellepay/34T.png","","https://cranstonmecu.org/access/zelle-p2p-2"
"CNB Bank (PA)","CNB Bank (PA)","CNB Bank (PA) Zelle 2HE C","true","true","https://cnbbank.bank/personal-banking/convenience-services/zelle","Active","https://enroll.zellepay.com/logos/zellepay/2HE.png","","https://cnbbank.bank/personal-banking/convenience-services/zelle"
"CNB Bank NM","CNB Bank NM","CNB Bank NM Zelle JQQ C","true","true","https://www.ourcnb.bank/personal-overview/zelle/","Active","https://enroll.zellepay.com/logos/zellepay/JQQ.png","","https://www.ourcnb.bank/personal-overview/zelle/"
"CNB Bank, Inc","CNB Bank, Inc","CNB Bank, Inc Zelle 0PX C","true","true","https://www.cnb.bank/digital/zelle","Active","https://enroll.zellepay.com/logos/zellepay/0PX.png","","https://www.cnb.bank/digital/zelle"
"CNB of Texas","CNB of Texas","CNB of Texas Zelle 0EC C","true","true","https://www.cnboftexas.com/zelle","Active","https://enroll.zellepay.com/logos/zellepay/0EC.png","","https://www.cnboftexas.com/zelle"
"CNB Somerset","CNB Somerset","CNB Somerset Zelle JHO C","true","true","https://www.paymentsemails.com/ZelleOverview?jhid=2520&showVideo=1","Active","https://enroll.zellepay.com/logos/zellepay/JHO.png","","https://www.paymentsemails.com/ZelleOverview?jhid=2520&showVideo=1"
"CNBOhio","CNBOhio","CNBOhio Zelle 2F8 C","true","true","https://www.cnbohio.com/personal/services/zelle/","Active","https://enroll.zellepay.com/logos/zellepay/2F8.png","","https://www.cnbohio.com/personal/services/zelle/"
"Coastal Carolina National Bank","Coastal Carolina National Bank","Coastal Carolina National Bank Zelle 39A C","true","true","https://www.myccnb.com/zelle","Active","https://enroll.zellepay.com/logos/zellepay/39A.png","","https://www.myccnb.com/zelle"
"Coastal Community Bank","Coastal Community Bank","Coastal Community Bank Zelle 0EO C","true","true","https://www.coastalbank.com/zelle","Active","https://enroll.zellepay.com/logos/zellepay/0EO.png","","https://www.coastalbank.com/zelle"
"Coastal Federal Credit Union","Coastal Federal Credit Union","Coastal Federal Credit Union Zelle JPO C","true","true","https://www.coastal24.com/zelle","Active","https://enroll.zellepay.com/logos/zellepay/JPO.png","","https://www.coastal24.com/zelle"
"Coastal Heritage Bank","Coastal Heritage Bank","Coastal Heritage Bank Zelle 2LB C","true","true","https://coastalheritagebank.com/zelle/","Active","https://enroll.zellepay.com/logos/zellepay/2LB.png","","https://coastalheritagebank.com/zelle/"
"Coastal States Bank","Coastal States Bank","Coastal States Bank Zelle 2NZ C","true","true","https://coastalstatesbank-new-uat.banno.com/Zelle","Active","https://enroll.zellepay.com/logos/zellepay/2NZ.png","","https://coastalstatesbank-new-uat.banno.com/Zelle"
"Coastal1 Credit Union","Coastal1 Credit Union","Coastal1 Credit Union Zelle 32N C","true","true","https://www.coastal1.org/ZELLE","Active","https://enroll.zellepay.com/logos/zellepay/32N.png","","https://www.coastal1.org/ZELLE"
"CoastLife Credit Union","CoastLife Credit Union","CoastLife Credit Union Zelle 3A4 C","true","true","https://www.coastlifecu.com/home/eservices/zelle","Active","https://enroll.zellepay.com/logos/zellepay/3A4.png","","https://www.coastlifecu.com/home/eservices/zelle"
"Coconino Federal CU","Coconino Federal CU","Coconino Federal CU Zelle 29B C","true","true","https://www.netbranch.app.fiserv.com/coconinofederalcu","Active","https://enroll.zellepay.com/logos/zellepay/29B.png","","https://www.netbranch.app.fiserv.com/coconinofederalcu"
"CODE CU","CODE CU","CODE CU Zelle J68 C","true","true","https://www.codecu.org/services/eservices/zelle-payments/","Active","https://enroll.zellepay.com/logos/zellepay/J68.png","","https://www.codecu.org/services/eservices/zelle-payments/"
"Coffee County Bank","Coffee County Bank","Coffee County Bank Zelle 2JQ C","true","true","https://www.coffee.bank","Active","https://enroll.zellepay.com/logos/zellepay/2JQ.png","","https://www.coffee.bank"
"Cogent Bank","Cogent Bank","Cogent Bank Zelle 0GK C","true","true","https://www.cogentbank.net/personal/zelle","Active","https://enroll.zellepay.com/logos/zellepay/0GK.png","","https://www.cogentbank.net/personal/zelle"
"Colfax Banking Company","Colfax Banking Company","Colfax Banking Company Zelle 31R C","true","true","https://www.colfaxbanking.com/zelle/","Active","https://enroll.zellepay.com/logos/zellepay/31R.png","","https://www.colfaxbanking.com/zelle/"
"Collegedale Credit Union","Collegedale Credit Union","Collegedale Credit Union Zelle 35E C","true","true","https://www.collegedale.org/zelle.htm","Active","https://enroll.zellepay.com/logos/zellepay/35E.png","","https://www.collegedale.org/zelle.htm"
"Collegiate Peaks Bank","Collegiate Peaks Bank","Collegiate Peaks Bank Zelle JOM C","true","true","https://www.collegiatepeaksbank.com/zelle","Active","https://enroll.zellepay.com/api/v1/ecm/sites/ecm/files/logos/override_uploads/JOM-zellepay.png","","https://www.collegiatepeaksbank.com/zelle"
"Collins Community Credit Union","Collins Community Credit Union","Collins Community Credit Union Zelle 2KN C","true","true","https://www.collinscu.org/zelle","Active","https://enroll.zellepay.com/logos/zellepay/2KN.png","","https://www.collinscu.org/zelle"
"Collins State Bank","Collins State Bank","Collins State Bank Zelle 0AD C","true","true","https://www.collinsstatebank.com/other-services/zelle","Active","https://enroll.zellepay.com/logos/zellepay/0AD.png","","https://www.collinsstatebank.com/other-services/zelle"
"Colony Bank","Colony Bank","Colony Bank Zelle 2J4 C","true","true","https://colony.bank/zelle","Active","https://enroll.zellepay.com/logos/zellepay/2J4.png","","https://colony.bank/zelle"
"Colorado Credit Union","Colorado Credit Union","Colorado Credit Union Zelle J69 C","true","true","https://www.paymentsemails.com/ZelleOverview?jhid=42811&showVideo=1","Active","https://enroll.zellepay.com/logos/zellepay/J69.png","","https://www.paymentsemails.com/ZelleOverview?jhid=42811&showVideo=1"
"Columbia Bank (OR)","Columbia Bank (OR)","Columbia Bank (OR) Zelle 0BN C","true","true","https://columbiabank.com/zelle","Active","https://enroll.zellepay.com/logos/zellepay/0BN.png","","https://columbiabank.com/zelle"
"Columbia State Bank","Columbia State Bank","Columbia State Bank Zelle 25H C","true","true","https://www.columbiabank.com/personal-banking/digital-banking/zelle","Active","https://enroll.zellepay.com/logos/zellepay/25H.png","","https://www.columbiabank.com/personal-banking/digital-banking/zelle"
"COLUMBUS BANK & TRUST","COLUMBUS BANK & TRUST","COLUMBUS BANK & TRUST Zelle 2AF C","true","true","https://www.colbank.com/Zelle.aspx","Active","https://enroll.zellepay.com/logos/zellepay/2AF.png","","https://www.colbank.com/Zelle.aspx"
"Comerica Bank","Comerica Bank","Comerica Bank Zelle CMB C","true","true","https://www.comerica.com/resources/personal-finance/zelle.html","Active","https://enroll.zellepay.com/api/v1/ecm/sites/ecm/files/logos/override_uploads/CMB-zellepay_0.png","","https://www.comerica.com/resources/personal-finance/zelle.html"
"Commerce Bank (MO)","Commerce Bank (MO)","Commerce Bank (MO) Zelle 3BR C","true","true","https://www.commercebank.com/zelle","Active","https://enroll.zellepay.com/logos/zellepay/3BR.png","","https://www.commercebank.com/zelle"
"Commercial Bank (TN)","Commercial Bank (TN)","Commercial Bank (TN) Zelle JKR C","true","true","https://www.paymentsemails.com/ZelleOverview?MyFITool&jhID=5328&showVideo=1","Active","https://enroll.zellepay.com/logos/zellepay/JKR.png","","https://www.paymentsemails.com/ZelleOverview?MyFITool&jhID=5328&showVideo=1"
"Commercial Bank and Trust PA","Commercial Bank and Trust PA","Commercial Bank and Trust PA Zelle 3BT C","true","true","https://www.cnbthebankonline.com/home/home","Active","https://enroll.zellepay.com/logos/zellepay/3BT.png","","https://www.cnbthebankonline.com/home/home"
"Commercial Bank KS","Commercial Bank KS","Commercial Bank KS Zelle J6D C","true","true","https://www.paymentsemails.com/ZelleOverview?MyFITool&jhID=3834&showVideo=1","Active","https://enroll.zellepay.com/logos/zellepay/J6D.png","","https://www.paymentsemails.com/ZelleOverview?MyFITool&jhID=3834&showVideo=1"
"Commercial Bank of Texas","Commercial Bank of Texas","Commercial Bank of Texas Zelle 32P C","true","true","https://www.cbtx.com/zelle/","Active","https://enroll.zellepay.com/logos/zellepay/32P.png","","https://www.cbtx.com/zelle/"
"Commercial National Bank","Commercial National Bank","Commercial National Bank Zelle J6E C","true","true","https://click.onlinebillpay-email.com/?qs=b43b0332c6809f2ad33e861f15c20a9c9686c774f63fb9c92b422ce42c7fad22ff1c03f3a86714ca538542","Active","https://enroll.zellepay.com/logos/zellepay/J6E.png","","https://click.onlinebillpay-email.com/?qs=b43b0332c6809f2ad33e861f15c20a9c9686c774f63fb9c92b422ce42c7fad22ff1c03f3a86714ca538542"
"Commonwealth Business Bank","Commonwealth Business Bank","Commonwealth Business Bank Zelle 0NU C","true","true","https://www.cbb-bank.com/en/personal/digitalbanking/zelle","Active","https://enroll.zellepay.com/logos/zellepay/0NU.png","","https://www.cbb-bank.com/en/personal/digitalbanking/zelle"
"Commonwealth Credit Union","Commonwealth Credit Union","Commonwealth Credit Union Zelle 0JP C","true","true","https://ccuky.org/zelle","Active","https://enroll.zellepay.com/logos/zellepay/0JP.png","","https://ccuky.org/zelle"
"Communication Federal CU","Communication Federal CU","Communication Federal CU Zelle 25E C","true","true","https://www.comfedcu.org/zelle","Active","https://enroll.zellepay.com/logos/zellepay/25E.png","","https://www.comfedcu.org/zelle"
"Community America CU","Community America CU","Community America CU Zelle 3RV C","true","true","https://www.communityamerica.com/personal/bank/banking-with-us/digital-payments/zelle","Active","https://enroll.zellepay.com/logos/zellepay/3RV.png","","https://www.communityamerica.com/personal/bank/banking-with-us/digital-payments/zelle"
"Community B&T-West Georgia","Community B&T-West Georgia","Community B&T-West Georgia Zelle JLC C","true","true","https://cloud.paymentsemails.com/ZelleOverview?MyFITool&jhID=2549&showVideo=1","Active","https://enroll.zellepay.com/logos/zellepay/JLC.png","","https://cloud.paymentsemails.com/ZelleOverview?MyFITool&jhID=2549&showVideo=1"
"Community Bank and Trust","Community Bank and Trust","Community Bank and Trust Zelle 27S C","true","true","https://www.communitybt.bank/","Active","https://enroll.zellepay.com/logos/zellepay/27S.png","","https://www.communitybt.bank/"
"Community Bank and Trust (MO)","Community Bank and Trust (MO)","Community Bank and Trust (MO) Zelle 2F6 C","true","true","https://www.cbthomebank.com/Zelle.aspx","Active","https://enroll.zellepay.com/logos/zellepay/2F6.png","","https://www.cbthomebank.com/Zelle.aspx"
"Community Bank Carmichaels PA","Community Bank Carmichaels PA","Community Bank Carmichaels PA Zelle 2O1 C","true","true","https://www.communitybank.tv/zelle-Info.htm","Active","https://enroll.zellepay.com/logos/zellepay/2O1.png","","https://www.communitybank.tv/zelle-Info.htm"
"COMMUNITY BANK MANKATO","COMMUNITY BANK MANKATO","COMMUNITY BANK MANKATO Zelle 30N C","true","true","https://www.cbfg.net/zelle.aspx","Active","https://enroll.zellepay.com/logos/zellepay/30N.png","","https://www.cbfg.net/zelle.aspx"
"Community Bank N.A.","Community Bank N.A.","Community Bank N.A. Zelle J6H C","true","true","https://cbna.com/zelle","Active","https://enroll.zellepay.com/logos/zellepay/J6H.png","","https://cbna.com/zelle"
"Community Bank of Cameron WI","Community Bank of Cameron WI","Community Bank of Cameron WI Zelle 2WH C","true","true","https://communitybankwi.com/zelle","Active","https://enroll.zellepay.com/logos/zellepay/2WH.png","","https://communitybankwi.com/zelle"
"Community Bank of Elmhurst","Community Bank of Elmhurst","Community Bank of Elmhurst Zelle 0P1 C","true","true","https://www.communityelmhurst.com/products-services/zelle","Active","https://enroll.zellepay.com/logos/zellepay/0P1.png","","https://www.communityelmhurst.com/products-services/zelle"
"Community Bank of Mississippi","Community Bank of Mississippi","Community Bank of Mississippi Zelle JFP C","true","true","https://www.paymentsemails.com/ZelleOverview?jhid=2961&showVideo=1","Active","https://enroll.zellepay.com/logos/zellepay/JFP.png","","https://www.paymentsemails.com/ZelleOverview?jhid=2961&showVideo=1"
"Community Bank of Missouri","Community Bank of Missouri","Community Bank of Missouri Zelle 0K7 C","true","true","https://www.communitybankmissouri.com/zelle","Active","https://enroll.zellepay.com/logos/zellepay/0K7.png","","https://www.communitybankmissouri.com/zelle"
"Community Bank of Pickens Co","Community Bank of Pickens Co","Community Bank of Pickens Co Zelle 2BF C","true","true","https://www.cbopc.com/zelle/","Active","https://enroll.zellepay.com/logos/zellepay/2BF.png","","https://www.cbopc.com/zelle/"
"Community Bank of the Bay","Community Bank of the Bay","Community Bank of the Bay Zelle 2FW C","true","true","https://www.bankcbb.com/zelle/","Active","https://enroll.zellepay.com/logos/zellepay/2FW.png","","https://www.bankcbb.com/zelle/"
"Community Banks of Colorado","Community Banks of Colorado","Community Banks of Colorado Zelle 0H2 C","true","true","https://www.cobnks.com/personal-banking/digital-payments-transfers/zelle/","Active","https://enroll.zellepay.com/logos/zellepay/0H2.png","","https://www.cobnks.com/personal-banking/digital-payments-transfers/zelle/"
"Community Credit Union","Community Credit Union","Community Credit Union Zelle 3CM C","true","true","https://myccu.org/zelle/","Active","https://enroll.zellepay.com/logos/zellepay/3CM.png","","https://myccu.org/zelle/"
"Community Credit Union of FL","Community Credit Union of FL","Community Credit Union of FL Zelle 3A6 C","true","true","https://www.ccuflorida.org/zelle","Active","https://enroll.zellepay.com/logos/zellepay/3A6.png","","https://www.ccuflorida.org/zelle"
"Community Federal Savings Bank","Community Federal Savings Bank","Community Federal Savings Bank Zelle 31W C","true","true","https://www.cfsb.com/Zelle","Active","https://enroll.zellepay.com/logos/zellepay/31W.png","","https://www.cfsb.com/Zelle"
"Community Financial Services Bank","Community Financial Services Bank","Community Financial Services Bank Zelle JFK C","true","true","https://www.paymentsemails.com/ZelleOverview?jhid=3068&showVideo=1","Active","https://enroll.zellepay.com/api/v1/ecm/sites/ecm/files/logos/override_uploads/cfsb-zellepay.png","","https://www.paymentsemails.com/ZelleOverview?jhid=3068&showVideo=1"
"Community First Bank","Community First Bank","Community First Bank Zelle 0K8 C","true","true","https://www.cfirstbank.com/zelle","Active","https://enroll.zellepay.com/logos/zellepay/0K8.png","","https://www.cfirstbank.com/zelle"
"Community First Credit Union","Community First Credit Union","Community First Credit Union Zelle 2HZ C","true","true","https://images.printable.com/nonimpositions/22712/421595/22712_421595_ae41mio2_press.html","Active","https://enroll.zellepay.com/logos/zellepay/2HZ.png","","https://images.printable.com/nonimpositions/22712/421595/22712_421595_ae41mio2_press.html"
"Community First CU of FL","Community First CU of FL","Community First CU of FL Zelle JGJ C","true","true","https://www.paymentsemails.com/ZelleOverview?jhid=5160&showVideo=1","Active","https://enroll.zellepay.com/logos/zellepay/JGJ.png","","https://www.paymentsemails.com/ZelleOverview?jhid=5160&showVideo=1"
"Community First National Bank","Community First National Bank","Community First National Bank Zelle 21N C","true","true","https://www.cfnb.bank/zelle.cfm","Active","https://enroll.zellepay.com/logos/zellepay/21N.png","","https://www.cfnb.bank/zelle.cfm"
"Community Focus FCU","Community Focus FCU","Community Focus FCU Zelle 2VG C","true","true","https://www.communityfocusfcu.org/home","Active","https://enroll.zellepay.com/logos/zellepay/2VG.png","","https://www.communityfocusfcu.org/home"
"COMMUNITY NATIONAL BANK","COMMUNITY NATIONAL BANK","COMMUNITY NATIONAL BANK Zelle 2B9 C","true","true","https://www.communitynationalbank.net/","Active","https://enroll.zellepay.com/logos/zellepay/2B9.png","","https://www.communitynationalbank.net/"
"Community National Bank Texas","Community National Bank Texas","Community National Bank Texas Zelle 33M C","true","true","https://www.cnbtx.bank/zelle","Active","https://enroll.zellepay.com/logos/zellepay/33M.png","","https://www.cnbtx.bank/zelle"
"Community Natl Bk & Trust TX","Community Natl Bk & Trust TX","Community Natl Bk & Trust TX Zelle 3K4 C","true","true","https://www.mybanktx.com/zelle","Active","https://enroll.zellepay.com/logos/zellepay/3K4.png","","https://www.mybanktx.com/zelle"
"Community Resource Bank","Community Resource Bank","Community Resource Bank Zelle 3FG C","true","true","https://www.crb.bank/zelle/","Active","https://enroll.zellepay.com/logos/zellepay/3FG.png","","https://www.crb.bank/zelle/"
"Community Resource CU","Community Resource CU","Community Resource CU Zelle 2IV C","true","true","https://www.crcu.org/zelle","Active","https://enroll.zellepay.com/logos/zellepay/2IV.png","","https://www.crcu.org/zelle"
"Community Savings Bank Chicago","Community Savings Bank Chicago","Community Savings Bank Chicago Zelle 2F0 C","true","true","https://www.communitysavingsbank.bank/zelle","Active","https://enroll.zellepay.com/logos/zellepay/2F0.png","","https://www.communitysavingsbank.bank/zelle"
"Community Service Credit Union","Community Service Credit Union","Community Service Credit Union Zelle 2IP C","true","true","https://www.cscutx.com/Zelle","Active","https://enroll.zellepay.com/logos/zellepay/2IP.png","","https://www.cscutx.com/Zelle"
"Community South Credit Union","Community South Credit Union","Community South Credit Union Zelle 3GN C","true","true","https://zelle.communitysouth.net/faq","Active","https://enroll.zellepay.com/logos/zellepay/3GN.png","","https://zelle.communitysouth.net/faq"
"Community State Bank","Community State Bank","Community State Bank Zelle 27W C","true","true","https://www.bankcsb.com/","Active","https://enroll.zellepay.com/logos/zellepay/27W.png","","https://www.bankcsb.com/"
"Community State Bank - WI","Community State Bank - WI","Community State Bank - WI Zelle 33H C","true","true","https://csb.bank/zelle","Active","https://enroll.zellepay.com/logos/zellepay/33H.png","","https://csb.bank/zelle"
"COMMUNITY STATE BANK OF RF","COMMUNITY STATE BANK OF RF","COMMUNITY STATE BANK OF RF Zelle 3HH C","true","true","https://www.commstbk.com/zelle","Active","https://enroll.zellepay.com/logos/zellepay/3HH.png","","https://www.commstbk.com/zelle"
"Community State Bank-PA","Community State Bank-PA","Community State Bank-PA Zelle 3HS C","true","true","https://communitystate.bank/personal-services/services/zelle","Active","https://enroll.zellepay.com/logos/zellepay/3HS.png","","https://communitystate.bank/personal-services/services/zelle"
"Community State Bank,Avilla IN","Community State Bank,Avilla IN","Community State Bank,Avilla IN Zelle 3C5 C","true","true","https://csbbankonline.bank/Zelle","Active","https://enroll.zellepay.com/logos/zellepay/3C5.png","","https://csbbankonline.bank/Zelle"
"Community Trust Bank Inc.","Community Trust Bank Inc.","Community Trust Bank Inc. Zelle 0OV C","true","true","https://www.ctbi.com/banking/personal-banking/online-services/zelle-pay","Active","https://enroll.zellepay.com/logos/zellepay/0OV.png","","https://www.ctbi.com/banking/personal-banking/online-services/zelle-pay"
"Community West Bank","Community West Bank","Community West Bank Zelle 2GT C","true","true","https://www.cvcb.com/zelle","Active","https://enroll.zellepay.com/logos/zellepay/2GT.png","","https://www.cvcb.com/zelle"
"CommunityAmerica Credit Union","CommunityAmerica Credit Union","CommunityAmerica Credit Union Zelle 2PX C","true","true","https://www.communityamerica.com/personal/bank/banking-with-us/digital-payments/zelle","Active","https://enroll.zellepay.com/logos/zellepay/2PX.png","","https://www.communityamerica.com/personal/bank/banking-with-us/digital-payments/zelle"
"Compass Financial FCU","Compass Financial FCU","Compass Financial FCU Zelle 2DN C","true","true","https://www.compassffcu.org/Services/Zelle.aspx","Active","https://enroll.zellepay.com/logos/zellepay/2DN.png","","https://www.compassffcu.org/Services/Zelle.aspx"
"Congressional Federal CU","Congressional Federal CU","Congressional Federal CU Zelle 2RS C","true","true","https://www.congressionalfcu.org/zelle","Active","https://enroll.zellepay.com/logos/zellepay/2RS.png","","https://www.congressionalfcu.org/zelle"
"Connect Credit Union","Connect Credit Union","Connect Credit Union Zelle 0P8 C","true","true","https://www.connectcu.org/zelle","Active","https://enroll.zellepay.com/logos/zellepay/0P8.png","","https://www.connectcu.org/zelle"
"Connecticut Community Bank","Connecticut Community Bank","Connecticut Community Bank Zelle 2BC C","true","true","https://www.ccbankonline.com/zelle-landing.html","Active","https://enroll.zellepay.com/logos/zellepay/2BC.png","","https://www.ccbankonline.com/zelle-landing.html"
"Connecticut State Employees CU","Connecticut State Employees CU","Connecticut State Employees CU Zelle 2C2 C","true","true","https://www.csecreditunion.com/Services/Electronic/Zelle/Zelle.html","Active","https://enroll.zellepay.com/logos/zellepay/2C2.png","","https://www.csecreditunion.com/Services/Electronic/Zelle/Zelle.html"
"Connection Bank","Connection Bank","Connection Bank Zelle 38Z C","true","true","https://www.myconnectionbank.com/personal/zelle","Active","https://enroll.zellepay.com/logos/zellepay/38Z.png","","https://www.myconnectionbank.com/personal/zelle"
"ConnectOne Bank","ConnectOne Bank","ConnectOne Bank Zelle COB C","true","true","https://www.connectonebank.com/Zelle","Active","https://enroll.zellepay.com/logos/zellepay/COB.png","","https://www.connectonebank.com/Zelle"
"Connex Credit Union","Connex Credit Union","Connex Credit Union Zelle 35U C","true","true","https://www.connexcu.org/home/services/electronic-services/zelle","Active","https://enroll.zellepay.com/logos/zellepay/35U.png","","https://www.connexcu.org/home/services/electronic-services/zelle"
"Conservation Employees CU","Conservation Employees CU","Conservation Employees CU Zelle JL7 C","true","true","https://www.cecuonline.org/Services/Zelle","Active","https://enroll.zellepay.com/logos/zellepay/JL7.png","","https://www.cecuonline.org/Services/Zelle"
"CONSUMER CREDIT UNION (TN)","CONSUMER CREDIT UNION (TN)","CONSUMER CREDIT UNION (TN) Zelle 2UF C","true","true","https://consumercreditunion.com/zelle.html","Active","https://enroll.zellepay.com/logos/zellepay/2UF.png","","https://consumercreditunion.com/zelle.html"
"Consumers CU (Illinois)","Consumers CU (Illinois)","Consumers CU (Illinois) Zelle 2JM C","true","true","https://www.myconsumers.org/zelle","Active","https://enroll.zellepay.com/logos/zellepay/2JM.png","","https://www.myconsumers.org/zelle"
"Consumers National Bank","Consumers National Bank","Consumers National Bank Zelle JPF C","true","true","https://www.consumers.bank/Zelle","Active","https://enroll.zellepay.com/logos/zellepay/JPF.png","","https://www.consumers.bank/Zelle"
"Coosa Pines FCU","Coosa Pines FCU","Coosa Pines FCU Zelle 2LJ C","true","true","https://www.coosapinesfcu.org/resources/zelle","Active","https://enroll.zellepay.com/logos/zellepay/2LJ.png","","https://www.coosapinesfcu.org/resources/zelle"
"Coosa Valley Credit Union","Coosa Valley Credit Union","Coosa Valley Credit Union Zelle J33 C","true","true","https://www.paymentsemails.com/ZelleOverview?jhid=5079&showVideo=1","Active","https://enroll.zellepay.com/logos/zellepay/J33.png","","https://www.paymentsemails.com/ZelleOverview?jhid=5079&showVideo=1"
"Copper Basin FCU","Copper Basin FCU","Copper Basin FCU Zelle 2KK C","true","true","https://www.cbfcreditunion.com/zelle/","Active","https://enroll.zellepay.com/logos/zellepay/2KK.png","","https://www.cbfcreditunion.com/zelle/"
"Copper State Credit Union","Copper State Credit Union","Copper State Credit Union Zelle JMI C","true","true","https://www.copperstatecu.org/zelle","Active","https://enroll.zellepay.com/logos/zellepay/JMI.png","","https://www.copperstatecu.org/zelle"
"Corazo Credit Union","Corazo Credit Union","Corazo Credit Union Zelle JLO C","true","true","https://www.ficu.com/services/zelle","Active","https://enroll.zellepay.com/logos/zellepay/JLO.png","","https://www.ficu.com/services/zelle"
"Core Bank","Core Bank","Core Bank Zelle 0BE C","true","true","https://cibng.ibanking-services.com/EamWeb/Account/Login.aspx?orgId=279_104001808&FIFID=104001808&brand=279_104001808&appId=CeB&FIORG=279","Active","https://enroll.zellepay.com/logos/zellepay/0BE.png","","https://cibng.ibanking-services.com/EamWeb/Account/Login.aspx?orgId=279_104001808&FIFID=104001808&brand=279_104001808&appId=CeB&FIORG=279"
"CorePlus Federal Credit Union","CorePlus Federal Credit Union","CorePlus Federal Credit Union Zelle 2FB C","true","true","https://www.coreplus.org","Active","https://enroll.zellepay.com/logos/zellepay/2FB.png","","https://www.coreplus.org"
"Corn City State Bank","Corn City State Bank","Corn City State Bank Zelle 2DD C","true","true","https://www.corncitystatebank.com/services/Zelle%20Landing%20PAge.html","Active","https://enroll.zellepay.com/logos/zellepay/2DD.png","","https://www.corncitystatebank.com/services/Zelle%20Landing%20PAge.html"
"CornerStone Bank","CornerStone Bank","CornerStone Bank Zelle 2J2 C","true","true","https://www.cornerstonebankva.com","Active","https://enroll.zellepay.com/logos/zellepay/2J2.png","","https://www.cornerstonebankva.com"
"Cornerstone Bank (KS)","Cornerstone Bank (KS)","Cornerstone Bank (KS) Zelle 3N7 C","true","true","https://www.cornerstonebk.com/zelle","Active","https://enroll.zellepay.com/logos/zellepay/3N7.png","","https://www.cornerstonebk.com/zelle"
"Cornerstone Bank (NE)","Cornerstone Bank (NE)","Cornerstone Bank (NE) Zelle 733 C","true","true","https://www.cornerstoneconnect.com/","Active","https://enroll.zellepay.com/logos/zellepay/733.png","","https://www.cornerstoneconnect.com/"
"Cornerstone Community Finan CU","Cornerstone Community Finan CU","Cornerstone Community Finan CU Zelle J6S C","true","true","https://www.paymentsemails.com/ZelleOverview?jhid=5039&showVideo=1","Active","https://enroll.zellepay.com/logos/zellepay/J6S.png","","https://www.paymentsemails.com/ZelleOverview?jhid=5039&showVideo=1"
"Cornerstone CU","Cornerstone CU","Cornerstone CU Zelle 3NO C","true","true","https://cornerstonecu.org/zelle","Active","https://enroll.zellepay.com/logos/zellepay/3NO.png","","https://cornerstonecu.org/zelle"
"CorTrust Bank","CorTrust Bank","CorTrust Bank Zelle 2PA C","true","true","https://www.cortrustbank.com/personal/on-the-go/zelle","Active","https://enroll.zellepay.com/logos/zellepay/2PA.png","","https://www.cortrustbank.com/personal/on-the-go/zelle"
"Cosden Federal Credit Union","Cosden Federal Credit Union","Cosden Federal Credit Union Zelle 3HF C","true","true","https://www.cosden.org/zelle","Active","https://enroll.zellepay.com/logos/zellepay/3HF.png","","https://www.cosden.org/zelle"
"Cotton Belt FCU","Cotton Belt FCU","Cotton Belt FCU Zelle 2V0 C","true","true","https://www.cottonbeltfcu.com/zelle/","Active","https://enroll.zellepay.com/logos/zellepay/2V0.png","","https://www.cottonbeltfcu.com/zelle/"
"Country Club Bank, div of FNBO","Country Club Bank, div of FNBO","Country Club Bank, div of FNBO Zelle 0J2 C","true","true","https://www.ccbfinancial.com/countryclubbank/","Active","https://enroll.zellepay.com/logos/zellepay/0J2.png","","https://www.ccbfinancial.com/countryclubbank/"
"CPM Federal Credit Union","CPM Federal Credit Union","CPM Federal Credit Union Zelle 0HZ C","true","true","https://www.cpmfed.com/sendzelle/","Active","https://enroll.zellepay.com/logos/zellepay/0HZ.png","","https://www.cpmfed.com/sendzelle/"
"Cranberry Federal Credit Union","Cranberry Federal Credit Union","Cranberry Federal Credit Union Zelle 3AU C","true","true","https://images.printable.com/nonimpositions/22712/461494/22712_461494_qiwjhdrq_press.html","Active","https://enroll.zellepay.com/logos/zellepay/3AU.png","","https://images.printable.com/nonimpositions/22712/461494/22712_461494_qiwjhdrq_press.html"
"Crane Credit Union","Crane Credit Union","Crane Credit Union Zelle J1X C","true","true","https://zelle.jhapaycenter.com/J1X.html","Active","https://enroll.zellepay.com/logos/zellepay/J1X.png","","https://zelle.jhapaycenter.com/J1X.html"
"Crawford County Bank","Crawford County Bank","Crawford County Bank Zelle 3H7 C","true","true","https://www.banking.crawfordcountybank.com/consumerweb/default/secure/payments/zelle","Active","https://enroll.zellepay.com/logos/zellepay/3H7.png","","https://www.banking.crawfordcountybank.com/consumerweb/default/secure/payments/zelle"
"Create Credit Union","Create Credit Union","Create Credit Union Zelle 0HP C","true","true","https://createcu.org/zelle/","Active","https://enroll.zellepay.com/logos/zellepay/0HP.png","","https://createcu.org/zelle/"
"Credit Union 1","Credit Union 1","Credit Union 1 Zelle 30L C","true","true","https://www.creditunion1.org/Zelle","Active","https://enroll.zellepay.com/logos/zellepay/30L.png","","https://www.creditunion1.org/Zelle"
"Credit Union of Atlanta","Credit Union of Atlanta","Credit Union of Atlanta Zelle JRE C","true","true","https://www.cuatlanta.org/lp/zelle.html","Active","https://enroll.zellepay.com/logos/zellepay/JRE.png","","https://www.cuatlanta.org/lp/zelle.html"
"Credit Union of Colorado","Credit Union of Colorado","Credit Union of Colorado Zelle 2OL C","true","true","https://www.cuofco.org/zelle","Active","https://enroll.zellepay.com/logos/zellepay/2OL.png","","https://www.cuofco.org/zelle"
"Credit Union of Denver","Credit Union of Denver","Credit Union of Denver Zelle 0IS C","true","true","https://www.cudenver.com/zelle","Active","https://enroll.zellepay.com/logos/zellepay/0IS.png","","https://www.cudenver.com/zelle"
"Credit Union of Emporia","Credit Union of Emporia","Credit Union of Emporia Zelle 3M1 C","true","true","https://www.cuofe.org/zelle","Active","https://enroll.zellepay.com/logos/zellepay/3M1.png","","https://www.cuofe.org/zelle"
"Credit Union of Georgia","Credit Union of Georgia","Credit Union of Georgia Zelle 3NG C","true","true","https://cuofga.org/zelle","Active","https://enroll.zellepay.com/logos/zellepay/3NG.png","","https://cuofga.org/zelle"
"Credit Union of New Jersey","Credit Union of New Jersey","Credit Union of New Jersey Zelle 37G C","true","true","https://www.cunj.com/zelle","Active","https://enroll.zellepay.com/logos/zellepay/37G.png","","https://www.cunj.com/zelle"
"Credit Union of Ohio","Credit Union of Ohio","Credit Union of Ohio Zelle 0VS C","true","true","https://www.cuofohio.org/zelle","Active","https://enroll.zellepay.com/logos/zellepay/0VS.png","","https://www.cuofohio.org/zelle"
"Credit Union Of Southern CA","Credit Union Of Southern CA","Credit Union Of Southern CA Zelle 0GN C","true","true","https://www.cusocal.org/zelle","Active","https://enroll.zellepay.com/logos/zellepay/0GN.png","","https://www.cusocal.org/zelle"
"Credit Union of Texas","Credit Union of Texas","Credit Union of Texas Zelle JGW C","true","true","https://zelle.jhapaycenter.com/JGW.html","Active","https://enroll.zellepay.com/logos/zellepay/JGW.png","","https://zelle.jhapaycenter.com/JGW.html"
"Credit Union ONE","Credit Union ONE","Credit Union ONE Zelle 0GI C","true","true","https://www.cuone.org/zelle","Active","https://enroll.zellepay.com/logos/zellepay/0GI.png","","https://www.cuone.org/zelle"
"Crest Savings Bank","Crest Savings Bank","Crest Savings Bank Zelle 24V C","true","true","https://www.crestsavings.bank/Zelle.aspx","Active","https://enroll.zellepay.com/logos/zellepay/24V.png","","https://www.crestsavings.bank/Zelle.aspx"
"Crews Bank & Trust","Crews Bank & Trust","Crews Bank & Trust Zelle JHR C","true","true","https://www.crews.bank/zelle","Active","https://enroll.zellepay.com/logos/zellepay/JHR.png","","https://www.crews.bank/zelle"
"Croghan Colonial Bank","Croghan Colonial Bank","Croghan Colonial Bank Zelle 23U C","true","true","https://croghan.bank/personal/digital-services/zelle","Active","https://enroll.zellepay.com/logos/zellepay/23U.png","","https://croghan.bank/personal/digital-services/zelle"
"Cross County Savings Bank","Cross County Savings Bank","Cross County Savings Bank Zelle 2RH C","true","true","https://www.crosscounty.com/home/eservices/zelle","Active","https://enroll.zellepay.com/logos/zellepay/2RH.png","","https://www.crosscounty.com/home/eservices/zelle"
"Crossbridge Community Bank","Crossbridge Community Bank","Crossbridge Community Bank Zelle 2YE C","true","true","https://crossbridge-uat.banno.com/zelle","Active","https://enroll.zellepay.com/logos/zellepay/2YE.png","","https://crossbridge-uat.banno.com/zelle"
"CrossRoads Community FCU","CrossRoads Community FCU","CrossRoads Community FCU Zelle 30H C","true","true","https://crcfcu.com/zelle","Active","https://enroll.zellepay.com/logos/zellepay/30H.png","","https://crcfcu.com/zelle"
"CROWN BANK NJ","CROWN BANK NJ","CROWN BANK NJ Zelle 2UV C","true","true","https://crownbank.net/Home/Index/Zelle","Active","https://enroll.zellepay.com/logos/zellepay/2UV.png","","https://crownbank.net/Home/Index/Zelle"
"Crystal Lake Bank & Trust","Crystal Lake Bank & Trust","Crystal Lake Bank & Trust Zelle 0AY C","true","true","https://www.wintrust.com/zelle.html","Active","https://enroll.zellepay.com/logos/zellepay/0AY.png","","https://www.wintrust.com/zelle.html"
"CS Bank","CS Bank","CS Bank Zelle JIP C","true","true","https://www.paymentsemails.com/ZelleOverview?MyFITool&jhID=3997&showVideo=1","Active","https://enroll.zellepay.com/logos/zellepay/JIP.png","","https://www.paymentsemails.com/ZelleOverview?MyFITool&jhID=3997&showVideo=1"
"CSE Federal Credit Union","CSE Federal Credit Union","CSE Federal Credit Union Zelle 2IM C","true","true","https://www.csefcu.org/zelle","Active","https://enroll.zellepay.com/logos/zellepay/2IM.png","","https://www.csefcu.org/zelle"
"CTBC Bank","CTBC Bank","CTBC Bank Zelle 2LS C","true","true","https://www.ctbcbankusa.com/Zelle.aspx","Active","https://enroll.zellepay.com/logos/zellepay/2LS.png","","https://www.ctbcbankusa.com/Zelle.aspx"
"Cumberland Federal BK","Cumberland Federal BK","Cumberland Federal BK Zelle 2A9 C","true","true","https://www.cumberlandfederal.com/Zelle","Active","https://enroll.zellepay.com/logos/zellepay/2A9.png","","https://www.cumberlandfederal.com/Zelle"
"Currency Bank","Currency Bank","Currency Bank Zelle 0LW C","true","true","https://www.currency.bank/portals/currencybank/zelle.html","Active","https://enroll.zellepay.com/logos/zellepay/0LW.png","","https://www.currency.bank/portals/currencybank/zelle.html"
"Customers Bank","Customers Bank","Customers Bank Zelle 0UH C","true","true","https://www.customersbank.com/zelle","Active","https://enroll.zellepay.com/logos/zellepay/0UH.png","","https://www.customersbank.com/zelle"
"CVNB","CVNB","CVNB Zelle JL4 C","true","true","https://www.paymentsemails.com/ZelleOverview?MyFITool&jhID=3185&showVideo=1","Active","https://enroll.zellepay.com/logos/zellepay/JL4.png","","https://www.paymentsemails.com/ZelleOverview?MyFITool&jhID=3185&showVideo=1"
"Cy-Fair Federal Credit Union","Cy-Fair Federal Credit Union","Cy-Fair Federal Credit Union Zelle 2UA C","true","true","https://www.cyfairfcu.org/zelle","Active","https://enroll.zellepay.com/logos/zellepay/2UA.png","","https://www.cyfairfcu.org/zelle"
"Cypress Bank & Trust","Cypress Bank & Trust","Cypress Bank & Trust Zelle JQM C","true","true","https://cypressbanktrust.com/banking-solutions/zelle/","Active","https://enroll.zellepay.com/logos/zellepay/JQM.png","","https://cypressbanktrust.com/banking-solutions/zelle/"
"Cypress Bank SSB","Cypress Bank SSB","Cypress Bank SSB Zelle 3C9 C","true","true","https://www.cypressbanktx.com/Zelle","Active","https://enroll.zellepay.com/logos/zellepay/3C9.png","","https://www.cypressbanktx.com/Zelle"
"D.L. Evans Bank Mobile","D.L. Evans Bank Mobile","D.L. Evans Bank Mobile Zelle 23M D","true","true","https://www.dlevans.com/zelle.html","Active","https://enroll.zellepay.com/logos/zellepay/23M.png","","https://www.dlevans.com/zelle.html"
"Dacotah Bank","Dacotah Bank","Dacotah Bank Zelle 2T7 D","true","true","https://www.dacotahbank.com/zelle","Active","https://enroll.zellepay.com/logos/zellepay/2T7.png","","https://www.dacotahbank.com/zelle"
"Dade County FCU","Dade County FCU","Dade County FCU Zelle 0JZ D","true","true","https://dcfcu.org/zelle","Active","https://enroll.zellepay.com/logos/zellepay/0JZ.png","","https://dcfcu.org/zelle"
"Dairy State Bank","Dairy State Bank","Dairy State Bank Zelle 28D D","true","true","https://dairystatebank.com/personal/eservices/zelle/","Active","https://enroll.zellepay.com/logos/zellepay/28D.png","","https://dairystatebank.com/personal/eservices/zelle/"
"Dallas Capital Bank, NA","Dallas Capital Bank, NA","Dallas Capital Bank, NA Zelle 0I2 D","true","true","https://www.dallascapitalbank.com/zelle","Active","https://enroll.zellepay.com/logos/zellepay/0I2.png","","https://www.dallascapitalbank.com/zelle"
"Dannemora FCU","Dannemora FCU","Dannemora FCU Zelle 2JJ D","true","true","https://www.dfcu.net/services-tools/account-services/index.html","Active","https://enroll.zellepay.com/logos/zellepay/2JJ.png","","https://www.dfcu.net/services-tools/account-services/index.html"
"DATCU","DATCU","DATCU Zelle 0S3 D","true","true","https://www.datcu.org/zelle","Active","https://enroll.zellepay.com/logos/zellepay/0S3.png","","https://www.datcu.org/zelle"
"Dayspring Bank","Dayspring Bank","Dayspring Bank Zelle 2Z8 D","true","true","https://www.dayspring.bank/zelle","Active","https://enroll.zellepay.com/logos/zellepay/2Z8.png","","https://www.dayspring.bank/zelle"
"Dean Bank","Dean Bank","Dean Bank Zelle 26L D","true","true","https://www.deanbank.com/zelle/","Active","https://enroll.zellepay.com/logos/zellepay/26L.png","","https://www.deanbank.com/zelle/"
"Decatur County Bank","Decatur County Bank","Decatur County Bank Zelle 36E D","true","true","https://www.decaturcountybank.com/personal/zelle","Active","https://enroll.zellepay.com/logos/zellepay/36E.png","","https://www.decaturcountybank.com/personal/zelle"
"Decorah Bank and Trust Co.","Decorah Bank and Trust Co.","Decorah Bank and Trust Co. Zelle JJE D","true","true","https://www.paymentsemails.com/ZelleOverview?jhid=47995&showVideo=1","Active","https://enroll.zellepay.com/logos/zellepay/JJE.png","","https://www.paymentsemails.com/ZelleOverview?jhid=47995&showVideo=1"
"Dedham Savings","Dedham Savings","Dedham Savings Zelle 0GA D","true","true","https://www.dedhamsavings.com/zelle","Active","https://enroll.zellepay.com/logos/zellepay/0GA.png","","https://www.dedhamsavings.com/zelle"
"Del Norte Credit Union","Del Norte Credit Union","Del Norte Credit Union Zelle 0I6 D","true","true","https://www.dncu.com/personal/mobile-online-banking/send-and-receive-payments/","Active","https://enroll.zellepay.com/logos/zellepay/0I6.png","","https://www.dncu.com/personal/mobile-online-banking/send-and-receive-payments/"
"Delta Community Credit Union","Delta Community Credit Union","Delta Community Credit Union Zelle 378 D","true","true","https://www.deltacommunitycu.com/personal/banking/digital-banking/zelle.aspx","Active","https://enroll.zellepay.com/logos/zellepay/378.png","","https://www.deltacommunitycu.com/personal/banking/digital-banking/zelle.aspx"
"Democracy Federal Credit Union","Democracy Federal Credit Union","Democracy Federal Credit Union Zelle JIA D","true","true","https://www.paymentsemails.com/ZelleOverview?jhid=43495&showVideo=1","Active","https://enroll.zellepay.com/logos/zellepay/JIA.png","","https://www.paymentsemails.com/ZelleOverview?jhid=43495&showVideo=1"
"Department of Commerce FCU","Department of Commerce FCU","Department of Commerce FCU Zelle JPC D","true","true","https://www.docfcu.org/zelle/","Active","https://enroll.zellepay.com/logos/zellepay/JPC.png","","https://www.docfcu.org/zelle/"
"Des Moines Metro CU","Des Moines Metro CU","Des Moines Metro CU Zelle 2VK D","true","true","https://www.dmmcu.org/zelle","Active","https://enroll.zellepay.com/logos/zellepay/2VK.png","","https://www.dmmcu.org/zelle"
"Desert Financial","Desert Financial","Desert Financial Zelle 0TP D","true","true","https://www.desertfinancial.com/zelle","Active","https://enroll.zellepay.com/logos/zellepay/0TP.png","","https://www.desertfinancial.com/zelle"
"Desjardins Bank","Desjardins Bank","Desjardins Bank Zelle 24P D","true","true","https://www.desjardinsbank.com/en/personal/accounts-services/zelle.jsp","Active","https://enroll.zellepay.com/logos/zellepay/24P.png","","https://www.desjardinsbank.com/en/personal/accounts-services/zelle.jsp"
"Dewitt Savings Bank","Dewitt Savings Bank","Dewitt Savings Bank Zelle 0EE D","true","true","https://www.dewittsavingsbank.com/zelle","Active","https://enroll.zellepay.com/logos/zellepay/0EE.png","","https://www.dewittsavingsbank.com/zelle"
"DFCU Financial","DFCU Financial","DFCU Financial Zelle 2U3 D","true","true","https://www.dfcufinancial.com/Zelle","Active","https://enroll.zellepay.com/logos/zellepay/2U3.png","","https://www.dfcufinancial.com/Zelle"
"DFDFCU","DFDFCU","DFDFCU Zelle 29D D","true","true","https://www.dfdfcu.com/Zelle.aspx","Active","https://enroll.zellepay.com/logos/zellepay/29D.png","","https://www.dfdfcu.com/Zelle.aspx"
"Diablo Valley FCU","Diablo Valley FCU","Diablo Valley FCU Zelle 3AR D","true","true","https://diablovalleyfcu.org/zelle","Active","https://enroll.zellepay.com/logos/zellepay/3AR.png","","https://diablovalleyfcu.org/zelle"
"Diamond Lakes FCU","Diamond Lakes FCU","Diamond Lakes FCU Zelle 2SW D","true","true","https://www.diamondlakesfcu.org/zelle","Active","https://enroll.zellepay.com/logos/zellepay/2SW.png","","https://www.diamondlakesfcu.org/zelle"
"Dime Community Bank","Dime Community Bank","Dime Community Bank Zelle 21B D","true","true","https://www.dime.com/personal/mobile-banking/zelle","Active","https://enroll.zellepay.com/api/v1/ecm/sites/ecm/files/logos/override_uploads/dime-zellepay.png","","https://www.dime.com/personal/mobile-banking/zelle"
"Direct Federal Credit Union","Direct Federal Credit Union","Direct Federal Credit Union Zelle 0HO D","true","true","https://www.direct.com/zelle","Active","https://enroll.zellepay.com/logos/zellepay/0HO.png","","https://www.direct.com/zelle"
"Discover, a div of Capital One NA","Discover, a div of Capital One NA","Discover, a div of Capital One NA Zelle DFS D","true","true","https://bank.discover.com/bankac/pay/landing","Active","https://enroll.zellepay.com/logos/zellepay/DFS.png","","https://bank.discover.com/bankac/pay/landing"
"Dogwood State Bank","Dogwood State Bank","Dogwood State Bank Zelle J14 D","true","true","https://zelle.jhapaycenter.com/J14.html","Active","https://enroll.zellepay.com/logos/zellepay/J14.png","","https://zelle.jhapaycenter.com/J14.html"
"Dollar Bank, FSB","Dollar Bank, FSB","Dollar Bank, FSB Zelle 20C D","true","true","https://dollar.bank/personal/banking/online-mobile-banking/zelle","Active","https://enroll.zellepay.com/logos/zellepay/20C.png","","https://dollar.bank/personal/banking/online-mobile-banking/zelle"
"Dominion Bank","Dominion Bank","Dominion Bank Zelle 2PU D","true","true","https://www.dominionbanking.com/zelle","Active","https://enroll.zellepay.com/logos/zellepay/2PU.png","","https://www.dominionbanking.com/zelle"
"Dominion Energy Credit Union","Dominion Energy Credit Union","Dominion Energy Credit Union Zelle JIM D","true","true","https://www.paymentsemails.com/ZelleOverview?jhid=60010&showVideo=1","Active","https://enroll.zellepay.com/logos/zellepay/JIM.png","","https://www.paymentsemails.com/ZelleOverview?jhid=60010&showVideo=1"
"Dort Financial Credit Union","Dort Financial Credit Union","Dort Financial Credit Union Zelle 2OJ D","true","true","https://dortonline.org/zelle/","Active","https://enroll.zellepay.com/logos/zellepay/2OJ.png","","https://dortonline.org/zelle/"
"DoverPhila FCU","DoverPhila FCU","DoverPhila FCU Zelle 0TH D","true","true","https://www.dpfcu.org/resources-eservices/?tabitem=zelle","Active","https://enroll.zellepay.com/logos/zellepay/0TH.png","","https://www.dpfcu.org/resources-eservices/?tabitem=zelle"
"Downey FCU","Downey FCU","Downey FCU Zelle 0PI D","true","true","https://www.downeyfcu.org/zelle","Active","https://enroll.zellepay.com/logos/zellepay/0PI.png","","https://www.downeyfcu.org/zelle"
"Downriver Community FCU","Downriver Community FCU","Downriver Community FCU Zelle 30F D","true","true","https://www.downrivercu.com/Zelle","Active","https://enroll.zellepay.com/logos/zellepay/30F.png","","https://www.downrivercu.com/Zelle"
"DR Bank","DR Bank","DR Bank Zelle 3PU D","true","true","https://drbank.com/send-and-receive-money-with-zelle/","Active","https://enroll.zellepay.com/logos/zellepay/3PU.png","","https://drbank.com/send-and-receive-money-with-zelle/"
"Drake Bank","Drake Bank","Drake Bank Zelle 28I D","true","true","https://drake-bank.com/zelle/","Active","https://enroll.zellepay.com/logos/zellepay/28I.png","","https://drake-bank.com/zelle/"
"Dream First Bank","Dream First Bank","Dream First Bank Zelle 2CF D","true","true","https://www.fnb-windmill.com/","Active","https://enroll.zellepay.com/logos/zellepay/2CF.png","","https://www.fnb-windmill.com/"
"DuGood","DuGood","DuGood Zelle 2FP D","true","true","https://www.dugood.org/zelle","Active","https://enroll.zellepay.com/logos/zellepay/2FP.png","","https://www.dugood.org/zelle"
"DuPage Credit Union","DuPage Credit Union","DuPage Credit Union Zelle 0V1 D","true","true","https://www.dupagecu.com/zelle","Active","https://enroll.zellepay.com/logos/zellepay/0V1.png","","https://www.dupagecu.com/zelle"
"Dutch Point Credit Union","Dutch Point Credit Union","Dutch Point Credit Union Zelle JGI D","true","true","https://www.dutchpoint.org/manage/zelle","Active","https://enroll.zellepay.com/logos/zellepay/JGI.png","","https://www.dutchpoint.org/manage/zelle"
"E-Central Credit Union","E-Central Credit Union","E-Central Credit Union Zelle 2M9 E","true","true","https://www.ecentralcu.org/e-services/zelle","Active","https://enroll.zellepay.com/logos/zellepay/2M9.png","","https://www.ecentralcu.org/e-services/zelle"
"E*TRADE: Invest. Trade. Save.","E*TRADE: Invest. Trade. Save.","E*TRADE: Invest. Trade. Save. Zelle MSE E","true","true","https://us.etrade.com/l/zelle","Active","https://enroll.zellepay.com/api/v1/ecm/sites/ecm/files/logos/override_uploads/MSE-zellepay.png","","https://us.etrade.com/l/zelle"
"Eagle Bank & Trust","Eagle Bank & Trust","Eagle Bank & Trust Zelle 32X E","true","true","https://www.eaglebank.com/mobile-banking/zelle/","Active","https://enroll.zellepay.com/logos/zellepay/32X.png","","https://www.eaglebank.com/mobile-banking/zelle/"
"Eagle Community CU","Eagle Community CU","Eagle Community CU Zelle 0UB E","true","true","https://www.eaglecu.org/zelle","Active","https://enroll.zellepay.com/logos/zellepay/0UB.png","","https://www.eaglecu.org/zelle"
"Eagle Express FCU","Eagle Express FCU","Eagle Express FCU Zelle 2P0 E","true","true","https://www.eagleexpressfcu.com/Zelle.aspx","Active","https://enroll.zellepay.com/logos/zellepay/2P0.png","","https://www.eagleexpressfcu.com/Zelle.aspx"
"Eagle Louisiana FCU","Eagle Louisiana FCU","Eagle Louisiana FCU Zelle J76 E","true","true","https://www.paymentsemails.com/ZelleOverview?jhid=53550&showVideo=1","Active","https://enroll.zellepay.com/logos/zellepay/J76.png","","https://www.paymentsemails.com/ZelleOverview?jhid=53550&showVideo=1"
"Earthmover Credit Union","Earthmover Credit Union","Earthmover Credit Union Zelle 2UX E","true","true","https://www.earthmovercu.com/access/access-your-account/zelle","Active","https://enroll.zellepay.com/logos/zellepay/2UX.png","","https://www.earthmovercu.com/access/access-your-account/zelle"
"East Cambridge Savings Bank","East Cambridge Savings Bank","East Cambridge Savings Bank Zelle 3A8 E","true","true","https://www.ecsb.com/personal/digital-banking/zelle","Active","https://enroll.zellepay.com/logos/zellepay/3A8.png","","https://www.ecsb.com/personal/digital-banking/zelle"
"East Texas Prof CU (ETPCU)","East Texas Prof CU (ETPCU)","East Texas Prof CU (ETPCU) Zelle JNK E","true","true","https://www.etpcu.org/zelle","Active","https://enroll.zellepay.com/logos/zellepay/JNK.png","","https://www.etpcu.org/zelle"
"East West Bank","East West Bank","East West Bank Zelle 0JJ E","true","true","https://digital.eastwestbank.com/en/features/zelle.html","Active","https://enroll.zellepay.com/logos/zellepay/0JJ.png","","https://digital.eastwestbank.com/en/features/zelle.html"
"East WI Savings Bank","East WI Savings Bank","East WI Savings Bank Zelle 0ON E","true","true","https://www.eastwis.bank/zelle","Active","https://enroll.zellepay.com/logos/zellepay/0ON.png","","https://www.eastwis.bank/zelle"
"Eastern Bank","Eastern Bank","Eastern Bank Zelle 0AK E","true","true","https://www.easternbank.com/eastern-bank-zelle","Active","https://enroll.zellepay.com/logos/zellepay/0AK.png","","https://www.easternbank.com/eastern-bank-zelle"
"Eastern International Bank","Eastern International Bank","Eastern International Bank Zelle 3HP E","true","true","https://www.easterninternationalbank.com/zelle","Active","https://enroll.zellepay.com/logos/zellepay/3HP.png","","https://www.easterninternationalbank.com/zelle"
"Eastern Michigan Bank","Eastern Michigan Bank","Eastern Michigan Bank Zelle J2P E","true","true","https://zelle.jhapaycenter.com/J2P.html","Active","https://enroll.zellepay.com/logos/zellepay/J2P.png","","https://zelle.jhapaycenter.com/J2P.html"
"Eastern Op. Engineers FCU","Eastern Op. Engineers FCU","Eastern Op. Engineers FCU Zelle 2JK E","true","true","https://www.eoefcu.org/zelle.asp","Active","https://enroll.zellepay.com/logos/zellepay/2JK.png","","https://www.eoefcu.org/zelle.asp"
"Eastman Credit Union","Eastman Credit Union","Eastman Credit Union Zelle 2L2 E","true","true","https://www.ecu.org/zelle","Active","https://enroll.zellepay.com/logos/zellepay/2L2.png","","https://www.ecu.org/zelle"
"EastRise Federal Credit Union","EastRise Federal Credit Union","EastRise Federal Credit Union Zelle 3CA E","true","true","https://www.eastrise.com/personal/online-mobile-banking/zelle/","Active","https://enroll.zellepay.com/logos/zellepay/3CA.png","","https://www.eastrise.com/personal/online-mobile-banking/zelle/"
"Eclipse Bank","Eclipse Bank","Eclipse Bank Zelle 2S1 E","true","true","https://www.eclipsebank.com/services-resources/account-services/zelle.html","Active","https://enroll.zellepay.com/logos/zellepay/2S1.png","","https://www.eclipsebank.com/services-resources/account-services/zelle.html"
"eCO Credit Union","eCO Credit Union","eCO Credit Union Zelle 3CN E","true","true","https://images.printable.com/nonimpositions/22712/461494/22712_461494_mr12swr0_press.html","Active","https://enroll.zellepay.com/logos/zellepay/3CN.png","","https://images.printable.com/nonimpositions/22712/461494/22712_461494_mr12swr0_press.html"
"ECU Credit Union","ECU Credit Union","ECU Credit Union Zelle 37Z E","true","true","https://www.ecucreditunion.com/zelle/","Active","https://enroll.zellepay.com/logos/zellepay/37Z.png","","https://www.ecucreditunion.com/zelle/"
"Eddy Federal Credit Union","Eddy Federal Credit Union","Eddy Federal Credit Union Zelle 3LB E","true","true","https://eddyfederalcu.com/online-services/zelle","Active","https://enroll.zellepay.com/logos/zellepay/3LB.png","","https://eddyfederalcu.com/online-services/zelle"
"Edifi Credit Union","Edifi Credit Union","Edifi Credit Union Zelle 2IO E","true","true","https://www.edificu.com/Zelle","Active","https://enroll.zellepay.com/api/v1/ecm/sites/ecm/files/logos/override_uploads/2IO-zellepay_0.png","","https://www.edificu.com/Zelle"
"Edison National Bank","Edison National Bank","Edison National Bank Zelle JBN E","true","true","https://edisonnationalbank.com/zelle","Active","https://enroll.zellepay.com/logos/zellepay/JBN.png","","https://edisonnationalbank.com/zelle"
"Edmonton State Bank","Edmonton State Bank","Edmonton State Bank Zelle J0J E","true","true","https://zelle.jhapaycenter.com/J0J.html","Active","https://enroll.zellepay.com/logos/zellepay/J0J.png","","https://zelle.jhapaycenter.com/J0J.html"
"Education CU","Education CU","Education CU Zelle 2H8 E","true","true","https://myecu.info/Zelle","Active","https://enroll.zellepay.com/logos/zellepay/2H8.png","","https://myecu.info/Zelle"
"Educational Federal CU","Educational Federal CU","Educational Federal CU Zelle JNU E","true","true","https://www.edfed.org/zelle","Active","https://enroll.zellepay.com/logos/zellepay/JNU.png","","https://www.edfed.org/zelle"
"Educational Systems FCU","Educational Systems FCU","Educational Systems FCU Zelle 3RU E","true","true","https://www.esfcu.org/zelle","Active","https://enroll.zellepay.com/logos/zellepay/3RU.png","","https://www.esfcu.org/zelle"
"Educators Credit Union","Educators Credit Union","Educators Credit Union Zelle 0HS E","true","true","https://www.ecu.com/zelle","Active","https://enroll.zellepay.com/logos/zellepay/0HS.png","","https://www.ecu.com/zelle"
"EECU","EECU","EECU Zelle 2ZL E","true","true","https://www.eecu.org/zelle","Active","https://enroll.zellepay.com/logos/zellepay/2ZL.png","","https://www.eecu.org/zelle"
"EFCU Financial","EFCU Financial","EFCU Financial Zelle 33R E","true","true","https://www.efcufinancial.org/zelle","Active","https://enroll.zellepay.com/logos/zellepay/33R.png","","https://www.efcufinancial.org/zelle"
"EH National Bank","EH National Bank","EH National Bank Zelle 3M5 E","true","true","https://www.excel.bank/zelle","Active","https://enroll.zellepay.com/logos/zellepay/3M5.png","","https://www.excel.bank/zelle"
"El Monte Community CU","El Monte Community CU","El Monte Community CU Zelle 3QD E","true","true","https://www.elmonteccu.org/zelle","Active","https://enroll.zellepay.com/logos/zellepay/3QD.png","","https://www.elmonteccu.org/zelle"
"Elements Financial","Elements Financial","Elements Financial Zelle 0K9 E","true","true","https://www.elements.org/personal/online-banking/zelle/","Active","https://enroll.zellepay.com/logos/zellepay/0K9.png","","https://www.elements.org/personal/online-banking/zelle/"
"Elko Federal Credit Union","Elko Federal Credit Union","Elko Federal Credit Union Zelle 0S7 E","true","true","https://elkofcu.org/zelle-product-page/","Active","https://enroll.zellepay.com/logos/zellepay/0S7.png","","https://elkofcu.org/zelle-product-page/"
"Embassy Bank For Lehigh Valley","Embassy Bank For Lehigh Valley","Embassy Bank For Lehigh Valley Zelle 32S E","true","true","https://embassybank.com/Online/Zelle","Active","https://enroll.zellepay.com/logos/zellepay/32S.png","","https://embassybank.com/Online/Zelle"
"Embassy National Bank","Embassy National Bank","Embassy National Bank Zelle 22E E","true","true","https://www.embassynationalbank.com/","Active","https://enroll.zellepay.com/logos/zellepay/22E.png","","https://www.embassynationalbank.com/"
"Embers Credit Union","Embers Credit Union","Embers Credit Union Zelle J78 E","true","true","https://zelle.jhapaycenter.com/J78.html","Active","https://enroll.zellepay.com/logos/zellepay/J78.png","","https://zelle.jhapaycenter.com/J78.html"
"Emerald Coast FCU","Emerald Coast FCU","Emerald Coast FCU Zelle 33J E","true","true","https://www.emeraldcoastfcu.com/zelle","Active","https://enroll.zellepay.com/logos/zellepay/33J.png","","https://www.emeraldcoastfcu.com/zelle"
"Emerald Empire Federal CU","Emerald Empire Federal CU","Emerald Empire Federal CU Zelle 2GH E","true","true","https://youreecu.org/zelle/","Active","https://enroll.zellepay.com/logos/zellepay/2GH.png","","https://youreecu.org/zelle/"
"empeople Credit Union","empeople Credit Union","empeople Credit Union Zelle JFL E","true","true","https://empeople.com/bank/digital-banking/zelle","Active","https://enroll.zellepay.com/logos/zellepay/JFL.png","","https://empeople.com/bank/digital-banking/zelle"
"Empire State Bank","Empire State Bank","Empire State Bank Zelle 30Q E","true","true","https://esbna.com/zelle","Active","https://enroll.zellepay.com/logos/zellepay/30Q.png","","https://esbna.com/zelle"
"Empower Federal Credit Union","Empower Federal Credit Union","Empower Federal Credit Union Zelle 3NW E","true","true","https://www.empowerfcu.com/personal/online-mobile/send-and-receive-money-with-zelle","Active","https://enroll.zellepay.com/logos/zellepay/3NW.png","","https://www.empowerfcu.com/personal/online-mobile/send-and-receive-money-with-zelle"
"Encentus FCU","Encentus FCU","Encentus FCU Zelle 32F E","true","true","https://www.encentusfcu.org/zelle","Active","https://enroll.zellepay.com/logos/zellepay/32F.png","","https://www.encentusfcu.org/zelle"
"Endeavor Bank","Endeavor Bank","Endeavor Bank Zelle JH9 E","true","true","https://www.paymentsemails.com/ZelleOverview?jhid=99009&showVideo=1","Active","https://enroll.zellepay.com/logos/zellepay/JH9.png","","https://www.paymentsemails.com/ZelleOverview?jhid=99009&showVideo=1"
"Energy Capital Credit Union","Energy Capital Credit Union","Energy Capital Credit Union Zelle 0K5 E","true","true","https://www.eccu.net/zelle","Active","https://enroll.zellepay.com/logos/zellepay/0K5.png","","https://www.eccu.net/zelle"
"Energy One FCU","Energy One FCU","Energy One FCU Zelle 3BG E","true","true","https://energyone.org/zelle/","Active","https://enroll.zellepay.com/api/v1/ecm/sites/ecm/files/logos/override_uploads/3BG-zellepay.png","","https://energyone.org/zelle/"
"Enterprise Bank","Enterprise Bank","Enterprise Bank Zelle 21D E","true","true","https://www.enterprise.bank/Online-Banking.aspx#Mobile-Banking","Active","https://enroll.zellepay.com/logos/zellepay/21D.png","","https://www.enterprise.bank/Online-Banking.aspx#Mobile-Banking"
"Enterprise Bank & Trust","Enterprise Bank & Trust","Enterprise Bank & Trust Zelle 0NK E","true","true","https://www.enterprisebank.com/zelle","Active","https://enroll.zellepay.com/logos/zellepay/0NK.png","","https://www.enterprisebank.com/zelle"
"Enterprise Bank of SC","Enterprise Bank of SC","Enterprise Bank of SC Zelle 2IK E","true","true","https://ebsc.bank/online-services/zelle","Active","https://enroll.zellepay.com/logos/zellepay/2IK.png","","https://ebsc.bank/online-services/zelle"
"Ephrata National Bank","Ephrata National Bank","Ephrata National Bank Zelle 0M0 E","true","true","https://www.epnb.com/zelle","Active","https://enroll.zellepay.com/logos/zellepay/0M0.png","","https://www.epnb.com/zelle"
"EPISCOPAL FEDERAL CREDIT UNION","EPISCOPAL FEDERAL CREDIT UNION","EPISCOPAL FEDERAL CREDIT UNION Zelle 30R E","true","true","https://episcopalcredit.org/onlinebanking/zelle","Active","https://enroll.zellepay.com/logos/zellepay/30R.png","","https://episcopalcredit.org/onlinebanking/zelle"
"Equitable Bank","Equitable Bank","Equitable Bank Zelle 2EF E","true","true","https://theequitablebank.com/zelle.aspx","Active","https://enroll.zellepay.com/logos/zellepay/2EF.png","","https://theequitablebank.com/zelle.aspx"
"Erie Bank","Erie Bank","Erie Bank Zelle 2JX E","true","true","https://eriebank.bank/personal-banking/convenience-services/zelle","Active","https://enroll.zellepay.com/api/v1/ecm/sites/ecm/files/logos/override_uploads/2JX-zellepay.png","","https://eriebank.bank/personal-banking/convenience-services/zelle"
"ESL Federal Credit Union","ESL Federal Credit Union","ESL Federal Credit Union Zelle 2QY E","true","true","https://www.esl.org/enroll-zelle","Active","https://enroll.zellepay.com/logos/zellepay/2QY.png","","https://www.esl.org/enroll-zelle"
"Essential FCU","Essential FCU","Essential FCU Zelle 2V7 E","true","true","https://essentialfcu.org/zelle.html","Active","https://enroll.zellepay.com/api/v1/ecm/sites/ecm/files/logos/override_uploads/EssentialCU-zellepay.png","","https://essentialfcu.org/zelle.html"
"Estacado FCU","Estacado FCU","Estacado FCU Zelle 0VC E","true","true","https://www.estacadofcu.com/zelle","Active","https://enroll.zellepay.com/logos/zellepay/0VC.png","","https://www.estacadofcu.com/zelle"
"Eureka Savings Bank","Eureka Savings Bank","Eureka Savings Bank Zelle 0DX E","true","true","https://eurekasavings.com/zelle","Active","https://enroll.zellepay.com/logos/zellepay/0DX.png","","https://eurekasavings.com/zelle"
"EverBank","EverBank","EverBank Zelle TIB E","true","true","https://www.tiaabank.com/banking/zelle","Active","https://enroll.zellepay.com/logos/zellepay/TIB.png","","https://www.tiaabank.com/banking/zelle"
"Evergreen Federal Bank","Evergreen Federal Bank","Evergreen Federal Bank Zelle 3AJ E","true","true","https://www.evergreenfederal.bank/Zelle","Active","https://enroll.zellepay.com/logos/zellepay/3AJ.png","","https://www.evergreenfederal.bank/Zelle"
"Evermore Bank","Evermore Bank","Evermore Bank Zelle 39I E","true","true","https://www.evermorebankfl.com/Zelle","Active","https://enroll.zellepay.com/logos/zellepay/39I.png","","https://www.evermorebankfl.com/Zelle"
"EverTrust Bank","EverTrust Bank","EverTrust Bank Zelle 0PN E","true","true","https://www.evertrustbank.com/en-us/personal/zelle","Active","https://enroll.zellepay.com/logos/zellepay/0PN.png","","https://www.evertrustbank.com/en-us/personal/zelle"
"Exchange Bank","Exchange Bank","Exchange Bank Zelle 0FC E","true","true","https://www.exchange-bank.com/zelle","Active","https://enroll.zellepay.com/logos/zellepay/0FC.png","","https://www.exchange-bank.com/zelle"
"Exchange Bank - GA","Exchange Bank - GA","Exchange Bank - GA Zelle J7D E","true","true","https://www.exch.bank/zelle","Active","https://enroll.zellepay.com/logos/zellepay/J7D.png","","https://www.exch.bank/zelle"
"Exchange Bank (CA)","Exchange Bank (CA)","Exchange Bank (CA) Zelle 0N3 E","true","true","https://www.exchangebank.com/zelle","Active","https://enroll.zellepay.com/logos/zellepay/0N3.png","","https://www.exchangebank.com/zelle"
"Exchange Bank (NE)","Exchange Bank (NE)","Exchange Bank (NE) Zelle 3CP E","true","true","https://eb-us.com/zelle.html","Active","https://enroll.zellepay.com/logos/zellepay/3CP.png","","https://eb-us.com/zelle.html"
"Exchange State Bank-Lanark,IL","Exchange State Bank-Lanark,IL","Exchange State Bank-Lanark,IL Zelle 3AO E","true","true","https://www.lanarkbank.com/zelle","Active","https://enroll.zellepay.com/logos/zellepay/3AO.png","","https://www.lanarkbank.com/zelle"
"Excite Mobile Banking","Excite Mobile Banking","Excite Mobile Banking Zelle 2S4 E","true","true","https://excitecu-web-staging-2021.excitecu.org/manage/services/zelle-payments","Active","https://enroll.zellepay.com/logos/zellepay/2S4.png","","https://excitecu-web-staging-2021.excitecu.org/manage/services/zelle-payments"
"Extra Credit Union","Extra Credit Union","Extra Credit Union Zelle JJW E","true","true","https://www.paymentsemails.com/ZelleOverview?jhid=48217&showVideo=1","Active","https://enroll.zellepay.com/logos/zellepay/JJW.png","","https://www.paymentsemails.com/ZelleOverview?jhid=48217&showVideo=1"
"F&A Federal Credit Union","F&A Federal Credit Union","F&A Federal Credit Union Zelle 0M5 F","true","true","https://www.fafcu.org/zelle","Active","https://enroll.zellepay.com/logos/zellepay/0M5.png","","https://www.fafcu.org/zelle"
"F&M Bank","F&M Bank","F&M Bank Zelle J19 F","true","true","https://zelle.jhapaycenter.com/J19.html","Active","https://enroll.zellepay.com/logos/zellepay/J19.png","","https://zelle.jhapaycenter.com/J19.html"
"F&M Bank & Trust","F&M Bank & Trust","F&M Bank & Trust Zelle 28J F","true","true","https://www.fmbanktrust.bank/personal/zelle","Active","https://enroll.zellepay.com/logos/zellepay/28J.png","","https://www.fmbanktrust.bank/personal/zelle"
"F&M Bank and Trust Co Hannibal","F&M Bank and Trust Co Hannibal","F&M Bank and Trust Co Hannibal Zelle 3KZ F","true","true","https://www.bankfm.com/Zelle","Active","https://enroll.zellepay.com/logos/zellepay/3KZ.png","","https://www.bankfm.com/Zelle"
"F&M Bank-NC","F&M Bank-NC","F&M Bank-NC Zelle J06 F","true","true","https://www.paymentsemails.com/ZelleOverview?jhid=6944&showVideo=1","Active","https://enroll.zellepay.com/logos/zellepay/J06.png","","https://www.paymentsemails.com/ZelleOverview?jhid=6944&showVideo=1"
"F&M Trust","F&M Trust","F&M Trust Zelle 0EA F","true","true","https://fmtrust.bank/zelle","Active","https://enroll.zellepay.com/logos/zellepay/0EA.png","","https://fmtrust.bank/zelle"
"F&MBANKNOW","F&MBANKNOW","F&MBANKNOW Zelle 0DS F","true","true","https://www.fmbanknow.com/zelle","Active","https://enroll.zellepay.com/logos/zellepay/0DS.png","","https://www.fmbanknow.com/zelle"
"Fairfax State Savings Bank","Fairfax State Savings Bank","Fairfax State Savings Bank Zelle 2I8 F","true","true","https://www.thebankhere.com/zelle","Active","https://enroll.zellepay.com/logos/zellepay/2I8.png","","https://www.thebankhere.com/zelle"
"Fairfield Community CU","Fairfield Community CU","Fairfield Community CU Zelle 2QE F","true","true","https://www.fairfieldfederal.com/Zelle/","Active","https://enroll.zellepay.com/logos/zellepay/2QE.png","","https://www.fairfieldfederal.com/Zelle/"
"Fairfield County Bank","Fairfield County Bank","Fairfield County Bank Zelle 2D6 F","true","true","https://www.fairfieldcountybank.com/zelle/index.html","Active","https://enroll.zellepay.com/logos/zellepay/2D6.png","","https://www.fairfieldcountybank.com/zelle/index.html"
"Fairfield Federal","Fairfield Federal","Fairfield Federal Zelle 2KH F","true","true","https://www.fairfieldfederal.com/","Active","https://enroll.zellepay.com/logos/zellepay/2KH.png","","https://www.fairfieldfederal.com/"
"FAIRWINDS Credit Union","FAIRWINDS Credit Union","FAIRWINDS Credit Union Zelle 3DL F","true","true","https://www.fairwinds.org/go/zelle","Active","https://enroll.zellepay.com/logos/zellepay/3DL.png","","https://www.fairwinds.org/go/zelle"
"Falcon International Bank","Falcon International Bank","Falcon International Bank Zelle 3NA F","true","true","https://www.falconbank.com/zelle","Active","https://enroll.zellepay.com/logos/zellepay/3NA.png","","https://www.falconbank.com/zelle"
"Falls City National Bank","Falls City National Bank","Falls City National Bank Zelle 2C9 F","true","true","https://fcnb.net/zelle","Active","https://enroll.zellepay.com/logos/zellepay/2C9.png","","https://fcnb.net/zelle"
"Family Advantage FCU","Family Advantage FCU","Family Advantage FCU Zelle 2ZR F","true","true","https://myfafcu.org/zelle","Active","https://enroll.zellepay.com/logos/zellepay/2ZR.png","","https://myfafcu.org/zelle"
"Family First Credit Union","Family First Credit Union","Family First Credit Union Zelle 2VM F","true","true","https://www.fam1st.com/Zelle_229.html","Active","https://enroll.zellepay.com/logos/zellepay/2VM.png","","https://www.fam1st.com/Zelle_229.html"
"Family Horizons Credit Union","Family Horizons Credit Union","Family Horizons Credit Union Zelle 2FE F","true","true","https://www.familyhorizons.com/banking-services/electronic-banking-services/zelle-pay","Active","https://enroll.zellepay.com/logos/zellepay/2FE.png","","https://www.familyhorizons.com/banking-services/electronic-banking-services/zelle-pay"
"Family Savings Credit Union","Family Savings Credit Union","Family Savings Credit Union Zelle JIX F","true","true","https://www.paymentsemails.com/ZelleOverview?jhid=2367&showVideo=1","Active","https://enroll.zellepay.com/logos/zellepay/JIX.png","","https://www.paymentsemails.com/ZelleOverview?jhid=2367&showVideo=1"
"Farmers & Merchants","Farmers & Merchants","Farmers & Merchants Zelle 0FU F","true","true","https://www.fandm.bank/personal/zelle","Active","https://enroll.zellepay.com/logos/zellepay/0FU.png","","https://www.fandm.bank/personal/zelle"
"Farmers & Merchants Bank of LB","Farmers & Merchants Bank of LB","Farmers & Merchants Bank of LB Zelle 2NT F","true","true","https://www.fmb.com/Zelle","Active","https://enroll.zellepay.com/logos/zellepay/2NT.png","","https://www.fmb.com/Zelle"
"Farmers & Merchants Bank&Trust","Farmers & Merchants Bank&Trust","Farmers & Merchants Bank&Trust Zelle 3JR F","true","true","https://www.fmmarinette.com/zelle","Active","https://enroll.zellepay.com/logos/zellepay/3JR.png","","https://www.fmmarinette.com/zelle"
"Farmers & Merchants State Bank","Farmers & Merchants State Bank","Farmers & Merchants State Bank Zelle 3H0 F","true","true","https://www.fandmstatebank.com/digital-banking/zelle","Active","https://enroll.zellepay.com/logos/zellepay/3H0.png","","https://www.fandmstatebank.com/digital-banking/zelle"
"Farmers & Merchants Union Bank","Farmers & Merchants Union Bank","Farmers & Merchants Union Bank Zelle 2MI F","true","true","https://www.fmub.bank/Zelle.aspx","Active","https://enroll.zellepay.com/logos/zellepay/2MI.png","","https://www.fmub.bank/Zelle.aspx"
"Farmers & Merchants-Central CA","Farmers & Merchants-Central CA","Farmers & Merchants-Central CA Zelle JJ1 F","true","true","https://fmbonline.com/zelle","Active","https://enroll.zellepay.com/logos/zellepay/JJ1.png","","https://fmbonline.com/zelle"
"Farmers and Merchants Bank OH","Farmers and Merchants Bank OH","Farmers and Merchants Bank OH Zelle 0N0 F","true","true","https://www.bankwithfm.com/zelle","Active","https://enroll.zellepay.com/logos/zellepay/0N0.png","","https://www.bankwithfm.com/zelle"
"Farmers Bank","Farmers Bank","Farmers Bank Zelle 059 F","true","true","https://www.farmersbankidaho.com/","Active","https://enroll.zellepay.com/logos/zellepay/059.png","","https://www.farmersbankidaho.com/"
"Farmers Bank (AR)","Farmers Bank (AR)","Farmers Bank (AR) Zelle JKU F","true","true","https://cloud.paymentsemails.com/ZelleOverview?jhid=3749&showVideo=1","Active","https://enroll.zellepay.com/logos/zellepay/JKU.png","","https://cloud.paymentsemails.com/ZelleOverview?jhid=3749&showVideo=1"
"Farmers Bank & Trust","Farmers Bank & Trust","Farmers Bank & Trust Zelle 2EV F","true","true","https://www.farmersbankks.com/Zelle","Active","https://enroll.zellepay.com/logos/zellepay/2EV.png","","https://www.farmersbankks.com/Zelle"
"Farmers Bank Spencer, IA","Farmers Bank Spencer, IA","Farmers Bank Spencer, IA Zelle J7L F","true","true","https://www.paymentsemails.com/ZelleOverview?MyFITool&amp;jhID=1329&amp;showVideo=1","Active","https://enroll.zellepay.com/logos/zellepay/J7L.png","","https://www.paymentsemails.com/ZelleOverview?MyFITool&amp;jhID=1329&amp;showVideo=1"
"Farmers National Bank (IL)","Farmers National Bank (IL)","Farmers National Bank (IL) Zelle JIY F","true","true","https://www.paymentsemails.com/ZelleOverview?jhid=2099&showVideo=1","Active","https://enroll.zellepay.com/logos/zellepay/JIY.png","","https://www.paymentsemails.com/ZelleOverview?jhid=2099&showVideo=1"
"Farmers National Bank-Danville","Farmers National Bank-Danville","Farmers National Bank-Danville Zelle 2VN F","true","true","https://www.fnbky.com/zelle","Active","https://enroll.zellepay.com/logos/zellepay/2VN.png","","https://www.fnbky.com/zelle"
"Farmers Savings Bank WI","Farmers Savings Bank WI","Farmers Savings Bank WI Zelle 2LH F","true","true","https://www.farmerssavings.com/zelle","Active","https://enroll.zellepay.com/logos/zellepay/2LH.png","","https://www.farmerssavings.com/zelle"
"FARMERS STATE BANK","FARMERS STATE BANK","FARMERS STATE BANK Zelle 3DY F","true","true","https://farmersstate-online.net/zelle","Active","https://enroll.zellepay.com/logos/zellepay/3DY.png","","https://farmersstate-online.net/zelle"
"Farmers State Bank (IN)","Farmers State Bank (IN)","Farmers State Bank (IN) Zelle J34 F","true","true","https://zelle.jhapaycenter.com/J34.html","Active","https://enroll.zellepay.com/logos/zellepay/J34.png","","https://zelle.jhapaycenter.com/J34.html"
"Farmers State Bank Center TX","Farmers State Bank Center TX","Farmers State Bank Center TX Zelle 3RY F","true","true","https://www.fsbctx.bank/personal/online-services/zelle","Active","https://enroll.zellepay.com/logos/zellepay/3RY.png","","https://www.fsbctx.bank/personal/online-services/zelle"
"Farmers State Bank Holton KS","Farmers State Bank Holton KS","Farmers State Bank Holton KS Zelle 3D4 F","true","true","https://www.fsbks.bank/eservices/zelle","Active","https://enroll.zellepay.com/logos/zellepay/3D4.png","","https://www.fsbks.bank/eservices/zelle"
"Farmers State Bank Marion, IA","Farmers State Bank Marion, IA","Farmers State Bank Marion, IA Zelle 2CS F","true","true","https://www.myfsbonline.com","Active","https://enroll.zellepay.com/logos/zellepay/2CS.png","","https://www.myfsbonline.com"
"Farmers State Bank TN","Farmers State Bank TN","Farmers State Bank TN Zelle 2J1 F","true","true","https://www.fsbankmctn.com/zelle.aspx","Active","https://enroll.zellepay.com/logos/zellepay/2J1.png","","https://www.fsbankmctn.com/zelle.aspx"
"Farmers State Bank-Cameron","Farmers State Bank-Cameron","Farmers State Bank-Cameron Zelle 2X9 F","true","true","https://www.fscbank.com/personal/zelle","Active","https://enroll.zellepay.com/logos/zellepay/2X9.png","","https://www.fscbank.com/personal/zelle"
"Farmers Trust & Savings Bank","Farmers Trust & Savings Bank","Farmers Trust & Savings Bank Zelle 2EJ F","true","true","https://www.ftsbia.com/","Active","https://enroll.zellepay.com/logos/zellepay/2EJ.png","","https://www.ftsbia.com/"
"FAST Credit Union","FAST Credit Union","FAST Credit Union Zelle 29E F","true","true","https://images.printable.com/nonimpositions/22712/402743/22712_402743_o0qmr1m2_press.html","Active","https://enroll.zellepay.com/logos/zellepay/29E.png","","https://images.printable.com/nonimpositions/22712/402743/22712_402743_o0qmr1m2_press.html"
"FBOT","FBOT","FBOT Zelle 0UG F","true","true","https://www.fbot.com/products-services/zelle","Active","https://enroll.zellepay.com/logos/zellepay/0UG.png","","https://www.fbot.com/products-services/zelle"
"FC Bank","FC Bank","FC Bank Zelle 2JW F","true","true","https://fcbank.bank/personal-banking/convenience-services/zelle","Active","https://enroll.zellepay.com/api/v1/ecm/sites/ecm/files/logos/override_uploads/fcbank-zellepay.png","","https://fcbank.bank/personal-banking/convenience-services/zelle"
"FCB Banks","FCB Banks","FCB Banks Zelle 2XD F","true","true","https://www.fcbbanks.com/zelle.aspx","Active","https://enroll.zellepay.com/logos/zellepay/2XD.png","","https://www.fcbbanks.com/zelle.aspx"
"FCB Utah","FCB Utah","FCB Utah Zelle JOO F","true","true","https://www.fcbutah.com/zelle","Active","https://enroll.zellepay.com/api/v1/ecm/sites/ecm/files/logos/override_uploads/JOO-zellepay.png","","https://www.fcbutah.com/zelle"
"FCNB of Upper Sandusky","FCNB of Upper Sandusky","FCNB of Upper Sandusky Zelle 20M F","true","true","https://www.firstcitizensnational.com/services-tools/account-services/zelle.html","Active","https://enroll.zellepay.com/logos/zellepay/20M.png","","https://www.firstcitizensnational.com/services-tools/account-services/zelle.html"
"FedChoice FCU","FedChoice FCU","FedChoice FCU Zelle 0K3 F","true","true","https://www.fedchoice.org/zelle","Active","https://enroll.zellepay.com/logos/zellepay/0K3.png","","https://www.fedchoice.org/zelle"
"Feliciana Federal Credit Union","Feliciana Federal Credit Union","Feliciana Federal Credit Union Zelle 3MI F","true","true","https://www.felicianafcu.com/zelle","Active","https://enroll.zellepay.com/logos/zellepay/3MI.png","","https://www.felicianafcu.com/zelle"
"FFCB","FFCB","FFCB Zelle 2RX F","true","true","https://ffcb.com/Online-Services#expandable-details-7","Active","https://enroll.zellepay.com/logos/zellepay/2RX.png","","https://ffcb.com/Online-Services#expandable-details-7"
"Fibre Federal Credit Union","Fibre Federal Credit Union","Fibre Federal Credit Union Zelle 0GO F","true","true","https://www.fibrecu.com/personal/eservices/zelle","Active","https://enroll.zellepay.com/logos/zellepay/0GO.png","","https://www.fibrecu.com/personal/eservices/zelle"
"FiCare FCU","FiCare FCU","FiCare FCU Zelle 35M F","true","true","https://www.ficarefcu.org/products-and-services/member-services/zelle","Active","https://enroll.zellepay.com/logos/zellepay/35M.png","","https://www.ficarefcu.org/products-and-services/member-services/zelle"
"Fidelity Bank","Fidelity Bank","Fidelity Bank Zelle 0EN F","true","true","https://www.fidelitybank.com/zelle","Active","https://enroll.zellepay.com/logos/zellepay/0EN.png","","https://www.fidelitybank.com/zelle"
"Fidelity Bank - MA","Fidelity Bank - MA","Fidelity Bank - MA Zelle JNH F","true","true","https://www.fidelitybankonline.com/zelle/","Active","https://enroll.zellepay.com/logos/zellepay/JNH.png","","https://www.fidelitybankonline.com/zelle/"
"Fidelity Bank (IA)","Fidelity Bank (IA)","Fidelity Bank (IA) Zelle 2VO F","true","true","https://www.fidelity-bank.com/checking-savings/digital-banking/zelle","Active","https://enroll.zellepay.com/logos/zellepay/2VO.png","","https://www.fidelity-bank.com/checking-savings/digital-banking/zelle"
"Fidelity Bank (LA)","Fidelity Bank (LA)","Fidelity Bank (LA) Zelle 0OM F","true","true","https://www.bankwithfidelity.com/zelle","Active","https://enroll.zellepay.com/logos/zellepay/0OM.png","","https://www.bankwithfidelity.com/zelle"
"Fidelity Deposit and Disc Bank","Fidelity Deposit and Disc Bank","Fidelity Deposit and Disc Bank Zelle 2A1 F","true","true","https://www.bankatfidelity.com/zelle/","Active","https://enroll.zellepay.com/logos/zellepay/2A1.png","","https://www.bankatfidelity.com/zelle/"
"Field & Main Bank, INC","Field & Main Bank, INC","Field & Main Bank, INC Zelle J7P F","true","true","https://zelle.jhapaycenter.com/J7P.html","Active","https://enroll.zellepay.com/logos/zellepay/J7P.png","","https://zelle.jhapaycenter.com/J7P.html"
"Fieldpoint Private","Fieldpoint Private","Fieldpoint Private Zelle JK7 F","true","true","https://cloud.paymentsemails.com/ZelleOverview?MyFITool&jhID=63638&showVideo=1","Active","https://enroll.zellepay.com/logos/zellepay/JK7.png","","https://cloud.paymentsemails.com/ZelleOverview?MyFITool&jhID=63638&showVideo=1"
"Fifth Third Bank","Fifth Third Bank","Fifth Third Bank Zelle FTB F","true","true","https://www.53.com/content/fifth-third/en/login/activate-zelle.html","Active","https://enroll.zellepay.com/logos/zellepay/FTB.png","","https://www.53.com/content/fifth-third/en/login/activate-zelle.html"
"Filer Credit Union","Filer Credit Union","Filer Credit Union Zelle 0VE F","true","true","https://www.filercu.com/zelle","Active","https://enroll.zellepay.com/logos/zellepay/0VE.png","","https://www.filercu.com/zelle"
"Financial Access FCU","Financial Access FCU","Financial Access FCU Zelle 0NT F","true","true","https://www.financialaccessfcu.org/online-services/zelle","Active","https://enroll.zellepay.com/logos/zellepay/0NT.png","","https://www.financialaccessfcu.org/online-services/zelle"
"Financial Federal Bank","Financial Federal Bank","Financial Federal Bank Zelle 22G F","true","true","https://www.finfedmem.com/banking-services/personal-banking/online-mobile/banking/zelle/","Active","https://enroll.zellepay.com/logos/zellepay/22G.png","","https://www.finfedmem.com/banking-services/personal-banking/online-mobile/banking/zelle/"
"Financial Horizons CU","Financial Horizons CU","Financial Horizons CU Zelle 2OZ F","true","true","https://www.fhcunv.org/","Active","https://enroll.zellepay.com/logos/zellepay/2OZ.png","","https://www.fhcunv.org/"
"Financial Partners CU","Financial Partners CU","Financial Partners CU Zelle 0GP F","true","true","https://www.fpcu.org/zelle","Active","https://enroll.zellepay.com/logos/zellepay/0GP.png","","https://www.fpcu.org/zelle"
"Financial Plus Credit Union","Financial Plus Credit Union","Financial Plus Credit Union Zelle JID F","true","true","https://www.paymentsemails.com/ZelleOverview?jhid=5004&showVideo=1","Active","https://enroll.zellepay.com/logos/zellepay/JID.png","","https://www.paymentsemails.com/ZelleOverview?jhid=5004&showVideo=1"
"Financial Plus CU (IL)","Financial Plus CU (IL)","Financial Plus CU (IL) Zelle 3NK F","true","true","https://www.financialplus.org/services/online-services/zelle","Active","https://enroll.zellepay.com/logos/zellepay/3NK.png","","https://www.financialplus.org/services/online-services/zelle"
"FineMark Bank","FineMark Bank","FineMark Bank Zelle 0BD F","true","true","https://www.finemarkbank.com/services/zelle/","Active","https://enroll.zellepay.com/logos/zellepay/0BD.png","","https://www.finemarkbank.com/services/zelle/"
"Finex Credit Union","Finex Credit Union","Finex Credit Union Zelle JK5 F","true","true","https://www.paymentsemails.com/ZelleOverview?jhid=60073&showVideo=1","Active","https://enroll.zellepay.com/logos/zellepay/JK5.png","","https://www.paymentsemails.com/ZelleOverview?jhid=60073&showVideo=1"
"Finger Lakes FCU","Finger Lakes FCU","Finger Lakes FCU Zelle 2VP F","true","true","https://www.flfcu.org/bank/mobile-access/zelle","Active","https://enroll.zellepay.com/logos/zellepay/2VP.png","","https://www.flfcu.org/bank/mobile-access/zelle"
"Fire Fighters CU Tulsa","Fire Fighters CU Tulsa","Fire Fighters CU Tulsa Zelle 3M0 F","true","true","https://www.firefighterscu.org/zelle","Active","https://enroll.zellepay.com/logos/zellepay/3M0.png","","https://www.firefighterscu.org/zelle"
"Firefighters First CU","Firefighters First CU","Firefighters First CU Zelle 2S6 F","true","true","https://www.firefightersfirstcu.org/Resources/Digital/Mobile-Banking/Zelle","Active","https://enroll.zellepay.com/logos/zellepay/2S6.png","","https://www.firefightersfirstcu.org/Resources/Digital/Mobile-Banking/Zelle"
"First Alliance CU","First Alliance CU","First Alliance CU Zelle 25R F","true","true","https://www.firstalliancecu.com/send-money-with-zelle","Active","https://enroll.zellepay.com/logos/zellepay/25R.png","","https://www.firstalliancecu.com/send-money-with-zelle"
"First American Bank (IL)","First American Bank (IL)","First American Bank (IL) Zelle JFY F","true","true","https://www.paymentsemails.com/ZelleOverview?jhid=2749&showVideo=1","Active","https://enroll.zellepay.com/logos/zellepay/JFY.png","","https://www.paymentsemails.com/ZelleOverview?jhid=2749&showVideo=1"
"First American Bank and Trust","First American Bank and Trust","First American Bank and Trust Zelle J35 F","true","true","https://zelle.jhapaycenter.com/J35.html","Active","https://enroll.zellepay.com/logos/zellepay/J35.png","","https://zelle.jhapaycenter.com/J35.html"
"First American State Bank","First American State Bank","First American State Bank Zelle JG4 F","true","true","https://www.paymentsemails.com/ZelleOverview?jhid=2413&showVideo=1","Active","https://enroll.zellepay.com/logos/zellepay/JG4.png","","https://www.paymentsemails.com/ZelleOverview?jhid=2413&showVideo=1"
"First Arkansas Bank & Trust","First Arkansas Bank & Trust","First Arkansas Bank & Trust Zelle 0HC F","true","true","https://www.fabandt.bank/zelle","Active","https://enroll.zellepay.com/logos/zellepay/0HC.png","","https://www.fabandt.bank/zelle"
"First Bank","First Bank","First Bank Zelle 26P F","true","true","https://www.firstbanknj.com/about/central-new-jersey","Active","https://enroll.zellepay.com/logos/zellepay/26P.png","","https://www.firstbanknj.com/about/central-new-jersey"
"First Bank - (VA - Strasburg)","First Bank - (VA - Strasburg)","First Bank - (VA - Strasburg) Zelle JM1 F","true","true","https://www.fbvirginia.com/Zelle","Active","https://enroll.zellepay.com/logos/zellepay/JM1.png","","https://www.fbvirginia.com/Zelle"
"First Bank (AK)","First Bank (AK)","First Bank (AK) Zelle 22U F","true","true","https://www.firstbankak.com/personal/services/zelle.html","Active","https://enroll.zellepay.com/logos/zellepay/22U.png","","https://www.firstbankak.com/personal/services/zelle.html"
"First Bank (MO)","First Bank (MO)","First Bank (MO) Zelle 0WG F","true","true","https://www.first.bank/resources/manage/ebanking/zelle","Active","https://enroll.zellepay.com/logos/zellepay/0WG.png","","https://www.first.bank/resources/manage/ebanking/zelle"
"First Bank (NC)","First Bank (NC)","First Bank (NC) Zelle 0EQ F","true","true","https://localfirstbank.com/zelle","Active","https://enroll.zellepay.com/logos/zellepay/0EQ.png","","https://localfirstbank.com/zelle"
"First Bank & Trust Co. of IL","First Bank & Trust Co. of IL","First Bank & Trust Co. of IL Zelle 0PS F","true","true","https://www.firstbankillinois.com/zelle","Active","https://enroll.zellepay.com/logos/zellepay/0PS.png","","https://www.firstbankillinois.com/zelle"
"First Bank and Trust Company","First Bank and Trust Company","First Bank and Trust Company Zelle J08 F","true","true","https://zelle.jhapaycenter.com/J08.html","Active","https://enroll.zellepay.com/logos/zellepay/J08.png","","https://zelle.jhapaycenter.com/J08.html"
"First Bank Blue Earth","First Bank Blue Earth","First Bank Blue Earth Zelle 30S F","true","true","https://www.firstbankblueearth.com/Zelle.aspx","Active","https://enroll.zellepay.com/logos/zellepay/30S.png","","https://www.firstbankblueearth.com/Zelle.aspx"
"First Bank Chicago","First Bank Chicago","First Bank Chicago Zelle 28E F","true","true","https://firstbankhp.com","Active","https://enroll.zellepay.com/logos/zellepay/28E.png","","https://firstbankhp.com"
"First Bank of Boaz","First Bank of Boaz","First Bank of Boaz Zelle 0AO F","true","true","https://www.firstbankofboaz.com/personal-Banking/zelle","Active","https://enroll.zellepay.com/logos/zellepay/0AO.png","","https://www.firstbankofboaz.com/personal-Banking/zelle"
"First Bank of Central Ohio","First Bank of Central Ohio","First Bank of Central Ohio Zelle 0OW F","true","true","https://www.fbcentralohio.com/zelle","Active","https://enroll.zellepay.com/logos/zellepay/0OW.png","","https://www.fbcentralohio.com/zelle"
"First Bank Of Coastal Georgia","First Bank Of Coastal Georgia","First Bank Of Coastal Georgia Zelle 2Y3 F","true","true","https://firstbankofcg.com/Zelle","Active","https://enroll.zellepay.com/logos/zellepay/2Y3.png","","https://firstbankofcg.com/Zelle"
"First Bank of Greenwich","First Bank of Greenwich","First Bank of Greenwich Zelle 3LO F","true","true","https://greenwichfirst.com/send-and-receive-money-with-zelle/","Active","https://enroll.zellepay.com/logos/zellepay/3LO.png","","https://greenwichfirst.com/send-and-receive-money-with-zelle/"
"First Bank of Manhattan","First Bank of Manhattan","First Bank of Manhattan Zelle J36 F","true","true","https://www.paymentsemails.com/ZelleOverview?jhid=3592&showVideo=1","Active","https://enroll.zellepay.com/logos/zellepay/J36.png","","https://www.paymentsemails.com/ZelleOverview?jhid=3592&showVideo=1"
"First Bank of Montana","First Bank of Montana","First Bank of Montana Zelle JOD F","true","true","https://www.1stbmt.com/zelle","Active","https://enroll.zellepay.com/api/v1/ecm/sites/ecm/files/logos/override_uploads/JOD-zellepay.png","","https://www.1stbmt.com/zelle"
"First Bank of Wyoming","First Bank of Wyoming","First Bank of Wyoming Zelle JOJ F","true","true","https://www.gofirstbank.com/zelle","Active","https://enroll.zellepay.com/api/v1/ecm/sites/ecm/files/logos/override_uploads/JOJ-zellepay.png","","https://www.gofirstbank.com/zelle"
"First Capital Bank","First Capital Bank","First Capital Bank Zelle 3HA F","true","true","https://www.fcbcarolinas.com/Zelle","Active","https://enroll.zellepay.com/logos/zellepay/3HA.png","","https://www.fcbcarolinas.com/Zelle"
"First Central Savings Bank","First Central Savings Bank","First Central Savings Bank Zelle 2BT F","true","true","https://www.firstcentralsavings.com/zelle","Active","https://enroll.zellepay.com/logos/zellepay/2BT.png","","https://www.firstcentralsavings.com/zelle"
"First Century Bank","First Century Bank","First Century Bank Zelle JNM F","true","true","https://firstcenturybank.com/zelle","Active","https://enroll.zellepay.com/logos/zellepay/JNM.png","","https://firstcenturybank.com/zelle"
"First Choice CU","First Choice CU","First Choice CU Zelle 3K5 F","true","true","https://zelle.firstchoicecu.org/zelle.html","Active","https://enroll.zellepay.com/logos/zellepay/3K5.png","","https://zelle.firstchoicecu.org/zelle.html"
"First Choice Financial FCU","First Choice Financial FCU","First Choice Financial FCU Zelle 2NE F","true","true","https://www.fcfinancialcu.org/Zelle.aspx","Active","https://enroll.zellepay.com/logos/zellepay/2NE.png","","https://www.fcfinancialcu.org/Zelle.aspx"
"First Citizens Bank","First Citizens Bank","First Citizens Bank Zelle 25I F","true","true","https://www.firstcitizens.com/","Active","https://enroll.zellepay.com/logos/zellepay/25I.png","","https://www.firstcitizens.com/"
"First Citizens Bank of Luverne","First Citizens Bank of Luverne","First Citizens Bank of Luverne Zelle JPK F","true","true","https://www.fcbl.com/zelle/","Active","https://enroll.zellepay.com/logos/zellepay/JPK.png","","https://www.fcbl.com/zelle/"
"First Citizens State Bank (WI)","First Citizens State Bank (WI)","First Citizens State Bank (WI) Zelle 2EL F","true","true","https://www.firstcitizensww.com/Zelle.aspx","Active","https://enroll.zellepay.com/logos/zellepay/2EL.png","","https://www.firstcitizensww.com/Zelle.aspx"
"First City Credit Union","First City Credit Union","First City Credit Union Zelle 30O F","true","true","https://www.firstcitycu.org/zelle/","Active","https://enroll.zellepay.com/logos/zellepay/30O.png","","https://www.firstcitycu.org/zelle/"
"First Colony Bank of Florida","First Colony Bank of Florida","First Colony Bank of Florida Zelle 0UC F","true","true","https://www.firstcolonybank.net/zelle","Active","https://enroll.zellepay.com/logos/zellepay/0UC.png","","https://www.firstcolonybank.net/zelle"
"First Command Bank","First Command Bank","First Command Bank Zelle JMK F","true","true","https://dvfirstcommand-new.azurewebsites.net/banking/personal/online-banking/zelle/","Active","https://enroll.zellepay.com/logos/zellepay/JMK.png","","https://dvfirstcommand-new.azurewebsites.net/banking/personal/online-banking/zelle/"
"First Commerce Bank","First Commerce Bank","First Commerce Bank Zelle 2CN F","true","true","https://firstcommercebk.com/Personal/Personal-Services/Zelle","Active","https://enroll.zellepay.com/logos/zellepay/2CN.png","","https://firstcommercebk.com/Personal/Personal-Services/Zelle"
"First Commerce Credit Union","First Commerce Credit Union","First Commerce Credit Union Zelle 35Z F","true","true","https://zelle.firstcommercecu.org/","Active","https://enroll.zellepay.com/logos/zellepay/35Z.png","","https://zelle.firstcommercecu.org/"
"First Commonwealth Bank","First Commonwealth Bank","First Commonwealth Bank Zelle J0Y F","true","true","https://zelle.jhapaycenter.com/J0Y.html","Active","https://enroll.zellepay.com/api/v1/ecm/sites/ecm/files/logos/override_uploads/J0Y_zellepay.png","","https://zelle.jhapaycenter.com/J0Y.html"
"First Commonwealth FCU","First Commonwealth FCU","First Commonwealth FCU Zelle JHM F","true","true","https://www.paymentsemails.com/ZelleOverview?jhid=56359&showVideo=1","Active","https://enroll.zellepay.com/logos/zellepay/JHM.png","","https://www.paymentsemails.com/ZelleOverview?jhid=56359&showVideo=1"
"First Community Bank (AR & MO)","First Community Bank (AR & MO)","First Community Bank (AR & MO) Zelle 0EJ F","true","true","https://firstcommunity.net/personal-banking/home/Zelle","Active","https://enroll.zellepay.com/logos/zellepay/0EJ.png","","https://firstcommunity.net/personal-banking/home/Zelle"
"First Community Bank (SC & GA)","First Community Bank (SC & GA)","First Community Bank (SC & GA) Zelle 0D9 F","true","true","https://www.firstcommunitysc.com/landing-pages/Zelle","Active","https://enroll.zellepay.com/logos/zellepay/0D9.png","","https://www.firstcommunitysc.com/landing-pages/Zelle"
"First Community Bank (TX)","First Community Bank (TX)","First Community Bank (TX) Zelle 0H0 F","true","true","https://www.fcbtx.com/zelle","Active","https://enroll.zellepay.com/logos/zellepay/0H0.png","","https://www.fcbtx.com/zelle"
"First Community Bank (VA)","First Community Bank (VA)","First Community Bank (VA) Zelle J7W F","true","true","https://zelle.jhapaycenter.com/J7W.html","Active","https://enroll.zellepay.com/logos/zellepay/J7W.png","","https://zelle.jhapaycenter.com/J7W.html"
"First Community Bank and Trust","First Community Bank and Trust","First Community Bank and Trust Zelle 2BU F","true","true","https://www.firstcbt.bank/online-banking/zelle","Active","https://enroll.zellepay.com/logos/zellepay/2BU.png","","https://www.firstcbt.bank/online-banking/zelle"
"First County Bank","First County Bank","First County Bank Zelle 2LA F","true","true","https://firstcountybank.com/zelle/","Active","https://enroll.zellepay.com/logos/zellepay/2LA.png","","https://firstcountybank.com/zelle/"
"First Credit Union","First Credit Union","First Credit Union Zelle JHZ F","true","true","https://www.paymentsemails.com/ZelleOverview?jhid=57919&showVideo=1","Active","https://enroll.zellepay.com/logos/zellepay/JHZ.png","","https://www.paymentsemails.com/ZelleOverview?jhid=57919&showVideo=1"
"First Eagle Bank","First Eagle Bank","First Eagle Bank Zelle 23W F","true","true","https://web6.secureinternetbank.com/PBI_PBI1151/login/071925017","Active","https://enroll.zellepay.com/logos/zellepay/23W.png","","https://web6.secureinternetbank.com/PBI_PBI1151/login/071925017"
"First Entertainment CU","First Entertainment CU","First Entertainment CU Zelle JIS F","true","true","https://www.firstent.org/zelle/","Active","https://enroll.zellepay.com/logos/zellepay/JIS.png","","https://www.firstent.org/zelle/"
"First Exchange Bank","First Exchange Bank","First Exchange Bank Zelle 0U3 F","true","true","https://firstexchangebank.com/zelle","Active","https://enroll.zellepay.com/logos/zellepay/0U3.png","","https://firstexchangebank.com/zelle"
"First FarmBank","First FarmBank","First FarmBank Zelle 25Q F","true","true","https://www.firstfarmbank.com/Zelle.aspx#","Active","https://enroll.zellepay.com/logos/zellepay/25Q.png","","https://www.firstfarmbank.com/Zelle.aspx#"
"First Farmers & Merchants Bank","First Farmers & Merchants Bank","First Farmers & Merchants Bank Zelle 0EZ F","true","true","https://www.myfirstfarmers.com","Active","https://enroll.zellepay.com/logos/zellepay/0EZ.png","","https://www.myfirstfarmers.com"
"First Fed Delta","First Fed Delta","First Fed Delta Zelle 2HS F","true","true","https://www.firstfeddelta.bank/Zelle.aspx","Active","https://enroll.zellepay.com/logos/zellepay/2HS.png","","https://www.firstfeddelta.bank/Zelle.aspx"
"First Fed Savings Bank Ottawa","First Fed Savings Bank Ottawa","First Fed Savings Bank Ottawa Zelle 2LI F","true","true","https://www.ffsbweb.com/Zelle","Active","https://enroll.zellepay.com/logos/zellepay/2LI.png","","https://www.ffsbweb.com/Zelle"
"First Federal","First Federal","First Federal Zelle 2OX F","true","true","https://www.firstfedweb.com/Zelle.aspx","Active","https://enroll.zellepay.com/logos/zellepay/2OX.png","","https://www.firstfedweb.com/Zelle.aspx"
"First Federal Bank","First Federal Bank","First Federal Bank Zelle 2HJ F","true","true","https://www.ffbf.com/zelle","Active","https://enroll.zellepay.com/logos/zellepay/2HJ.png","","https://www.ffbf.com/zelle"
"First Federal Bank (TN)","First Federal Bank (TN)","First Federal Bank (TN) Zelle JN4 F","true","true","https://www.ffbtn.com/zelle","Active","https://enroll.zellepay.com/logos/zellepay/JN4.png","","https://www.ffbtn.com/zelle"
"First Federal Bank NC","First Federal Bank NC","First Federal Bank NC Zelle 2ZJ F","true","true","https://www.firstfederalbanknc.com/digital-banking/zelle","Active","https://enroll.zellepay.com/logos/zellepay/2ZJ.png","","https://www.firstfederalbanknc.com/digital-banking/zelle"
"First Federal Bank of LA","First Federal Bank of LA","First Federal Bank of LA Zelle 23K F","true","true","https://www.ffbla.bank/Zelle.aspx","Active","https://enroll.zellepay.com/logos/zellepay/23K.png","","https://www.ffbla.bank/Zelle.aspx"
"First Federal Bank Wisconsin","First Federal Bank Wisconsin","First Federal Bank Wisconsin Zelle 2A4 F","true","true","https://www.firstfederalwisconsin.com/zelle/","Active","https://enroll.zellepay.com/logos/zellepay/2A4.png","","https://www.firstfederalwisconsin.com/zelle/"
"First Federal Credit Union","First Federal Credit Union","First Federal Credit Union Zelle 3EH F","true","true","https://www.firstfedcu.com/zelle","Active","https://enroll.zellepay.com/logos/zellepay/3EH.png","","https://www.firstfedcu.com/zelle"
"First Federal S&L Valdosta","First Federal S&L Valdosta","First Federal S&L Valdosta Zelle 3Q0 F","true","true","https://www.1stfederalvaldosta.com/zelle.aspx","Active","https://enroll.zellepay.com/logos/zellepay/3Q0.png","","https://www.1stfederalvaldosta.com/zelle.aspx"
"First Federal Savings","First Federal Savings","First Federal Savings Zelle 3Q9 F","true","true","https://www.firstfedohio.com/zelle","Active","https://enroll.zellepay.com/logos/zellepay/3Q9.png","","https://www.firstfedohio.com/zelle"
"FIRST FEDERAL SAVINGS BANK","FIRST FEDERAL SAVINGS BANK","FIRST FEDERAL SAVINGS BANK Zelle 3BB F","true","true","https://www.firstfederalwashington.com/zelle","Active","https://enroll.zellepay.com/logos/zellepay/3BB.png","","https://www.firstfederalwashington.com/zelle"
"First Federal Savings of TF","First Federal Savings of TF","First Federal Savings of TF Zelle 0N4 F","true","true","https://www.bankfirstfed.com/zelle","Active","https://enroll.zellepay.com/logos/zellepay/0N4.png","","https://www.bankfirstfed.com/zelle"
"First Federal SB-Evansville","First Federal SB-Evansville","First Federal SB-Evansville Zelle 2UM F","true","true","https://www.firstfedsavings.bank/zelle/","Active","https://enroll.zellepay.com/logos/zellepay/2UM.png","","https://www.firstfedsavings.bank/zelle/"
"First Fidelity Bank","First Fidelity Bank","First Fidelity Bank Zelle J11 F","true","true","https://zelle.jhapaycenter.com/J11.html","Active","https://enroll.zellepay.com/api/v1/ecm/sites/ecm/files/logos/override_uploads/ffb-zellepay.png","","https://zelle.jhapaycenter.com/J11.html"
"First Fidelity Bank - South Da","First Fidelity Bank - South Da","First Fidelity Bank - South Da Zelle 38G F","true","true","https://www.ffb-sd.com/online-mobile-banking/zelle/","Active","https://enroll.zellepay.com/logos/zellepay/38G.png","","https://www.ffb-sd.com/online-mobile-banking/zelle/"
"First Financial Bank","First Financial Bank","First Financial Bank Zelle 2GM F","true","true","https://www.first-online.bank/","Active","https://enroll.zellepay.com/logos/zellepay/2GM.png","","https://www.first-online.bank/"
"First Financial Bank (OH)","First Financial Bank (OH)","First Financial Bank (OH) Zelle JFS F","true","true","https://www.bankatfirst.com/personal/bank/digital/zelle.html","Active","https://enroll.zellepay.com/logos/zellepay/JFS.png","","https://www.bankatfirst.com/personal/bank/digital/zelle.html"
"First Financial Bank (TX)","First Financial Bank (TX)","First Financial Bank (TX) Zelle JGY F","true","true","https://ffin.com/en-us/personal-banking/bank/online-mobile/zelle%c2%ae-send-and-receive-money/","Active","https://enroll.zellepay.com/logos/zellepay/JGY.png","","https://ffin.com/en-us/personal-banking/bank/online-mobile/zelle%c2%ae-send-and-receive-money/"
"First Financial Credit Union","First Financial Credit Union","First Financial Credit Union Zelle 0JQ F","true","true","https://www.ffnm.org/services-tools/services/zelle.html","Active","https://enroll.zellepay.com/logos/zellepay/0JQ.png","","https://www.ffnm.org/services-tools/services/zelle.html"
"First Financial CU (CA)","First Financial CU (CA)","First Financial CU (CA) Zelle 3QI F","true","true","https://www.ffcu.org/accounts-services/eservices/zelle","Active","https://enroll.zellepay.com/logos/zellepay/3QI.png","","https://www.ffcu.org/accounts-services/eservices/zelle"
"First Financial FCU","First Financial FCU","First Financial FCU Zelle 2KW F","true","true","https://www.firstffcu.com/zelle","Active","https://enroll.zellepay.com/logos/zellepay/2KW.png","","https://www.firstffcu.com/zelle"
"First Financial of MD FCU","First Financial of MD FCU","First Financial of MD FCU Zelle 0K6 F","true","true","https://www.firstfinancial.org/eservices/zelle","Active","https://enroll.zellepay.com/logos/zellepay/0K6.png","","https://www.firstfinancial.org/eservices/zelle"
"First Florida Credit Union","First Florida Credit Union","First Florida Credit Union Zelle JMF F","true","true","https://www.firstflorida.org/mobile-digital/digital/zelle","Active","https://enroll.zellepay.com/logos/zellepay/JMF.png","","https://www.firstflorida.org/mobile-digital/digital/zelle"
"First Foundation Bank","First Foundation Bank","First Foundation Bank Zelle 1E5 F","true","true","https://www.firstfoundationinc.com/zelle","Active","https://enroll.zellepay.com/logos/zellepay/1E5.png","","https://www.firstfoundationinc.com/zelle"
"First General Bank","First General Bank","First General Bank Zelle 2IH F","true","true","https://www.fgbusa.com/Zelle.aspx","Active","https://enroll.zellepay.com/logos/zellepay/2IH.png","","https://www.fgbusa.com/Zelle.aspx"
"First Harvest Credit Union","First Harvest Credit Union","First Harvest Credit Union Zelle 34N F","true","true","https://www.firstharvestcu.com/zelle","Active","https://enroll.zellepay.com/logos/zellepay/34N.png","","https://www.firstharvestcu.com/zelle"
"First Hawaiian Bank","First Hawaiian Bank","First Hawaiian Bank Zelle 3BQ F","true","true","https://www.fhb.com/zelle","Active","https://enroll.zellepay.com/logos/zellepay/3BQ.png","","https://www.fhb.com/zelle"
"First Heroes National Bank","First Heroes National Bank","First Heroes National Bank Zelle 0G6 F","true","true","https://www.fhnb.com","Active","https://enroll.zellepay.com/logos/zellepay/0G6.png","","https://www.fhnb.com"
"First Hope Bank","First Hope Bank","First Hope Bank Zelle J82 F","true","true","https://www.firsthope.bank/zelle/","Active","https://enroll.zellepay.com/logos/zellepay/J82.png","","https://www.firsthope.bank/zelle/"
"First Horizon","First Horizon","First Horizon Zelle 3LN F","true","true","https://www.firsthorizon.com/landing/digital-banking/zelle","Active","","","https://www.firsthorizon.com/landing/digital-banking/zelle"
"First Internet Bank","First Internet Bank","First Internet Bank Zelle 3JZ F","true","true","https://www.firstib.com/personal/bank/zelle/","Active","https://enroll.zellepay.com/api/v1/ecm/sites/ecm/files/logos/override_uploads/3JZ-zellepay.png","","https://www.firstib.com/personal/bank/zelle/"
"First Interstate Bank","First Interstate Bank","First Interstate Bank Zelle 36M F","true","true","https://www.firstinterstatebank.com/support/zelle.php","Active","https://enroll.zellepay.com/logos/zellepay/36M.png","","https://www.firstinterstatebank.com/support/zelle.php"
"First Intl. Bank & Trust","First Intl. Bank & Trust","First Intl. Bank & Trust Zelle 23T F","true","true","https://fibt.com/zelle/","Active","https://enroll.zellepay.com/logos/zellepay/23T.png","","https://fibt.com/zelle/"
"First Merchants Bank","First Merchants Bank","First Merchants Bank Zelle 0GG F","true","true","https://www.firstmerchants.com/personal/mobile-banking/zelle","Active","https://enroll.zellepay.com/logos/zellepay/0GG.png","","https://www.firstmerchants.com/personal/mobile-banking/zelle"
"First Metro Bank","First Metro Bank","First Metro Bank Zelle JN5 F","true","true","https://www.firstmetro.com/services-tools/account-services/zelle-stand-alone.html","Active","https://enroll.zellepay.com/logos/zellepay/JN5.png","","https://www.firstmetro.com/services-tools/account-services/zelle-stand-alone.html"
"First Mid Bank & Trust","First Mid Bank & Trust","First Mid Bank & Trust Zelle 3D9 F","true","true","https://www.firstmid.com/zelle/","Active","https://enroll.zellepay.com/logos/zellepay/3D9.png","","https://www.firstmid.com/zelle/"
"First Missouri Credit Union","First Missouri Credit Union","First Missouri Credit Union Zelle 2I3 F","true","true","https://www.1stmocu.org/Default.aspx","Active","https://enroll.zellepay.com/logos/zellepay/2I3.png","","https://www.1stmocu.org/Default.aspx"
"First Montana Bank","First Montana Bank","First Montana Bank Zelle 2DR F","true","true","https://www.firstmontanabank.com/zelle","Active","https://enroll.zellepay.com/logos/zellepay/2DR.png","","https://www.firstmontanabank.com/zelle"
"FIRST NATIONAL BANK","FIRST NATIONAL BANK","FIRST NATIONAL BANK Zelle 2VQ F","true","true","https://www.1stnatbk.com/personal/zelle","Active","https://enroll.zellepay.com/logos/zellepay/2VQ.png","","https://www.1stnatbk.com/personal/zelle"
"First National Bank (AR)","First National Bank (AR)","First National Bank (AR) Zelle J8A F","true","true","https://www.paymentsemails.com/ZelleOverview?jhid=1126&showVideo=1","Active","https://enroll.zellepay.com/logos/zellepay/J8A.png","","https://www.paymentsemails.com/ZelleOverview?jhid=1126&showVideo=1"
"First National Bank (ME)","First National Bank (ME)","First National Bank (ME) Zelle JJG F","true","true","https://www.paymentsemails.com/ZelleOverview?MyFITool&jhID=6280&showVideo=1","Active","https://enroll.zellepay.com/logos/zellepay/JJG.png","","https://www.paymentsemails.com/ZelleOverview?MyFITool&jhID=6280&showVideo=1"
"First National Bank Alaska","First National Bank Alaska","First National Bank Alaska Zelle 23G F","true","true","https://www.fnbalaska.com/personal-banking/zelle","Active","https://enroll.zellepay.com/logos/zellepay/23G.png","","https://www.fnbalaska.com/personal-banking/zelle"
"First National Bank Bemidji","First National Bank Bemidji","First National Bank Bemidji Zelle 23V F","true","true","https://www.fnbbemidji.com/Zelle.aspx","Active","https://enroll.zellepay.com/logos/zellepay/23V.png","","https://www.fnbbemidji.com/Zelle.aspx"
"First National Bank DeRidder","First National Bank DeRidder","First National Bank DeRidder Zelle 0EU F","true","true","https://bankfnbd.com/zelle-banking.html","Active","https://enroll.zellepay.com/logos/zellepay/0EU.png","","https://bankfnbd.com/zelle-banking.html"
"First National Bank Granbury","First National Bank Granbury","First National Bank Granbury Zelle 0SI F","true","true","https://www.fnbgranbury.com/online-banking-zelle","Active","https://enroll.zellepay.com/logos/zellepay/0SI.png","","https://www.fnbgranbury.com/online-banking-zelle"
"First National Bank Le Center","First National Bank Le Center","First National Bank Le Center Zelle 3BK F","true","true","https://fnblecenter.com/online-mobile/zelle","Active","https://enroll.zellepay.com/logos/zellepay/3BK.png","","https://fnblecenter.com/online-mobile/zelle"
"First National Bank LJ","First National Bank LJ","First National Bank LJ Zelle 2YG F","true","true","https://www.fnblj.com/zelle","Active","https://enroll.zellepay.com/logos/zellepay/2YG.png","","https://www.fnblj.com/zelle"
"First National Bank Minnesota","First National Bank Minnesota","First National Bank Minnesota Zelle 2CB F","true","true","https://www.fnbmn.bank/Zelle.aspx","Active","https://enroll.zellepay.com/logos/zellepay/2CB.png","","https://www.fnbmn.bank/Zelle.aspx"
"First National Bank Mount Dora","First National Bank Mount Dora","First National Bank Mount Dora Zelle JMU F","true","true","https://www.fnbmd.com/personal/zelle-2026","Active","https://enroll.zellepay.com/logos/zellepay/JMU.png","","https://www.fnbmd.com/personal/zelle-2026"
"First National Bank New Bremen","First National Bank New Bremen","First National Bank New Bremen Zelle 2JZ F","true","true","https://www.firstnbank.bank/personal/online-and-mobile-banking/zelle","Active","https://enroll.zellepay.com/logos/zellepay/2JZ.png","","https://www.firstnbank.bank/personal/online-and-mobile-banking/zelle"
"First National Bank North","First National Bank North","First National Bank North Zelle 2GG F","true","true","https://www.fnbnorth.com/content/zelle","Active","https://enroll.zellepay.com/logos/zellepay/2GG.png","","https://www.fnbnorth.com/content/zelle"
"First National Bank of Absecon","First National Bank of Absecon","First National Bank of Absecon Zelle 0I5 F","true","true","https://www.fnbabsecon.com/zelle-page","Active","https://enroll.zellepay.com/logos/zellepay/0I5.png","","https://www.fnbabsecon.com/zelle-page"
"First National Bank of Elmer","First National Bank of Elmer","First National Bank of Elmer Zelle 3DV F","true","true","https://www.elmerbank.com/zelle","Active","https://enroll.zellepay.com/logos/zellepay/3DV.png","","https://www.elmerbank.com/zelle"
"First National Bank of Gidding","First National Bank of Gidding","First National Bank of Gidding Zelle 22Q F","true","true","https://www.fnbgiddings.com/Zelle","Active","https://enroll.zellepay.com/logos/zellepay/22Q.png","","https://www.fnbgiddings.com/Zelle"
"First National Bank of Hope","First National Bank of Hope","First National Bank of Hope Zelle 35F F","true","true","https://www.fnbks.com/resources/zelle","Active","https://enroll.zellepay.com/logos/zellepay/35F.png","","https://www.fnbks.com/resources/zelle"
"First National Bank of Hutch","First National Bank of Hutch","First National Bank of Hutch Zelle 0O6 F","true","true","https://www.fnbhutch.bank/about_us.php?page=news_events-zelle","Active","https://enroll.zellepay.com/logos/zellepay/0O6.png","","https://www.fnbhutch.bank/about_us.php?page=news_events-zelle"
"First National Bank of MI","First National Bank of MI","First National Bank of MI Zelle 39B F","true","true","https://www.fnbmichigan.bank/zelle/","Active","https://enroll.zellepay.com/logos/zellepay/39B.png","","https://www.fnbmichigan.bank/zelle/"
"First National Bank of Newtown","First National Bank of Newtown","First National Bank of Newtown Zelle 2C0 F","true","true","https://www.fnbn.com/zelle/","Active","https://enroll.zellepay.com/logos/zellepay/2C0.png","","https://www.fnbn.com/zelle/"
"First National Bank of Nokomis","First National Bank of Nokomis","First National Bank of Nokomis Zelle 30T F","true","true","https://www.fnbnokomis.com/other-banking-services/zelle.php","Active","https://enroll.zellepay.com/logos/zellepay/30T.png","","https://www.fnbnokomis.com/other-banking-services/zelle.php"
"First National Bank of Omaha","First National Bank of Omaha","First National Bank of Omaha Zelle 39X F","true","true","https://www.fnbo.com/digital-banking/zelle","Active","https://enroll.zellepay.com/logos/zellepay/39X.png","","https://www.fnbo.com/digital-banking/zelle"
"First National Bank of PA","First National Bank of PA","First National Bank of PA Zelle 20B F","true","true","https://www.fnb-online.com/bank/electronic-banking/Zelle","Active","https://enroll.zellepay.com/logos/zellepay/20B.png","","https://www.fnb-online.com/bank/electronic-banking/Zelle"
"First National Bank of Pandora","First National Bank of Pandora","First National Bank of Pandora Zelle 2A2 F","true","true","https://www.e-fnb.com/Zelle.aspx","Active","https://enroll.zellepay.com/logos/zellepay/2A2.png","","https://www.e-fnb.com/Zelle.aspx"
"First National Bank of Pulaski","First National Bank of Pulaski","First National Bank of Pulaski Zelle 0FN F","true","true","https://www.fnbforyou.com/personal/online-mobile/#mobile-banking","Active","https://enroll.zellepay.com/logos/zellepay/0FN.png","","https://www.fnbforyou.com/personal/online-mobile/#mobile-banking"
"First National Bank of River Falls","First National Bank of River Falls","First National Bank of River Falls Zelle 2PR F","true","true","https://fnbrf.com/zelle/","Active","https://enroll.zellepay.com/logos/zellepay/2PR.png","","https://fnbrf.com/zelle/"
"FIRST NATIONAL BANK OF SC","FIRST NATIONAL BANK OF SC","FIRST NATIONAL BANK OF SC Zelle 3KD F","true","true","https://www.fnbsc.com/zelle","Active","https://enroll.zellepay.com/logos/zellepay/3KD.png","","https://www.fnbsc.com/zelle"
"First National Bank of Scotia","First National Bank of Scotia","First National Bank of Scotia Zelle 0FQ F","true","true","https://firstscotia.com/send-money-in-the-moment-with-zelle/","Active","https://enroll.zellepay.com/logos/zellepay/0FQ.png","","https://firstscotia.com/send-money-in-the-moment-with-zelle/"
"First National Bank of Sonora","First National Bank of Sonora","First National Bank of Sonora Zelle J3Q F","true","true","https://www.sonorabank.com/digital/zelle","Active","https://enroll.zellepay.com/logos/zellepay/J3Q.png","","https://www.sonorabank.com/digital/zelle"
"First National Bank of Waterloo","First National Bank of Waterloo","First National Bank of Waterloo Zelle 29F F","true","true","https://www.fnbwaterloo.bank/zelle/","Active","https://enroll.zellepay.com/logos/zellepay/29F.png","","https://www.fnbwaterloo.bank/zelle/"
"First National Bank Of Waverly","First National Bank Of Waverly","First National Bank Of Waverly Zelle 0ED F","true","true","https://www.thefirstnational.com/services/zelle","Active","https://enroll.zellepay.com/logos/zellepay/0ED.png","","https://www.thefirstnational.com/services/zelle"
"First National Bank Texas","First National Bank Texas","First National Bank Texas Zelle 0G5 F","true","true","https://1stnb.com/zelle","Active","https://enroll.zellepay.com/logos/zellepay/0G5.png","","https://1stnb.com/zelle"
"First National Bank Trinidad","First National Bank Trinidad","First National Bank Trinidad Zelle 2RO F","true","true","https://fnbtrinidad.com/zelle","Active","https://enroll.zellepay.com/logos/zellepay/2RO.png","","https://fnbtrinidad.com/zelle"
"First National Bank USA","First National Bank USA","First National Bank USA Zelle 2VS F","true","true","https://www.fnbusa.com/zelle","Active","https://enroll.zellepay.com/logos/zellepay/2VS.png","","https://www.fnbusa.com/zelle"
"First Nations Bank","First Nations Bank","First Nations Bank Zelle 0HE F","true","true","https://fnbwbank.com","Active","https://enroll.zellepay.com/logos/zellepay/0HE.png","","https://fnbwbank.com"
"First Nebraska Bank","First Nebraska Bank","First Nebraska Bank Zelle 2W9 F","true","true","https://www.firstnebraska.bank/Zelle","Active","https://enroll.zellepay.com/logos/zellepay/2W9.png","","https://www.firstnebraska.bank/Zelle"
"First Neighbor Bank","First Neighbor Bank","First Neighbor Bank Zelle 2SR F","true","true","https://firstneighbor.com/zelle","Active","https://enroll.zellepay.com/logos/zellepay/2SR.png","","https://firstneighbor.com/zelle"
"First Northern Bank & Trust Co","First Northern Bank & Trust Co","First Northern Bank & Trust Co Zelle JPW F","true","true","https://www.1stnorthern.bank/zelle","Active","https://enroll.zellepay.com/logos/zellepay/JPW.png","","https://www.1stnorthern.bank/zelle"
"First Northern Credit Union","First Northern Credit Union","First Northern Credit Union Zelle 3P0 F","true","true","https://www.fncu.org/Access/zelle-landing-page","Active","https://enroll.zellepay.com/logos/zellepay/3P0.png","","https://www.fncu.org/Access/zelle-landing-page"
"First Option Bank","First Option Bank","First Option Bank Zelle 0FM F","true","true","https://www.firstoptionbank.com/zelle","Active","https://enroll.zellepay.com/logos/zellepay/0FM.png","","https://www.firstoptionbank.com/zelle"
"First Pacific Bank","First Pacific Bank","First Pacific Bank Zelle 0TB F","true","true","https://www.firstpacbank.com/zelle","Active","https://enroll.zellepay.com/logos/zellepay/0TB.png","","https://www.firstpacbank.com/zelle"
"First Palmetto Bank","First Palmetto Bank","First Palmetto Bank Zelle 3JS F","true","true","https://www.firstpalmetto.com/personal/tech/zelle","Active","https://enroll.zellepay.com/logos/zellepay/3JS.png","","https://www.firstpalmetto.com/personal/tech/zelle"
"First Pioneers FCU","First Pioneers FCU","First Pioneers FCU Zelle 2CY F","true","true","https://www.firstpioneers.com/zelle","Active","https://enroll.zellepay.com/logos/zellepay/2CY.png","","https://www.firstpioneers.com/zelle"
"First Priority Credit Union","First Priority Credit Union","First Priority Credit Union Zelle 3NL F","true","true","https://www.firstprioritycu.com/eServices/Zelle%C2%AE","Active","https://enroll.zellepay.com/logos/zellepay/3NL.png","","https://www.firstprioritycu.com/eServices/Zelle%C2%AE"
"First Pryority Bank","First Pryority Bank","First Pryority Bank Zelle 0PO F","true","true","https://www.firstpryoritybank.com","Active","https://enroll.zellepay.com/logos/zellepay/0PO.png","","https://www.firstpryoritybank.com"
"First Savings Bank","First Savings Bank","First Savings Bank Zelle 3SD F","true","true","https://www.firstsavingsbanks.bank/zelle","Active","https://enroll.zellepay.com/logos/zellepay/3SD.png","","https://www.firstsavingsbanks.bank/zelle"
"First Seacoast Bank","First Seacoast Bank","First Seacoast Bank Zelle 25O F","true","true","https://www.firstseacoastbank.com/zelle","Active","https://enroll.zellepay.com/logos/zellepay/25O.png","","https://www.firstseacoastbank.com/zelle"
"First Secure Bank & Trust Co","First Secure Bank & Trust Co","First Secure Bank & Trust Co Zelle J8N F","true","true","https://www.firstsecurebank.com/zelle","Active","https://enroll.zellepay.com/logos/zellepay/J8N.png","","https://www.firstsecurebank.com/zelle"
"First Secure Community Bank","First Secure Community Bank","First Secure Community Bank Zelle J8P F","true","true","https://www.1stsecurebank.com/zelle-support.html","Active","https://enroll.zellepay.com/logos/zellepay/J8P.png","","https://www.1stsecurebank.com/zelle-support.html"
"First Security Bank (Bozeman)","First Security Bank (Bozeman)","First Security Bank (Bozeman) Zelle JOF F","true","true","https://www.ourbank.com/zelle","Active","https://enroll.zellepay.com/api/v1/ecm/sites/ecm/files/logos/override_uploads/JOF-zellepay.png","","https://www.ourbank.com/zelle"
"First Security Bank (Byron MN)","First Security Bank (Byron MN)","First Security Bank (Byron MN) Zelle 2EG F","true","true","https://www.fsbbyron.com/send-money-with-zelle","Active","https://enroll.zellepay.com/logos/zellepay/2EG.png","","https://www.fsbbyron.com/send-money-with-zelle"
"First Security Bank (Missoula)","First Security Bank (Missoula)","First Security Bank (Missoula) Zelle JOB F","true","true","https://www.fsbmsla.com/zelle","Active","https://enroll.zellepay.com/api/v1/ecm/sites/ecm/files/logos/override_uploads/JOB-zellepay.png","","https://www.fsbmsla.com/zelle"
"First Security Bank & Trust Co","First Security Bank & Trust Co","First Security Bank & Trust Co Zelle 27C F","true","true","https://www.1stsecuritybank.com/zelle.html","Active","https://enroll.zellepay.com/logos/zellepay/27C.png","","https://www.1stsecuritybank.com/zelle.html"
"First Service Credit Union","First Service Credit Union","First Service Credit Union Zelle 3H9 F","true","true","https://www.fscu.com/zelle","Active","https://enroll.zellepay.com/logos/zellepay/3H9.png","","https://www.fscu.com/zelle"
"First Source FCU","First Source FCU","First Source FCU Zelle 0NH F","true","true","https://www.fsource.org/e-services/mobile-banking-app","Active","https://enroll.zellepay.com/logos/zellepay/0NH.png","","https://www.fsource.org/e-services/mobile-banking-app"
"First Southern Bank","First Southern Bank","First Southern Bank Zelle 2Q3 F","true","true","https://fsb-bank.bank/e-banking/zelle","Active","https://enroll.zellepay.com/logos/zellepay/2Q3.png","","https://fsb-bank.bank/e-banking/zelle"
"First Southern State Bank","First Southern State Bank","First Southern State Bank Zelle JKS F","true","true","https://www.fssbank.com/accounts/services/zelle","Active","https://enroll.zellepay.com/logos/zellepay/JKS.png","","https://www.fssbank.com/accounts/services/zelle"
"First Southwest Bank","First Southwest Bank","First Southwest Bank Zelle JKT F","true","true","https://cloud.paymentsemails.com/ZelleOverview?jhid=56514&showVideo=1","Active","https://enroll.zellepay.com/logos/zellepay/JKT.png","","https://cloud.paymentsemails.com/ZelleOverview?jhid=56514&showVideo=1"
"First State Bank","First State Bank","First State Bank Zelle J09 F","true","true","https://zelle.jhapaycenter.com/J09.html","Active","https://enroll.zellepay.com/logos/zellepay/J09.png","","https://zelle.jhapaycenter.com/J09.html"
"First State Bank  Middlebury","First State Bank  Middlebury","First State Bank  Middlebury Zelle J37 F","true","true","https://zelle.jhapaycenter.com/J37.html","Active","https://enroll.zellepay.com/logos/zellepay/J37.png","","https://zelle.jhapaycenter.com/J37.html"
"First State Bank - Michigan","First State Bank - Michigan","First State Bank - Michigan Zelle 30I F","true","true","https://fsb.bank/personal/bank/zelle","Active","https://enroll.zellepay.com/logos/zellepay/30I.png","","https://fsb.bank/personal/bank/zelle"
"First State Bank (FL)","First State Bank (FL)","First State Bank (FL) Zelle 27B F","true","true","https://www.keysbank.com","Active","https://enroll.zellepay.com/logos/zellepay/27B.png","","https://www.keysbank.com"
"First State Bank (NE-Loomis)","First State Bank (NE-Loomis)","First State Bank (NE-Loomis) Zelle 3H1 F","true","true","https://www.fsbloomis.com/digital-banking/zelle","Active","https://enroll.zellepay.com/logos/zellepay/3H1.png","","https://www.fsbloomis.com/digital-banking/zelle"
"First State Bank (TX)","First State Bank (TX)","First State Bank (TX) Zelle JSG F","true","true","https://www.fsblivingston.bank/other-services/zelle","Active","https://enroll.zellepay.com/logos/zellepay/JSG.png","","https://www.fsblivingston.bank/other-services/zelle"
"First State Bank (WI)","First State Bank (WI)","First State Bank (WI) Zelle JMQ F","true","true","https://www.bankfirststate.com/personal/digital-banking/zelle","Active","https://enroll.zellepay.com/logos/zellepay/JMQ.png","","https://www.bankfirststate.com/personal/digital-banking/zelle"
"First State Bank & Trust (KS)","First State Bank & Trust (KS)","First State Bank & Trust (KS) Zelle 36B F","true","true","https://www.firststateks.com/zelle","Active","https://enroll.zellepay.com/logos/zellepay/36B.png","","https://www.firststateks.com/zelle"
"First State Bank and Trust Co","First State Bank and Trust Co","First State Bank and Trust Co Zelle J2L F","true","true","https://zelle.jhapaycenter.com/J2L.html","Active","https://enroll.zellepay.com/logos/zellepay/J2L.png","","https://zelle.jhapaycenter.com/J2L.html"
"First State Bank Athens Texas","First State Bank Athens Texas","First State Bank Athens Texas Zelle 2VU F","true","true","https://bankfsb.com/enroll-now/zelle","Active","https://enroll.zellepay.com/logos/zellepay/2VU.png","","https://bankfsb.com/enroll-now/zelle"
"First State Bank IL","First State Bank IL","First State Bank IL Zelle 2EX F","true","true","https://www.firststatebank.biz/Zelle","Active","https://enroll.zellepay.com/logos/zellepay/2EX.png","","https://www.firststatebank.biz/Zelle"
"First State Bank NE","First State Bank NE","First State Bank NE Zelle 23I F","true","true","https://www.1fsb.bank/zelle","Active","https://enroll.zellepay.com/logos/zellepay/23I.png","","https://www.1fsb.bank/zelle"
"First State Bank of St Charles","First State Bank of St Charles","First State Bank of St Charles Zelle 23C F","true","true","https://fsbfinancial.com/zelle/","Active","https://enroll.zellepay.com/logos/zellepay/23C.png","","https://fsbfinancial.com/zelle/"
"First State Bank of TX","First State Bank of TX","First State Bank of TX Zelle 28M F","true","true","https://www.onlinebanktours.com/mobile/?b=9238&c=147301&playlist=Default","Active","https://enroll.zellepay.com/logos/zellepay/28M.png","","https://www.onlinebanktours.com/mobile/?b=9238&c=147301&playlist=Default"
"First State Bank of Uvalde","First State Bank of Uvalde","First State Bank of Uvalde Zelle 00C F","true","true","https://www.fsbuvalde.com/Zelle.aspx","Active","https://enroll.zellepay.com/logos/zellepay/00C.png","","https://www.fsbuvalde.com/Zelle.aspx"
"First State Bank Tahlequah  OK","First State Bank Tahlequah  OK","First State Bank Tahlequah  OK Zelle 3GW F","true","true","https://www.fsbtahlequah.com/zelle.html","Active","https://enroll.zellepay.com/logos/zellepay/3GW.png","","https://www.fsbtahlequah.com/zelle.html"
"First State Bank Wyoming","First State Bank Wyoming","First State Bank Wyoming Zelle JOK F","true","true","https://www.fsbwy.com/zelle","Active","https://enroll.zellepay.com/api/v1/ecm/sites/ecm/files/logos/override_uploads/JOK-zellepay.png","","https://www.fsbwy.com/zelle"
"First State Bank, The","First State Bank, The","First State Bank, The Zelle 29T F","true","true","https://fsbcolumbus.com","Active","https://enroll.zellepay.com/logos/zellepay/29T.png","","https://fsbcolumbus.com"
"First Tech","First Tech","First Tech Zelle FTF F","true","true","https://www.firsttechfed.com/P2P/P2P","Active","https://enroll.zellepay.com/logos/zellepay/FTF.png","","https://www.firsttechfed.com/P2P/P2P"
"First Trust Savings Watseka","First Trust Savings Watseka","First Trust Savings Watseka Zelle 3GM F","true","true","https://www.ftsbank.com/zelle","Active","https://enroll.zellepay.com/logos/zellepay/3GM.png","","https://www.ftsbank.com/zelle"
"First United","First United","First United Zelle 0BP F","true","true","https://www.mybank.com/zelle","Active","https://enroll.zellepay.com/logos/zellepay/0BP.png","","https://www.mybank.com/zelle"
"First United Bank and Trust Co","First United Bank and Trust Co","First United Bank and Trust Co Zelle JG6 F","true","true","https://www.firstunitedbank.com/zelle","Active","https://enroll.zellepay.com/logos/zellepay/JG6.png","","https://www.firstunitedbank.com/zelle"
"First United Bank TX","First United Bank TX","First United Bank TX Zelle JGH F","true","true","https://www.paymentsemails.com/ZelleOverview?jhid=2306&showVideo=1","Active","https://enroll.zellepay.com/logos/zellepay/JGH.png","","https://www.paymentsemails.com/ZelleOverview?jhid=2306&showVideo=1"
"First United National Bank","First United National Bank","First United National Bank Zelle 2GV F","true","true","https://www.fun-bank.com/zelle.html","Active","https://enroll.zellepay.com/logos/zellepay/2GV.png","","https://www.fun-bank.com/zelle.html"
"First US Community CU","First US Community CU","First US Community CU Zelle 0IB F","true","true","https://www.firstus.org/zelle","Active","https://enroll.zellepay.com/logos/zellepay/0IB.png","","https://www.firstus.org/zelle"
"First Vision Bank of TN","First Vision Bank of TN","First Vision Bank of TN Zelle 0M4 F","true","true","https://www.firstvisionbank.com/zelle","Active","https://enroll.zellepay.com/logos/zellepay/0M4.png","","https://www.firstvisionbank.com/zelle"
"First Western Bank & Trust","First Western Bank & Trust","First Western Bank & Trust Zelle J8Z F","true","true","https://zelle.jhapaycenter.com/J8Z.html","Active","https://enroll.zellepay.com/logos/zellepay/J8Z.png","","https://zelle.jhapaycenter.com/J8Z.html"
"First Western Trust Bank","First Western Trust Bank","First Western Trust Bank Zelle 0MK F","true","true","https://myfw.com/zelle","Active","https://enroll.zellepay.com/logos/zellepay/0MK.png","","https://myfw.com/zelle"
"First Womens Bank","First Womens Bank","First Womens Bank Zelle 2RE F","true","true","https://www.firstwomens.bank/zelle","Active","https://enroll.zellepay.com/logos/zellepay/2RE.png","","https://www.firstwomens.bank/zelle"
"FirstBank (TN)","FirstBank (TN)","FirstBank (TN) Zelle J2C F","true","true","https://zelle.jhapaycenter.com/J2C.html","Active","https://enroll.zellepay.com/api/v1/ecm/sites/ecm/files/logos/override_uploads/FirstBank-zellepay.png","","https://zelle.jhapaycenter.com/J2C.html"
"FirstBank Antlers","FirstBank Antlers","FirstBank Antlers Zelle 2Z9 F","true","true","https://www.firstbank-ok.com/Zelle.aspx","Active","https://enroll.zellepay.com/logos/zellepay/2Z9.png","","https://www.firstbank-ok.com/Zelle.aspx"
"FirstBank Florida","FirstBank Florida","FirstBank Florida Zelle 3GO F","true","true","https://www.1firstbank.com/fl/en/personal/accounts/zelle.html","Active","https://enroll.zellepay.com/logos/zellepay/3GO.png","","https://www.1firstbank.com/fl/en/personal/accounts/zelle.html"
"FirstBank Southwest","FirstBank Southwest","FirstBank Southwest Zelle 0F2 F","true","true","https://www.fbsw.com/zelle","Active","https://enroll.zellepay.com/logos/zellepay/0F2.png","","https://www.fbsw.com/zelle"
"FirstLight","FirstLight","FirstLight Zelle 3RX F","true","true","https://www.firstlightfcu.org/zelle","Active","https://enroll.zellepay.com/logos/zellepay/3RX.png","","https://www.firstlightfcu.org/zelle"
"FirstLight FCU","FirstLight FCU","FirstLight FCU Zelle 3A5 F","true","true","https://www.firstlightfcu.org/zelle","Active","https://enroll.zellepay.com/logos/zellepay/3A5.png","","https://www.firstlightfcu.org/zelle"
"Fitzsimons Credit Union","Fitzsimons Credit Union","Fitzsimons Credit Union Zelle 24X F","true","true","https://www.fitzsimonscu.com/digital-services/zelle/","Active","https://enroll.zellepay.com/logos/zellepay/24X.png","","https://www.fitzsimonscu.com/digital-services/zelle/"
"Five Points Bank","Five Points Bank","Five Points Bank Zelle 568 F","true","true","https://www.5pointsbank.com/Zelle.aspx","Active","https://enroll.zellepay.com/logos/zellepay/568.png","","https://www.5pointsbank.com/Zelle.aspx"
"Five Points Bank of Hastings","Five Points Bank of Hastings","Five Points Bank of Hastings Zelle 569 F","true","true","https://www.5pointsbank.com/","Active","https://enroll.zellepay.com/logos/zellepay/569.png","","https://www.5pointsbank.com/"
"Five Rivers Bank","Five Rivers Bank","Five Rivers Bank Zelle 3RG F","true","true","https://www.fiveriversbank.com/zelle","Active","https://enroll.zellepay.com/logos/zellepay/3RG.png","","https://www.fiveriversbank.com/zelle"
"Five Star Bank","Five Star Bank","Five Star Bank Zelle JKF F","true","true","https://cloud.paymentsemails.com/ZelleOverview?jhid=4157&showVideo=1","Active","https://enroll.zellepay.com/logos/zellepay/JKF.png","","https://cloud.paymentsemails.com/ZelleOverview?jhid=4157&showVideo=1"
"FL WEST COAST CREDIT UNION","FL WEST COAST CREDIT UNION","FL WEST COAST CREDIT UNION Zelle 37K F","true","true","https://www.fwccu.com/connect/zelle","Active","https://enroll.zellepay.com/logos/zellepay/37K.png","","https://www.fwccu.com/connect/zelle"
"Flag Credit Union","Flag Credit Union","Flag Credit Union Zelle 35O F","true","true","https://www.flagcu.com/personal/zelle","Active","https://enroll.zellepay.com/api/v1/ecm/sites/ecm/files/logos/override_uploads/35O-zellepay.com_.png","","https://www.flagcu.com/personal/zelle"
"Flagstar","Flagstar","Flagstar Zelle NYC F","true","true","https://www.flagstar.com/personal/bank/ways-to-bank/zelle.html","Active","https://enroll.zellepay.com/logos/zellepay/NYC.png","","https://www.flagstar.com/personal/bank/ways-to-bank/zelle.html"
"Flanagan State Bank","Flanagan State Bank","Flanagan State Bank Zelle JNF F","true","true","https://www.flanaganstatebank.com/zellefsb/","Active","https://enroll.zellepay.com/logos/zellepay/JNF.png","","https://www.flanaganstatebank.com/zellefsb/"
"Flint Community Bank","Flint Community Bank","Flint Community Bank Zelle J38 F","true","true","https://zelle.jhapaycenter.com/J38.html","Active","https://enroll.zellepay.com/logos/zellepay/J38.png","","https://zelle.jhapaycenter.com/J38.html"
"Florence Bank","Florence Bank","Florence Bank Zelle 3PV F","true","true","https://www.florencebank.com/zelle","Active","https://enroll.zellepay.com/logos/zellepay/3PV.png","","https://www.florencebank.com/zelle"
"Florence Federal Credit Union","Florence Federal Credit Union","Florence Federal Credit Union Zelle 3CI F","true","true","https://www.ffcuonline.com/zelle","Active","https://enroll.zellepay.com/logos/zellepay/3CI.png","","https://www.ffcuonline.com/zelle"
"Flushing Bank","Flushing Bank","Flushing Bank Zelle 0H8 F","true","true","https://www.flushingbank.com/zelle.html","Active","https://enroll.zellepay.com/logos/zellepay/0H8.png","","https://www.flushingbank.com/zelle.html"
"FM Bank MS","FM Bank MS","FM Bank MS Zelle 2YS F","true","true","https://www.fmbms.com/zelle.aspx","Active","https://enroll.zellepay.com/logos/zellepay/2YS.png","","https://www.fmbms.com/zelle.aspx"
"FMB Berlin","FMB Berlin","FMB Berlin Zelle 0OH F","true","true","https://www.fmberlin.com/services/zelle/","Active","https://enroll.zellepay.com/logos/zellepay/0OH.png","","https://www.fmberlin.com/services/zelle/"
"FMBSC","FMBSC","FMBSC Zelle 0OG F","true","true","https://www.fmbsc.com/zelle","Active","https://enroll.zellepay.com/logos/zellepay/0OG.png","","https://www.fmbsc.com/zelle"
"FMS Bank","FMS Bank","FMS Bank Zelle JS9 F","true","true","https://www.fmsbank.com/zelle/","Active","https://enroll.zellepay.com/logos/zellepay/JS9.png","","https://www.fmsbank.com/zelle/"
"FNB Community Bank","FNB Community Bank","FNB Community Bank Zelle 22J F","true","true","https://www.fnbmwc.com/","Active","https://enroll.zellepay.com/logos/zellepay/22J.png","","https://www.fnbmwc.com/"
"FNB Creston","FNB Creston","FNB Creston Zelle 20L F","true","true","https://www.fnbcreston.com/personal/mobile-banking/zelleenroll","Active","https://enroll.zellepay.com/logos/zellepay/20L.png","","https://www.fnbcreston.com/personal/mobile-banking/zelleenroll"
"FNB Livingston","FNB Livingston","FNB Livingston Zelle 3QQ F","true","true","https://www.fnblivingston.com/zelle-landing-page","Active","https://enroll.zellepay.com/logos/zellepay/3QQ.png","","https://www.fnblivingston.com/zelle-landing-page"
"FNB Of Brookfield","FNB Of Brookfield","FNB Of Brookfield Zelle 21F F","true","true","https://www.fnbb.com","Active","https://enroll.zellepay.com/logos/zellepay/21F.png","","https://www.fnbb.com"
"FNB of Huntsville TX","FNB of Huntsville TX","FNB of Huntsville TX Zelle J8F F","true","true","https://fnbhuntsvilletx-new.cms.banno-staging.com/zelle","Active","https://enroll.zellepay.com/logos/zellepay/J8F.png","","https://fnbhuntsvilletx-new.cms.banno-staging.com/zelle"
"FNB of LA","FNB of LA","FNB of LA Zelle 0ET F","true","true","https://www.fnb-la.com/zelle","Active","https://enroll.zellepay.com/logos/zellepay/0ET.png","","https://www.fnb-la.com/zelle"
"FNB of Middle Tennessee","FNB of Middle Tennessee","FNB of Middle Tennessee Zelle J8U F","true","true","https://www.fnbmt.com/zelle","Active","https://enroll.zellepay.com/logos/zellepay/J8U.png","","https://www.fnbmt.com/zelle"
"FNB Oneida","FNB Oneida","FNB Oneida Zelle J8G F","true","true","https://fnboneida-uat.banno.com/zelle","Active","https://enroll.zellepay.com/logos/zellepay/J8G.png","","https://fnboneida-uat.banno.com/zelle"
"FNB Tennessee","FNB Tennessee","FNB Tennessee Zelle 0EP F","true","true","https://www.fnbotn.com/zelle","Active","https://enroll.zellepay.com/logos/zellepay/0EP.png","","https://www.fnbotn.com/zelle"
"FNB Tremont","FNB Tremont","FNB Tremont Zelle 6E9 F","true","true","https://www.tremontbank.com/our-solutions/mobileonline-banking/zelle#component_56","Active","https://enroll.zellepay.com/logos/zellepay/6E9.png","","https://www.tremontbank.com/our-solutions/mobileonline-banking/zelle#component_56"
"FNBBA","FNBBA","FNBBA Zelle 3P3 F","true","true","https://www.fnbba.com/zelle","Active","https://enroll.zellepay.com/logos/zellepay/3P3.png","","https://www.fnbba.com/zelle"
"FNBC Bank and Trust","FNBC Bank and Trust","FNBC Bank and Trust Zelle 0G0 F","true","true","https://www.fnbcbt.com/manage/digital-banking/zelle/index.html","Active","https://enroll.zellepay.com/logos/zellepay/0G0.png","","https://www.fnbcbt.com/manage/digital-banking/zelle/index.html"
"FNBCC","FNBCC","FNBCC Zelle J1J F","true","true","https://www.fnbcc.com/zelle","Active","https://enroll.zellepay.com/logos/zellepay/J1J.png","","https://www.fnbcc.com/zelle"
"FNBCC (FL)","FNBCC (FL)","FNBCC (FL) Zelle JMA F","true","true","https://www.fnbccfl.com","Active","https://enroll.zellepay.com/api/v1/ecm/sites/ecm/files/logos/override_uploads/JMA-zellepay.png","","https://www.fnbccfl.com"
"FNBCT","FNBCT","FNBCT Zelle JKL F","true","true","https://fnbct.bank/digital-banking/mobile-banking/get-zelle/","Active","https://enroll.zellepay.com/logos/zellepay/JKL.png","","https://fnbct.bank/digital-banking/mobile-banking/get-zelle/"
"FNBSI","FNBSI","FNBSI Zelle JHL F","true","true","https://www.paymentsemails.com/ZelleOverview?jhid=2522&showVideo=1","Active","https://enroll.zellepay.com/logos/zellepay/JHL.png","","https://www.paymentsemails.com/ZelleOverview?jhid=2522&showVideo=1"
"FNNB Bank","FNNB Bank","FNNB Bank Zelle 2R1 F","true","true","https://www.fnnbbank.com/staging/register-for-zelle.php","Active","https://enroll.zellepay.com/logos/zellepay/2R1.png","","https://www.fnnbbank.com/staging/register-for-zelle.php"
"Foothill Federal Credit Union","Foothill Federal Credit Union","Foothill Federal Credit Union Zelle 0GW F","true","true","https://www.foothillcu.org/mobile-banking/zelle-payments","Active","https://enroll.zellepay.com/logos/zellepay/0GW.png","","https://www.foothillcu.org/mobile-banking/zelle-payments"
"Foothills Bank","Foothills Bank","Foothills Bank Zelle JON F","true","true","https://www.foothillsbank.com/zelle","Active","https://enroll.zellepay.com/api/v1/ecm/sites/ecm/files/logos/override_uploads/JON-zellepay.png","","https://www.foothillsbank.com/zelle"
"Foothills FCU","Foothills FCU","Foothills FCU Zelle 3G6 F","true","true","https://www.foothillsfcu.org/zelle.htm","Active","https://enroll.zellepay.com/logos/zellepay/3G6.png","","https://www.foothillsfcu.org/zelle.htm"
"Forbright Bank","Forbright Bank","Forbright Bank Zelle 0JH F","true","true","https://www.forbrightbank.com/personal-banking/zelle/","Active","https://enroll.zellepay.com/logos/zellepay/0JH.png","","https://www.forbrightbank.com/personal-banking/zelle/"
"Forcht Bank","Forcht Bank","Forcht Bank Zelle 2FN F","true","true","https://www.forchtbank.com/zelle","Active","https://enroll.zellepay.com/logos/zellepay/2FN.png","","https://www.forchtbank.com/zelle"
"Forest Park Bank","Forest Park Bank","Forest Park Bank Zelle JN1 F","true","true","https://www.forestparkbank.com/zelle","Active","https://enroll.zellepay.com/logos/zellepay/JN1.png","","https://www.forestparkbank.com/zelle"
"Forge FCU","Forge FCU","Forge FCU Zelle 3H8 F","true","true","https://www.forgecu.org/zelle","Active","https://enroll.zellepay.com/logos/zellepay/3H8.png","","https://www.forgecu.org/zelle"
"Formation CU","Formation CU","Formation CU Zelle 3MY F","true","true","https://formationcu.com/resources/forms/zelle","Active","https://enroll.zellepay.com/logos/zellepay/3MY.png","","https://formationcu.com/resources/forms/zelle"
"Fort Sill Federal Credit Union","Fort Sill Federal Credit Union","Fort Sill Federal Credit Union Zelle 2FM F","true","true","https://fsfcu.com/zelle","Active","https://enroll.zellepay.com/api/v1/ecm/sites/ecm/files/logos/override_uploads/2FM-zellepay.png","","https://fsfcu.com/zelle"
"Fort Worth City Credit Union","Fort Worth City Credit Union","Fort Worth City Credit Union Zelle JJ2 F","true","true","https://fwccu.org/zelle","Active","https://enroll.zellepay.com/logos/zellepay/JJ2.png","","https://fwccu.org/zelle"
"Forte Bank","Forte Bank","Forte Bank Zelle 2SY F","true","true","https://www.fortebankwi.com/personal-banking/online-mobile-banking/Zelle","Active","https://enroll.zellepay.com/logos/zellepay/2SY.png","","https://www.fortebankwi.com/personal-banking/online-mobile-banking/Zelle"
"Fortera Credit Union","Fortera Credit Union","Fortera Credit Union Zelle 2U0 F","true","true","https://forteracu.com/zelle.html","Active","https://enroll.zellepay.com/logos/zellepay/2U0.png","","https://forteracu.com/zelle.html"
"Fortis Bank","Fortis Bank","Fortis Bank Zelle J92 F","true","true","https://www.paymentsemails.com/ZelleOverview?jhid=13571&showVideo=1","Active","https://enroll.zellepay.com/logos/zellepay/J92.png","","https://www.paymentsemails.com/ZelleOverview?jhid=13571&showVideo=1"
"Fortuna Bank","Fortuna Bank","Fortuna Bank Zelle 3PK F","true","true","https://fortunabank.com/zelle","Active","https://enroll.zellepay.com/logos/zellepay/3PK.png","","https://fortunabank.com/zelle"
"Founders Bank","Founders Bank","Founders Bank Zelle J39 F","true","true","https://zelle.jhapaycenter.com/J39.html","Active","https://enroll.zellepay.com/logos/zellepay/J39.png","","https://zelle.jhapaycenter.com/J39.html"
"Four Seasons FCU","Four Seasons FCU","Four Seasons FCU Zelle 2WT F","true","true","https://www.fourseasonsfcu.com/zelle","Active","https://enroll.zellepay.com/logos/zellepay/2WT.png","","https://www.fourseasonsfcu.com/zelle"
"Four States Bank","Four States Bank","Four States Bank Zelle JM4 F","true","true","https://www.4sb.com/zelle","Active","https://enroll.zellepay.com/logos/zellepay/JM4.png","","https://www.4sb.com/zelle"
"FourLeaf Federal Credit Union","FourLeaf Federal Credit Union","FourLeaf Federal Credit Union Zelle BPC F","true","true","https://www.fourleaffcu.com/zelle/","Active","https://enroll.zellepay.com/logos/zellepay/BPC.png","","https://www.fourleaffcu.com/zelle/"
"Fowler State Bank","Fowler State Bank","Fowler State Bank Zelle 2VW F","true","true","https://www.fowlerstatebank.com/deposits/other-services/zelle","Active","https://enroll.zellepay.com/logos/zellepay/2VW.png","","https://www.fowlerstatebank.com/deposits/other-services/zelle"
"Fox Communities Credit Union","Fox Communities Credit Union","Fox Communities Credit Union Zelle 3DS F","true","true","https://foxcu.org/zelle","Active","https://enroll.zellepay.com/logos/zellepay/3DS.png","","https://foxcu.org/zelle"
"Fox Valley Credit Union","Fox Valley Credit Union","Fox Valley Credit Union Zelle 30U F","true","true","https://www.foxvalleycu.com/other-services/zelle/","Active","https://enroll.zellepay.com/logos/zellepay/30U.png","","https://www.foxvalleycu.com/other-services/zelle/"
"Franklin Bank - NJ","Franklin Bank - NJ","Franklin Bank - NJ Zelle 3NR F","true","true","https://www.franklinbnk.com/home/home/zelle","Active","https://enroll.zellepay.com/logos/zellepay/3NR.png","","https://www.franklinbnk.com/home/home/zelle"
"Franklin Mint FCU","Franklin Mint FCU","Franklin Mint FCU Zelle 2T6 F","true","true","https://fmfcu.org/zelle","Active","https://enroll.zellepay.com/logos/zellepay/2T6.png","","https://fmfcu.org/zelle"
"Franklin Savings Bank","Franklin Savings Bank","Franklin Savings Bank Zelle 27N F","true","true","https://www.franklinsavings.bank/","Active","https://enroll.zellepay.com/logos/zellepay/27N.png","","https://www.franklinsavings.bank/"
"Franklin Savings Bank, NH","Franklin Savings Bank, NH","Franklin Savings Bank, NH Zelle 2CE F","true","true","https://www.fsbnh.bank/personal-banking/online-banking-bill-pay/#zelle","Active","https://enroll.zellepay.com/logos/zellepay/2CE.png","","https://www.fsbnh.bank/personal-banking/online-banking-bill-pay/#zelle"
"Frazer Bank","Frazer Bank","Frazer Bank Zelle 3C1 F","true","true","https://www.frazerbank.com/zelle.aspx","Active","https://enroll.zellepay.com/logos/zellepay/3C1.png","","https://www.frazerbank.com/zelle.aspx"
"FRB Federal Credit Union","FRB Federal Credit Union","FRB Federal Credit Union Zelle 2M7 F","true","true","https://www.frbfcu.org/send-and-receive-money-with-zelle/","Active","https://enroll.zellepay.com/logos/zellepay/2M7.png","","https://www.frbfcu.org/send-and-receive-money-with-zelle/"
"Freedom Bank","Freedom Bank","Freedom Bank Zelle 2FT F","true","true","https://www.fbnj.com/zelle/","Active","https://enroll.zellepay.com/logos/zellepay/2FT.png","","https://www.fbnj.com/zelle/"
"Freedom Bank (TX)","Freedom Bank (TX)","Freedom Bank (TX) Zelle 0OX F","true","true","https://www.freedombanktexas.com/zelle","Active","https://enroll.zellepay.com/logos/zellepay/0OX.png","","https://www.freedombanktexas.com/zelle"
"Freedom Bank of So. Missouri","Freedom Bank of So. Missouri","Freedom Bank of So. Missouri Zelle 2F2 F","true","true","https://freedombk.com","Active","https://enroll.zellepay.com/logos/zellepay/2F2.png","","https://freedombk.com"
"Fremont Bank","Fremont Bank","Fremont Bank Zelle 24E F","true","true","https://www.fremontbank.com/","Active","https://enroll.zellepay.com/logos/zellepay/24E.png","","https://www.fremontbank.com/"
"Fremont Federal Credit Union","Fremont Federal Credit Union","Fremont Federal Credit Union Zelle 0VG F","true","true","https://www.fremontfcu.com/zelle","Active","https://enroll.zellepay.com/logos/zellepay/0VG.png","","https://www.fremontfcu.com/zelle"
"Friend Bank","Friend Bank","Friend Bank Zelle 3NZ F","true","true","https://www.friendbank.net/zelle","Active","https://enroll.zellepay.com/logos/zellepay/3NZ.png","","https://www.friendbank.net/zelle"
"Frontwave Credit Union","Frontwave Credit Union","Frontwave Credit Union Zelle 0VB F","true","true","https://www.frontwavecu.com/zelle","Active","https://enroll.zellepay.com/logos/zellepay/0VB.png","","https://www.frontwavecu.com/zelle"
"Frost","Frost","Frost Zelle CFR F","true","true","https://www.frostbank.com/cgi-bin/ecomm/portal/signin/sendmoney.do","Active","https://enroll.zellepay.com/logos/zellepay/CFR.png","","https://www.frostbank.com/cgi-bin/ecomm/portal/signin/sendmoney.do"
"FSBHegewisch","FSBHegewisch","FSBHegewisch Zelle 25W F","true","true","https://www.fsbhegewisch.com/Zelle.aspx#","Active","https://enroll.zellepay.com/logos/zellepay/25W.png","","https://www.fsbhegewisch.com/Zelle.aspx#"
"Fulton Bank, N.A.","Fulton Bank, N.A.","Fulton Bank, N.A. Zelle 2BN F","true","true","https://www.fultonbank.com/Zelle","Active","https://enroll.zellepay.com/logos/zellepay/2BN.png","","https://www.fultonbank.com/Zelle"
"FVCbank","FVCbank","FVCbank Zelle 0JV F","true","true","https://www.fvcbank.com/zelle","Active","https://enroll.zellepay.com/logos/zellepay/0JV.png","","https://www.fvcbank.com/zelle"
"Gain FCU","Gain FCU","Gain FCU Zelle 3P9 G","true","true","https://www.gainfcu.com/access/online/zelle.html","Active","https://enroll.zellepay.com/logos/zellepay/3P9.png","","https://www.gainfcu.com/access/online/zelle.html"
"Gainey Business Bank","Gainey Business Bank","Gainey Business Bank Zelle 3BN G","true","true","https://www.gaineybusinessbank.com/Zelle","Active","https://enroll.zellepay.com/logos/zellepay/3BN.png","","https://www.gaineybusinessbank.com/Zelle"
"Garden Savings Federal CU","Garden Savings Federal CU","Garden Savings Federal CU Zelle 37L G","true","true","https://www.gardensavingsfcu.org/services-tools/account-services/zelle.html","Active","https://enroll.zellepay.com/logos/zellepay/37L.png","","https://www.gardensavingsfcu.org/services-tools/account-services/zelle.html"
"Garden State FCU","Garden State FCU","Garden State FCU Zelle 2UY G","true","true","https://gardenstatefcu.org/personal/zelle","Active","https://enroll.zellepay.com/logos/zellepay/2UY.png","","https://gardenstatefcu.org/personal/zelle"
"Garrett State Bank","Garrett State Bank","Garrett State Bank Zelle 3EQ G","true","true","https://www.garrettstatebank.com/zelle","Active","https://enroll.zellepay.com/logos/zellepay/3EQ.png","","https://www.garrettstatebank.com/zelle"
"Gate City Bank","Gate City Bank","Gate City Bank Zelle 2BB G","true","true","https://www.gatecity.bank/personal/online/zelle","Active","https://enroll.zellepay.com/logos/zellepay/2BB.png","","https://www.gatecity.bank/personal/online/zelle"
"Gateway Bank","Gateway Bank","Gateway Bank Zelle JMP G","true","true","https://gcbaz.com/zelle/","Active","https://enroll.zellepay.com/logos/zellepay/JMP.png","","https://gcbaz.com/zelle/"
"Gateway Bank FSB","Gateway Bank FSB","Gateway Bank FSB Zelle 3SH G","true","true","https://www.gatewayfsb.com/zelle","Active","https://enroll.zellepay.com/logos/zellepay/3SH.png","","https://www.gatewayfsb.com/zelle"
"Gateway First Bank","Gateway First Bank","Gateway First Bank Zelle 0DV G","true","true","https://www.gatewayfirst.com/digital-tools/zelle","Active","https://enroll.zellepay.com/logos/zellepay/0DV.png","","https://www.gatewayfirst.com/digital-tools/zelle"
"Gateway Metro Federal CU","Gateway Metro Federal CU","Gateway Metro Federal CU Zelle 2HR G","true","true","https://gogmfcu.org/zelle/","Active","https://enroll.zellepay.com/logos/zellepay/2HR.png","","https://gogmfcu.org/zelle/"
"Gather Federal Credit Union","Gather Federal Credit Union","Gather Federal Credit Union Zelle J26 G","true","true","https://zelle.jhapaycenter.com/J26.html","Active","https://enroll.zellepay.com/logos/zellepay/J26.png","","https://zelle.jhapaycenter.com/J26.html"
"GBank","GBank","GBank Zelle 36C G","true","true","https://www.g.bank/services/account-services/zelle.html","Active","https://enroll.zellepay.com/logos/zellepay/36C.png","","https://www.g.bank/services/account-services/zelle.html"
"GBC International Bank","GBC International Bank","GBC International Bank Zelle 0SM G","true","true","https://www.gbcib.com/zelle","Active","https://enroll.zellepay.com/logos/zellepay/0SM.png","","https://www.gbcib.com/zelle"
"GE Credit Union CT","GE Credit Union CT","GE Credit Union CT Zelle 36H G","true","true","https://www.mygecreditunion.com/en-US/Bank-it/Zelle","Active","https://enroll.zellepay.com/logos/zellepay/36H.png","","https://www.mygecreditunion.com/en-US/Bank-it/Zelle"
"GECU Federal Credit Union","GECU Federal Credit Union","GECU Federal Credit Union Zelle 3TC G","true","true","https://www.gecu.com/education-and-support/online-service-center/zelle","Active","https://enroll.zellepay.com/logos/zellepay/3TC.png","","https://www.gecu.com/education-and-support/online-service-center/zelle"
"Geico Credit Union","Geico Credit Union","Geico Credit Union Zelle JH1 G","true","true","https://zelle.jhapaycenter.com/JH1.html","Active","https://enroll.zellepay.com/api/v1/ecm/sites/ecm/files/logos/override_uploads/JH1_720x320.png","","https://zelle.jhapaycenter.com/JH1.html"
"GENCO Federal Credit Union","GENCO Federal Credit Union","GENCO Federal Credit Union Zelle 2MR G","true","true","https://www.gencofcu.org/products-and-services/zelle","Active","https://enroll.zellepay.com/logos/zellepay/2MR.png","","https://www.gencofcu.org/products-and-services/zelle"
"General Electric Credit Union","General Electric Credit Union","General Electric Credit Union Zelle 36N G","true","true","https://www.gecreditunion.org/personal/manage/digital/zelle","Active","https://enroll.zellepay.com/logos/zellepay/36N.png","","https://www.gecreditunion.org/personal/manage/digital/zelle"
"Generations Community Bank","Generations Community Bank","Generations Community Bank Zelle 3T7 G","true","true","https://www.mygc.bank/zelle","Active","https://enroll.zellepay.com/logos/zellepay/3T7.png","","https://www.mygc.bank/zelle"
"Generations FCU","Generations FCU","Generations FCU Zelle 0N7 G","true","true","https://www.mygenfcu.org/zelle","Active","https://enroll.zellepay.com/logos/zellepay/0N7.png","","https://www.mygenfcu.org/zelle"
"Genesis Bank","Genesis Bank","Genesis Bank Zelle 2OP G","true","true","https://zelle.mygenesisbank.com/","Active","https://enroll.zellepay.com/logos/zellepay/2OP.png","","https://zelle.mygenesisbank.com/"
"GenFed Financial Credit Union","GenFed Financial Credit Union","GenFed Financial Credit Union Zelle JL9 G","true","true","https://www.genfed.com/bank/zelle","Active","https://enroll.zellepay.com/logos/zellepay/JL9.png","","https://www.genfed.com/bank/zelle"
"Geo. D. Warthen Bank","Geo. D. Warthen Bank","Geo. D. Warthen Bank Zelle 0AP G","true","true","https://www.gdwbank.com/Zelle","Active","https://enroll.zellepay.com/logos/zellepay/0AP.png","","https://www.gdwbank.com/Zelle"
"Georgia Banking Company","Georgia Banking Company","Georgia Banking Company Zelle 0EF G","true","true","https://georgiabanking.preview.octanesites.com/zelle","Active","https://enroll.zellepay.com/logos/zellepay/0EF.png","","https://georgiabanking.preview.octanesites.com/zelle"
"Georgia Community Bank","Georgia Community Bank","Georgia Community Bank Zelle 2K5 G","true","true","https://gcb.bank/zelle","Active","https://enroll.zellepay.com/logos/zellepay/2K5.png","","https://gcb.bank/zelle"
"Georgia United Credit Union","Georgia United Credit Union","Georgia United Credit Union Zelle JPH G","true","true","https://gucu.org/bank-on-the-go/online-banking/zelle/","Active","https://enroll.zellepay.com/logos/zellepay/JPH.png","","https://gucu.org/bank-on-the-go/online-banking/zelle/"
"Georgias Own Credit Union","Georgias Own Credit Union","Georgias Own Credit Union Zelle 3SE G","true","true","https://www.georgiasown.org/support/digital-banking/zelle","Active","https://enroll.zellepay.com/logos/zellepay/3SE.png","","https://www.georgiasown.org/support/digital-banking/zelle"
"German American Bank","German American Bank","German American Bank Zelle 2S5 G","true","true","https://germanamerican.com/personal/online/zelle","Active","https://enroll.zellepay.com/logos/zellepay/2S5.png","","https://germanamerican.com/personal/online/zelle"
"Gesa Credit Union","Gesa Credit Union","Gesa Credit Union Zelle 0MM G","true","true","https://www.gesa.com/zelle","Active","https://enroll.zellepay.com/logos/zellepay/0MM.png","","https://www.gesa.com/zelle"
"GHA Federal Credit Union","GHA Federal Credit Union","GHA Federal Credit Union Zelle 2C6 G","true","true","https://www.ghafcu.org/s3assets/ghafcu/zelle.html","Active","https://enroll.zellepay.com/logos/zellepay/2C6.png","","https://www.ghafcu.org/s3assets/ghafcu/zelle.html"
"Gibsland Bank & Trust","Gibsland Bank & Trust","Gibsland Bank & Trust Zelle 0D0 G","true","true","https://www.gibslandbank.com/banking-technology/zelle/","Active","https://enroll.zellepay.com/logos/zellepay/0D0.png","","https://www.gibslandbank.com/banking-technology/zelle/"
"Glacier Bank","Glacier Bank","Glacier Bank Zelle JOA G","true","true","https://www.glacierbank.com/zelle","Active","https://enroll.zellepay.com/logos/zellepay/JOA.png","","https://www.glacierbank.com/zelle"
"Glacier Hills Credit Union","Glacier Hills Credit Union","Glacier Hills Credit Union Zelle 2YF G","true","true","https://www.glacierhills.com/accounts/services/zelle","Active","https://enroll.zellepay.com/logos/zellepay/2YF.png","","https://www.glacierhills.com/accounts/services/zelle"
"Glendale Area Schools CU","Glendale Area Schools CU","Glendale Area Schools CU Zelle 0VT G","true","true","https://gascu.org/zelle","Active","https://enroll.zellepay.com/logos/zellepay/0VT.png","","https://gascu.org/zelle"
"Glendale FCU","Glendale FCU","Glendale FCU Zelle J9C G","true","true","https://www.glendalefcu.org/test/zelle.html","Active","","","https://www.glendalefcu.org/test/zelle.html"
"Glennville Bank","Glennville Bank","Glennville Bank Zelle 3KU G","true","true","https://gbbankgroup.com/Zelle.html","Active","https://enroll.zellepay.com/logos/zellepay/3KU.png","","https://gbbankgroup.com/Zelle.html"
"Glenwood State Bank","Glenwood State Bank","Glenwood State Bank Zelle J1C G","true","true","https://zelle.jhapaycenter.com/J1C.html","Active","https://enroll.zellepay.com/logos/zellepay/J1C.png","","https://zelle.jhapaycenter.com/J1C.html"
"Global Bank","Global Bank","Global Bank Zelle 34I G","true","true","https://globalbankny.onlinebank.com/SignIn.aspx","Active","https://enroll.zellepay.com/logos/zellepay/34I.png","","https://globalbankny.onlinebank.com/SignIn.aspx"
"Glynn County FECU","Glynn County FECU","Glynn County FECU Zelle 3SQ G","true","true","https://www.glyncofecu.org/zelle","Active","https://enroll.zellepay.com/logos/zellepay/3SQ.png","","https://www.glyncofecu.org/zelle"
"Go Energy Financial CU","Go Energy Financial CU","Go Energy Financial CU Zelle 29H G","true","true","https://goenergyfinancial.com","Active","https://enroll.zellepay.com/logos/zellepay/29H.png","","https://goenergyfinancial.com"
"Gogebic Range Bank","Gogebic Range Bank","Gogebic Range Bank Zelle 3CD G","true","true","https://www.gogebicrangebank.com/services/account-services/zelle.html","Active","https://enroll.zellepay.com/logos/zellepay/3CD.png","","https://www.gogebicrangebank.com/services/account-services/zelle.html"
"Gold Coast FCU","Gold Coast FCU","Gold Coast FCU Zelle 0UU G","true","true","https://gcfcu.org/zelle","Active","https://enroll.zellepay.com/logos/zellepay/0UU.png","","https://gcfcu.org/zelle"
"Golden 1 CU","Golden 1 CU","Golden 1 CU Zelle G1Z G","true","true","https://www.golden1.com/Zelle","Active","https://enroll.zellepay.com/logos/zellepay/G1Z.png","","https://www.golden1.com/Zelle"
"Golden Bank, N.A.","Golden Bank, N.A.","Golden Bank, N.A. Zelle JK0 G","true","true","https://www.goldenbank-na.com/services/-zelle","Active","https://enroll.zellepay.com/logos/zellepay/JK0.png","","https://www.goldenbank-na.com/services/-zelle"
"Golden Circle Credit Union","Golden Circle Credit Union","Golden Circle Credit Union Zelle 2VY G","true","true","https://goldencirclecu.com/zelle","Active","https://enroll.zellepay.com/logos/zellepay/2VY.png","","https://goldencirclecu.com/zelle"
"Golden Valley Bank","Golden Valley Bank","Golden Valley Bank Zelle 2H3 G","true","true","https://info.goldenvalley.bank/zelle","Active","https://enroll.zellepay.com/logos/zellepay/2H3.png","","https://info.goldenvalley.bank/zelle"
"Goldwater Bank","Goldwater Bank","Goldwater Bank Zelle 37F G","true","true","https://www.goldwaterbank.com/zelle","Active","https://enroll.zellepay.com/logos/zellepay/37F.png","","https://www.goldwaterbank.com/zelle"
"GP Louisiana FCU","GP Louisiana FCU","GP Louisiana FCU Zelle 38F G","true","true","https://www.gplafcu.com/zelle","Active","https://enroll.zellepay.com/logos/zellepay/38F.png","","https://www.gplafcu.com/zelle"
"GraCo FCU","GraCo FCU","GraCo FCU Zelle 3DD G","true","true","https://www.gracofcu.org/zelle","Active","https://enroll.zellepay.com/logos/zellepay/3DD.png","","https://www.gracofcu.org/zelle"
"GRANCO Federal Credit Union","GRANCO Federal Credit Union","GRANCO Federal Credit Union Zelle 2KX G","true","true","https://granco.org/zelle","Active","https://enroll.zellepay.com/logos/zellepay/2KX.png","","https://granco.org/zelle"
"Grand Bank for Savings","Grand Bank for Savings","Grand Bank for Savings Zelle 36A G","true","true","https://www.grandbankfsb.com/Zelle.html","Active","https://enroll.zellepay.com/api/v1/ecm/sites/ecm/files/logos/override_uploads/Grand-Bank-for-Savings-zellepay.png","","https://www.grandbankfsb.com/Zelle.html"
"Grand Ridge National Bank","Grand Ridge National Bank","Grand Ridge National Bank Zelle 22P G","true","true","https://www.grnbank.com/","Active","https://enroll.zellepay.com/logos/zellepay/22P.png","","https://www.grnbank.com/"
"Grand River Bank","Grand River Bank","Grand River Bank Zelle 3C3 G","true","true","https://www.grandriverbank.com/Zelle.html","Active","https://enroll.zellepay.com/logos/zellepay/3C3.png","","https://www.grandriverbank.com/Zelle.html"
"Grand Timber Bank","Grand Timber Bank","Grand Timber Bank Zelle 3GK G","true","true","https://images.printable.com/nonimpositions/22712/461536/22712_461536_b5kynjqc_press.html","Active","https://enroll.zellepay.com/logos/zellepay/3GK.png","","https://images.printable.com/nonimpositions/22712/461536/22712_461536_b5kynjqc_press.html"
"Grand Valley Bank","Grand Valley Bank","Grand Valley Bank Zelle JGK G","true","true","https://cloud.paymentsemails.com/ZelleOverview?MyFITool&jhID=2714&showVideo=1","Active","https://enroll.zellepay.com/logos/zellepay/JGK.png","","https://cloud.paymentsemails.com/ZelleOverview?MyFITool&jhID=2714&showVideo=1"
"Grandview Bank","Grandview Bank","Grandview Bank Zelle JIK G","true","true","https://www.paymentsemails.com/ZelleOverview?jhid=6943&showVideo=1","Active","https://enroll.zellepay.com/logos/zellepay/JIK.png","","https://www.paymentsemails.com/ZelleOverview?jhid=6943&showVideo=1"
"Granite Credit Union","Granite Credit Union","Granite Credit Union Zelle 0JE G","true","true","https://www.granite.org/zelle","Active","https://enroll.zellepay.com/logos/zellepay/0JE.png","","https://www.granite.org/zelle"
"Granite State Credit Union","Granite State Credit Union","Granite State Credit Union Zelle 34P G","true","true","https://www.gscu.org/access/zelle.html","Active","https://enroll.zellepay.com/logos/zellepay/34P.png","","https://www.gscu.org/access/zelle.html"
"Great Basin Federal CU","Great Basin Federal CU","Great Basin Federal CU Zelle JNX G","true","true","https://www.greatbasin.org/zelle/","Active","https://enroll.zellepay.com/logos/zellepay/JNX.png","","https://www.greatbasin.org/zelle/"
"Great Lakes CU","Great Lakes CU","Great Lakes CU Zelle 0O1 G","true","true","https://www.glcu.org/24-7-access/zelle/","Active","https://enroll.zellepay.com/logos/zellepay/0O1.png","","https://www.glcu.org/24-7-access/zelle/"
"Great North Bank","Great North Bank","Great North Bank Zelle 0U4 G","true","true","https://www.greatnorthbank.com/zelle/","Active","https://enroll.zellepay.com/logos/zellepay/0U4.png","","https://www.greatnorthbank.com/zelle/"
"Great Oaks Bank","Great Oaks Bank","Great Oaks Bank Zelle 0W6 G","true","true","https://greatoaks.bank/personal/zelle","Active","https://enroll.zellepay.com/logos/zellepay/0W6.png","","https://greatoaks.bank/personal/zelle"
"Great Plains Federal Credit Un","Great Plains Federal Credit Un","Great Plains Federal Credit Un Zelle JMM G","true","true","https://www.greatplainsfcu.com/zelle","Active","https://enroll.zellepay.com/logos/zellepay/JMM.png","","https://www.greatplainsfcu.com/zelle"
"Great Plains National Bank","Great Plains National Bank","Great Plains National Bank Zelle 0HW G","true","true","https://www.gpbankok.com/services/zelle","Active","https://enroll.zellepay.com/logos/zellepay/0HW.png","","https://www.gpbankok.com/services/zelle"
"Great Plains State Bank","Great Plains State Bank","Great Plains State Bank Zelle 2XZ G","true","true","https://gpsbanks.com/personal-zelle/","Active","https://enroll.zellepay.com/logos/zellepay/2XZ.png","","https://gpsbanks.com/personal-zelle/"
"Greater Cincinnati CU","Greater Cincinnati CU","Greater Cincinnati CU Zelle 3D5 G","true","true","https://www.gccu.org/zelle","Active","https://enroll.zellepay.com/logos/zellepay/3D5.png","","https://www.gccu.org/zelle"
"Greater Kentucky Credit Union","Greater Kentucky Credit Union","Greater Kentucky Credit Union Zelle 3FI G","true","true","https://gtkycu.com/zelle","Active","https://enroll.zellepay.com/logos/zellepay/3FI.png","","https://gtkycu.com/zelle"
"Greater Nevada Credit Union","Greater Nevada Credit Union","Greater Nevada Credit Union Zelle 2GU G","true","true","https://www.gncu.org/","Active","https://enroll.zellepay.com/logos/zellepay/2GU.png","","https://www.gncu.org/"
"Greater Pittsburgh Police FCU","Greater Pittsburgh Police FCU","Greater Pittsburgh Police FCU Zelle 3DM G","true","true","https://www.gppfcu.com/zelle","Active","https://enroll.zellepay.com/logos/zellepay/3DM.png","","https://www.gppfcu.com/zelle"
"Green Country FCU","Green Country FCU","Green Country FCU Zelle 3AX G","true","true","https://www.greencountryfcu.com/zelle","Active","https://enroll.zellepay.com/logos/zellepay/3AX.png","","https://www.greencountryfcu.com/zelle"
"Green Penny","Green Penny","Green Penny Zelle JKX G","true","true","https://www.paymentsemails.com/ZelleOverview?jhid=479950001&showVideo=1","Active","https://enroll.zellepay.com/api/v1/ecm/sites/ecm/files/logos/override_uploads/JKX-zellepay.png","","https://www.paymentsemails.com/ZelleOverview?jhid=479950001&showVideo=1"
"Greenfield Cooperative Bank","Greenfield Cooperative Bank","Greenfield Cooperative Bank Zelle 3Q6 G","true","true","https://greenfieldcoopbank.com/zelle/","Active","https://enroll.zellepay.com/logos/zellepay/3Q6.png","","https://greenfieldcoopbank.com/zelle/"
"Greenfield Savings Bank","Greenfield Savings Bank","Greenfield Savings Bank Zelle 2OV G","true","true","https://www.greenfieldsavings.com/zelle","Active","https://enroll.zellepay.com/logos/zellepay/2OV.png","","https://www.greenfieldsavings.com/zelle"
"GreenLeaf Bank","GreenLeaf Bank","GreenLeaf Bank Zelle 2DO G","true","true","https://images.printable.com/nonimpositions/22712/421595/22712_421595_xyzltq5f_press.html","Active","https://enroll.zellepay.com/logos/zellepay/2DO.png","","https://images.printable.com/nonimpositions/22712/421595/22712_421595_xyzltq5f_press.html"
"GreenState Credit Union","GreenState Credit Union","GreenState Credit Union Zelle JKK G","true","true","https://www.paymentsemails.com/ZelleOverview?jhid=45435&showVideo=1","Active","https://enroll.zellepay.com/logos/zellepay/JKK.png","","https://www.paymentsemails.com/ZelleOverview?jhid=45435&showVideo=1"
"Greenville FCU","Greenville FCU","Greenville FCU Zelle J9H G","true","true","https://zelle.jhapaycenter.com/J9H.html","Active","https://enroll.zellepay.com/logos/zellepay/J9H.png","","https://zelle.jhapaycenter.com/J9H.html"
"Greenville Heritage FCU","Greenville Heritage FCU","Greenville Heritage FCU Zelle 2CL G","true","true","https://www.greenvilleheritage.com/","Active","https://enroll.zellepay.com/logos/zellepay/2CL.png","","https://www.greenvilleheritage.com/"
"Greenville Savings Bank","Greenville Savings Bank","Greenville Savings Bank Zelle 24Q G","true","true","https://www.greenvillesavings.com/","Active","https://enroll.zellepay.com/logos/zellepay/24Q.png","","https://www.greenvillesavings.com/"
"Greenwood Credit Union","Greenwood Credit Union","Greenwood Credit Union Zelle 2LR G","true","true","https://greenwoodcu.org/zelle/","Active","https://enroll.zellepay.com/logos/zellepay/2LR.png","","https://greenwoodcu.org/zelle/"
"Greylock Federal Credit Union","Greylock Federal Credit Union","Greylock Federal Credit Union Zelle 3MM G","true","true","https://www.greylock.org/zelle","Active","https://enroll.zellepay.com/logos/zellepay/3MM.png","","https://www.greylock.org/zelle"
"Grove Bank","Grove Bank","Grove Bank Zelle 32K G","true","true","https://www.grovebancorp.com/zelle","Active","https://enroll.zellepay.com/logos/zellepay/32K.png","","https://www.grovebancorp.com/zelle"
"Grove Bank & Trust","Grove Bank & Trust","Grove Bank & Trust Zelle J9K G","true","true","https://www.paymentsemails.com/ZelleOverview?jhid=59529&showVideo=1","Active","https://enroll.zellepay.com/logos/zellepay/J9K.png","","https://www.paymentsemails.com/ZelleOverview?jhid=59529&showVideo=1"
"Grundy Bank","Grundy Bank","Grundy Bank Zelle 2AG G","true","true","https://www.grundybank.com/Zelle.aspx","Active","https://enroll.zellepay.com/logos/zellepay/2AG.png","","https://www.grundybank.com/Zelle.aspx"
"GSA Federal Credit Union","GSA Federal Credit Union","GSA Federal Credit Union Zelle 2ZS G","true","true","https://www.gsafcu.gsa.gov/Zelle","Active","https://enroll.zellepay.com/logos/zellepay/2ZS.png","","https://www.gsafcu.gsa.gov/Zelle"
"GSL Savings Bank","GSL Savings Bank","GSL Savings Bank Zelle 3JX G","true","true","https://gslsavingsbank.com/Zelle","Active","https://enroll.zellepay.com/logos/zellepay/3JX.png","","https://gslsavingsbank.com/Zelle"
"GTE Financial","GTE Financial","GTE Financial Zelle 2GE G","true","true","https://online.gtefinancial.org/default.aspx?ptp=zelle","Active","https://enroll.zellepay.com/logos/zellepay/2GE.png","","https://online.gtefinancial.org/default.aspx?ptp=zelle"
"Guadalupe Bank","Guadalupe Bank","Guadalupe Bank Zelle 0AC G","true","true","https://guadalupebank.com/zelle/","Active","https://enroll.zellepay.com/logos/zellepay/0AC.png","","https://guadalupebank.com/zelle/"
"Guaranty Bank","Guaranty Bank","Guaranty Bank Zelle JJI G","true","true","https://www.gbankmo.com/bank/zelle","Active","https://enroll.zellepay.com/logos/zellepay/JJI.png","","https://www.gbankmo.com/bank/zelle"
"Guaranty Bank - MS","Guaranty Bank - MS","Guaranty Bank - MS Zelle 0EG G","true","true","https://gbtonline.com/zelle","Active","https://enroll.zellepay.com/logos/zellepay/0EG.png","","https://gbtonline.com/zelle"
"Guaranty Bank - WV","Guaranty Bank - WV","Guaranty Bank - WV Zelle 0F6 G","true","true","https://www.thebankofmingo.com/personal-banking/zelle","Active","https://enroll.zellepay.com/logos/zellepay/0F6.png","","https://www.thebankofmingo.com/personal-banking/zelle"
"Guaranty Bank & Trust","Guaranty Bank & Trust","Guaranty Bank & Trust Zelle JS4 G","true","true","https://www.gnty.com/zelle","Active","https://enroll.zellepay.com/api/v1/ecm/sites/ecm/files/logos/override_uploads/guarantybankandtrust-zellepay.png","","https://www.gnty.com/zelle"
"Guaranty Bank and Trust Co","Guaranty Bank and Trust Co","Guaranty Bank and Trust Co Zelle 32G G","true","true","https://www.guaranty-bnk.com/wp20/wp-content/uploads/2022/07/EPZLZLPLREQHTML1.html","Active","https://enroll.zellepay.com/logos/zellepay/32G.png","","https://www.guaranty-bnk.com/wp20/wp-content/uploads/2022/07/EPZLZLPLREQHTML1.html"
"Guardian Credit Union (WI)","Guardian Credit Union (WI)","Guardian Credit Union (WI) Zelle 0T5 G","true","true","https://www.guardiancu.org/zelle","Active","https://enroll.zellepay.com/logos/zellepay/0T5.png","","https://www.guardiancu.org/zelle"
"Guardian Savings Bank","Guardian Savings Bank","Guardian Savings Bank Zelle 3M7 G","true","true","https://guardiansavingsbank.com/zelle","Active","https://enroll.zellepay.com/logos/zellepay/3M7.png","","https://guardiansavingsbank.com/zelle"
"Guardians Zelle","Guardians Zelle","Guardians Zelle Zelle 2NH G","true","true","https://www.guardianscu.coop/services/online/#zelle","Active","https://enroll.zellepay.com/logos/zellepay/2NH.png","","https://www.guardianscu.coop/services/online/#zelle"
"Gulf Capital Bank","Gulf Capital Bank","Gulf Capital Bank Zelle 2IF G","true","true","https://gulfcapitalbank.com/zelle/","Active","https://enroll.zellepay.com/logos/zellepay/2IF.png","","https://gulfcapitalbank.com/zelle/"
"Gulf Coast Bank and Trust","Gulf Coast Bank and Trust","Gulf Coast Bank and Trust Zelle 3B5 G","true","true","https://www.gulfbank.com/Zelle","Active","https://enroll.zellepay.com/logos/zellepay/3B5.png","","https://www.gulfbank.com/Zelle"
"Gulf Coast Educators FCU","Gulf Coast Educators FCU","Gulf Coast Educators FCU Zelle 0GQ G","true","true","https://www.gcefcu.org/zelle","Active","https://enroll.zellepay.com/logos/zellepay/0GQ.png","","https://www.gcefcu.org/zelle"
"Guthrie County State Bank","Guthrie County State Bank","Guthrie County State Bank Zelle 2K9 G","true","true","https://www.gcsbank.com/zelle/","Active","https://enroll.zellepay.com/logos/zellepay/2K9.png","","https://www.gcsbank.com/zelle/"
"Habib American Bank","Habib American Bank","Habib American Bank Zelle JHJ H","true","true","https://www.hab.bank/zelle.htm","Active","https://enroll.zellepay.com/logos/zellepay/JHJ.png","","https://www.hab.bank/zelle.htm"
"Haddon Savings Bank","Haddon Savings Bank","Haddon Savings Bank Zelle 2GP H","true","true","https://www.haddonsavingsbank.com/Zelle.aspx","Active","https://enroll.zellepay.com/logos/zellepay/2GP.png","","https://www.haddonsavingsbank.com/Zelle.aspx"
"Hamilton Horizons FCU","Hamilton Horizons FCU","Hamilton Horizons FCU Zelle 2I5 H","true","true","https://hamiltonhorizons.org/send-and-receive-money-with-zelle/","Active","https://enroll.zellepay.com/logos/zellepay/2I5.png","","https://hamiltonhorizons.org/send-and-receive-money-with-zelle/"
"Hana Bank USA, NA","Hana Bank USA, NA","Hana Bank USA, NA Zelle JGO H","true","true","https://zelle.jhapaycenter.com/JGO.html","Active","https://enroll.zellepay.com/logos/zellepay/JGO.png","","https://zelle.jhapaycenter.com/JGO.html"
"Hancock County Savings Bank","Hancock County Savings Bank","Hancock County Savings Bank Zelle 3AM H","true","true","https://hcsbank.com/zelle","Active","https://enroll.zellepay.com/logos/zellepay/3AM.png","","https://hcsbank.com/zelle"
"Hancock Federal Credit Union","Hancock Federal Credit Union","Hancock Federal Credit Union Zelle 2PS H","true","true","https://www.hancockfcu.com/zelle.html","Active","https://enroll.zellepay.com/logos/zellepay/2PS.png","","https://www.hancockfcu.com/zelle.html"
"Hancock Whitney Bank","Hancock Whitney Bank","Hancock Whitney Bank Zelle 36X H","true","true","https://www.hancockwhitney.com/zelle","Active","https://enroll.zellepay.com/logos/zellepay/36X.png","","https://www.hancockwhitney.com/zelle"
"Hanin Federal Credit Union","Hanin Federal Credit Union","Hanin Federal Credit Union Zelle 3JO H","true","true","https://haninfcu.org/home/zelle","Active","https://enroll.zellepay.com/logos/zellepay/3JO.png","","https://haninfcu.org/home/zelle"
"Hanmi Bank","Hanmi Bank","Hanmi Bank Zelle 2PL H","true","true","https://www.hanmi.com/zelle-combined/","Active","https://enroll.zellepay.com/logos/zellepay/2PL.png","","https://www.hanmi.com/zelle-combined/"
"Hanover Bank","Hanover Bank","Hanover Bank Zelle 0T6 H","true","true","https://www.hanoverbank.com/zelle","Active","https://enroll.zellepay.com/logos/zellepay/0T6.png","","https://www.hanoverbank.com/zelle"
"Har-co Credit Union","Har-co Credit Union","Har-co Credit Union Zelle 33W H","true","true","https://www.harcocu.org/zelle","Active","https://enroll.zellepay.com/logos/zellepay/33W.png","","https://www.harcocu.org/zelle"
"Harbor Pointe Credit Union","Harbor Pointe Credit Union","Harbor Pointe Credit Union Zelle 2V1 H","true","true","https://hpcu.us/zelle-2/","Active","https://enroll.zellepay.com/logos/zellepay/2V1.png","","https://hpcu.us/zelle-2/"
"HarborLight Credit Union","HarborLight Credit Union","HarborLight Credit Union Zelle 2SZ H","true","true","https://www.harborlightcu.org/zelle.html","Active","https://enroll.zellepay.com/logos/zellepay/2SZ.png","","https://www.harborlightcu.org/zelle.html"
"Harborstone Credit Union","Harborstone Credit Union","Harborstone Credit Union Zelle 0JC H","true","true","https://harborstone.com/zelle","Active","https://enroll.zellepay.com/logos/zellepay/0JC.png","","https://harborstone.com/zelle"
"Harford Bank","Harford Bank","Harford Bank Zelle 0S6 H","true","true","https://www.harfordbank.com/resources/zelle","Active","https://enroll.zellepay.com/logos/zellepay/0S6.png","","https://www.harfordbank.com/resources/zelle"
"Hartford Federal Credit Union","Hartford Federal Credit Union","Hartford Federal Credit Union Zelle 3Q3 H","true","true","https://www.hartfordfcu.com/zelle.aspx","Active","https://enroll.zellepay.com/logos/zellepay/3Q3.png","","https://www.hartfordfcu.com/zelle.aspx"
"Harvard Federal Credit Union","Harvard Federal Credit Union","Harvard Federal Credit Union Zelle 2LE H","true","true","https://harvardfcu.org/zelle/","Active","https://enroll.zellepay.com/logos/zellepay/2LE.png","","https://harvardfcu.org/zelle/"
"Harvesters Credit Union","Harvesters Credit Union","Harvesters Credit Union Zelle JGN H","true","true","https://www.paymentsemails.com/ZelleOverview?jhid=5207&showVideo=1","Active","https://enroll.zellepay.com/logos/zellepay/JGN.png","","https://www.paymentsemails.com/ZelleOverview?jhid=5207&showVideo=1"
"Hastings Federal Credit Union","Hastings Federal Credit Union","Hastings Federal Credit Union Zelle 2TK H","true","true","https://www.hastingsfcu.org/asp/products/product_4.asp","Active","https://enroll.zellepay.com/logos/zellepay/2TK.png","","https://www.hastingsfcu.org/asp/products/product_4.asp"
"Havana National Bank","Havana National Bank","Havana National Bank Zelle 3QO H","true","true","https://www.havanabank.com/zelle/","Active","https://enroll.zellepay.com/logos/zellepay/3QO.png","","https://www.havanabank.com/zelle/"
"Haven Savings Bank","Haven Savings Bank","Haven Savings Bank Zelle 3KN H","true","true","https://havenbank.com/zelle/","Active","https://enroll.zellepay.com/logos/zellepay/3KN.png","","https://havenbank.com/zelle/"
"Hawaii Community FCU","Hawaii Community FCU","Hawaii Community FCU Zelle 0IY H","true","true","https://www.hicommfcu.com/zelle","Active","https://enroll.zellepay.com/api/v1/ecm/sites/ecm/files/logos/override_uploads/0IY-zellepay.png","","https://www.hicommfcu.com/zelle"
"Hawaii County Employees FCU","Hawaii County Employees FCU","Hawaii County Employees FCU Zelle 3D6 H","true","true","https://www.hawaiicountyfcu.com/zelle","Active","https://enroll.zellepay.com/logos/zellepay/3D6.png","","https://www.hawaiicountyfcu.com/zelle"
"Hawaii Federal Credit Union","Hawaii Federal Credit Union","Hawaii Federal Credit Union Zelle 3FM H","true","true","https://www.hawaiifcu.org/zelle","Active","https://enroll.zellepay.com/logos/zellepay/3FM.png","","https://www.hawaiifcu.org/zelle"
"Hawaiian Electric EFCU","Hawaiian Electric EFCU","Hawaiian Electric EFCU Zelle 2R2 H","true","true","https://www.hecoefcu.org/services/zelle/","Active","https://enroll.zellepay.com/logos/zellepay/2R2.png","","https://www.hecoefcu.org/services/zelle/"
"Hawthorn Bank","Hawthorn Bank","Hawthorn Bank Zelle J9R H","true","true","https://zelle.jhapaycenter.com/J9R.html","Active","https://enroll.zellepay.com/api/v1/ecm/sites/ecm/files/logos/override_uploads/J9R-zellepay.png","","https://zelle.jhapaycenter.com/J9R.html"
"HCN BANK","HCN BANK","HCN BANK Zelle 20Z H","true","true","https://www.hcnbank.com/Zelle","Active","https://enroll.zellepay.com/logos/zellepay/20Z.png","","https://www.hcnbank.com/Zelle"
"HealthCare Associates CU","HealthCare Associates CU","HealthCare Associates CU Zelle JP5 H","true","true","https://www.hacu.org/products-services/zelle","Active","https://enroll.zellepay.com/logos/zellepay/JP5.png","","https://www.hacu.org/products-services/zelle"
"Healthcare Employees FCU","Healthcare Employees FCU","Healthcare Employees FCU Zelle 3PZ H","true","true","https://www.hefcu.com/services/zelle\n","Active","https://enroll.zellepay.com/logos/zellepay/3PZ.png","","https://www.hefcu.com/services/zelle\n"
"Heart O Texas FCU","Heart O Texas FCU","Heart O Texas FCU Zelle 2ZF H","true","true","https://hotfcu.org/Zelle/","Active","https://enroll.zellepay.com/logos/zellepay/2ZF.png","","https://hotfcu.org/Zelle/"
"Hearthside Bank","Hearthside Bank","Hearthside Bank Zelle 2AO H","true","true","https://www.hearthsidebank.com","Active","https://enroll.zellepay.com/logos/zellepay/2AO.png","","https://www.hearthsidebank.com"
"Heartland Bank (NE)","Heartland Bank (NE)","Heartland Bank (NE) Zelle 2S2 H","true","true","https://www.myheartland.bank/zelle","Active","https://enroll.zellepay.com/logos/zellepay/2S2.png","","https://www.myheartland.bank/zelle"
"Heartland Bank and Trust Co","Heartland Bank and Trust Co","Heartland Bank and Trust Co Zelle JNJ H","true","true","https://www.hbtbank.com/zelle?x-craft-preview=2EMLCLAhRq&token=eF1vjuu2KZ49h4kOz-RmH9bP2JzVsjkx","Active","https://enroll.zellepay.com/logos/zellepay/JNJ.png","","https://www.hbtbank.com/zelle?x-craft-preview=2EMLCLAhRq&token=eF1vjuu2KZ49h4kOz-RmH9bP2JzVsjkx"
"Heartland Bank, div of GAB","Heartland Bank, div of GAB","Heartland Bank, div of GAB Zelle 3R1 H","true","true","https://heartland.bank/zelle","Active","https://enroll.zellepay.com/logos/zellepay/3R1.png","","https://heartland.bank/zelle"
"HEBFCU","HEBFCU","HEBFCU Zelle 2EA H","true","true","https://www.hebfcu.org/services/zelle/","Active","https://enroll.zellepay.com/logos/zellepay/2EA.png","","https://www.hebfcu.org/services/zelle/"
"Hello Credit Union","Hello Credit Union","Hello Credit Union Zelle 2YY H","true","true","https://www.hellocu.com/personal/zelle","Active","https://enroll.zellepay.com/logos/zellepay/2YY.png","","https://www.hellocu.com/personal/zelle"
"Hendricks County Bank","Hendricks County Bank","Hendricks County Bank Zelle 2BJ H","true","true","https://www.hendrickscountybank.com/Online-Banking","Active","https://enroll.zellepay.com/logos/zellepay/2BJ.png","","https://www.hendrickscountybank.com/Online-Banking"
"Heritage Bank (KY)","Heritage Bank (KY)","Heritage Bank (KY) Zelle 2CP H","true","true","https://www.ourheritage.bank/zelle.aspx","Active","https://enroll.zellepay.com/logos/zellepay/2CP.png","","https://www.ourheritage.bank/zelle.aspx"
"Heritage Bank & Trust","Heritage Bank & Trust","Heritage Bank & Trust Zelle 3GQ H","true","true","https://www.heritagebankandtrust.com/CustomContent.aspx?Name=Zelle","Active","https://enroll.zellepay.com/logos/zellepay/3GQ.png","","https://www.heritagebankandtrust.com/CustomContent.aspx?Name=Zelle"
"Heritage Bank MN","Heritage Bank MN","Heritage Bank MN Zelle 2LK H","true","true","https://heritagebankmn.com/Zelle","Active","https://enroll.zellepay.com/logos/zellepay/2LK.png","","https://heritagebankmn.com/Zelle"
"Heritage Bank of Nevada","Heritage Bank of Nevada","Heritage Bank of Nevada Zelle JOP H","true","true","https://www.heritagebanknevada.com/zelle","Active","https://enroll.zellepay.com/api/v1/ecm/sites/ecm/files/logos/override_uploads/JOP-zellepay.png","","https://www.heritagebanknevada.com/zelle"
"Heritage Bank of Schaumburg","Heritage Bank of Schaumburg","Heritage Bank of Schaumburg Zelle 0FO H","true","true","https://www.hbschaumburg.com/","Active","https://enroll.zellepay.com/logos/zellepay/0FO.png","","https://www.hbschaumburg.com/"
"Heritage Community Bank","Heritage Community Bank","Heritage Community Bank Zelle 2LY H","true","true","https://www.hcbanks.com/zelle","Active","https://enroll.zellepay.com/logos/zellepay/2LY.png","","https://www.hcbanks.com/zelle"
"Heritage Community CreditUnion","Heritage Community CreditUnion","Heritage Community CreditUnion Zelle 2V6 H","true","true","https://www.heritageccu.com/send-money-with-zelle.html","Active","https://enroll.zellepay.com/logos/zellepay/2V6.png","","https://www.heritageccu.com/send-money-with-zelle.html"
"Heritage Federal Credit Union","Heritage Federal Credit Union","Heritage Federal Credit Union Zelle JIF H","true","true","https://www.paymentsemails.com/ZelleOverview?jhid=45157&showVideo=1","Active","https://enroll.zellepay.com/logos/zellepay/JIF.png","","https://www.paymentsemails.com/ZelleOverview?jhid=45157&showVideo=1"
"Heritage Financial CU","Heritage Financial CU","Heritage Financial CU Zelle 3JY H","true","true","https://heritagefcu.com/banking/zelle/","Active","https://enroll.zellepay.com/logos/zellepay/3JY.png","","https://heritagefcu.com/banking/zelle/"
"Heritage USA Federal CU","Heritage USA Federal CU","Heritage USA Federal CU Zelle 33U H","true","true","https://www.heritage-usa.net/Online-Services/Zelle","Active","https://enroll.zellepay.com/logos/zellepay/33U.png","","https://www.heritage-usa.net/Online-Services/Zelle"
"Hickory Point Bank and Trust","Hickory Point Bank and Trust","Hickory Point Bank and Trust Zelle 2W1 H","true","true","https://www.hickorypointbank.com/personal/zelle","Active","https://enroll.zellepay.com/logos/zellepay/2W1.png","","https://www.hickorypointbank.com/personal/zelle"
"Hidden River Credit Union","Hidden River Credit Union","Hidden River Credit Union Zelle JL2 H","true","true","https://www.hdriver.org/zelle/","Active","https://enroll.zellepay.com/logos/zellepay/JL2.png","","https://www.hdriver.org/zelle/"
"High Country Bank","High Country Bank","High Country Bank Zelle JQL H","true","true","https://www.highcountrybank.net/zelle/","Active","https://enroll.zellepay.com/logos/zellepay/JQL.png","","https://www.highcountrybank.net/zelle/"
"High Plains Bank","High Plains Bank","High Plains Bank Zelle JOY H","true","true","https://www.hpbgo.com/zelle","Active","https://enroll.zellepay.com/logos/zellepay/JOY.png","","https://www.hpbgo.com/zelle"
"Highland Bank","Highland Bank","Highland Bank Zelle J0A H","true","true","https://zelle.jhapaycenter.com/J0A.html","Active","https://enroll.zellepay.com/logos/zellepay/J0A.png","","https://zelle.jhapaycenter.com/J0A.html"
"Highlands Bank","Highlands Bank","Highlands Bank Zelle 2CT H","true","true","https://www.highlands.bank/personal/digital-banking/zelle.html","Active","https://enroll.zellepay.com/logos/zellepay/2CT.png","","https://www.highlands.bank/personal/digital-banking/zelle.html"
"Hilltop Bank","Hilltop Bank","Hilltop Bank Zelle 24Y H","true","true","https://www.hilltop.bank/zelle/","Active","https://enroll.zellepay.com/logos/zellepay/24Y.png","","https://www.hilltop.bank/zelle/"
"Hingham Inst For Savings","Hingham Inst For Savings","Hingham Inst For Savings Zelle 3NY H","true","true","https://www.hinghamsavings.com/zelle","Active","https://enroll.zellepay.com/logos/zellepay/3NY.png","","https://www.hinghamsavings.com/zelle"
"Hinsdale Bank & Trust Company","Hinsdale Bank & Trust Company","Hinsdale Bank & Trust Company Zelle 0AZ H","true","true","https://www.wintrust.com/zelle.html","Active","https://enroll.zellepay.com/logos/zellepay/0AZ.png","","https://www.wintrust.com/zelle.html"
"HNB National Bank","HNB National Bank","HNB National Bank Zelle JRV H","true","true","https://www.hnbbanks.com/zelle/","Active","https://enroll.zellepay.com/logos/zellepay/JRV.png","","https://www.hnbbanks.com/zelle/"
"Hoboken School Employees FCU","Hoboken School Employees FCU","Hoboken School Employees FCU Zelle 2SA H","true","true","https://www.hsefcu.coop/Zelle","Active","https://enroll.zellepay.com/logos/zellepay/2SA.png","","https://www.hsefcu.coop/Zelle"
"Holcomb Bank","Holcomb Bank","Holcomb Bank Zelle 2MB H","true","true","https://images.printable.com/nonimpositions/22712/409799/22712_409799_rnnfxpf4_press.html","Active","https://enroll.zellepay.com/logos/zellepay/2MB.png","","https://images.printable.com/nonimpositions/22712/409799/22712_409799_rnnfxpf4_press.html"
"Holyoke Credit Union","Holyoke Credit Union","Holyoke Credit Union Zelle 3AE H","true","true","https://www.holyokecu.com/personal/personal-banking-services/zelle","Active","https://enroll.zellepay.com/logos/zellepay/3AE.png","","https://www.holyokecu.com/personal/personal-banking-services/zelle"
"Home Bank","Home Bank","Home Bank Zelle 2DM H","true","true","https://www.home24bank.com/services-tools/account-services/zelle.html","Active","https://enroll.zellepay.com/logos/zellepay/2DM.png","","https://www.home24bank.com/services-tools/account-services/zelle.html"
"Home Federal Bank of TN","Home Federal Bank of TN","Home Federal Bank of TN Zelle 31K H","true","true","https://www.homefederalbanktn.com/personal-banking/online-banking/zelle/","Active","https://enroll.zellepay.com/logos/zellepay/31K.png","","https://www.homefederalbanktn.com/personal-banking/online-banking/zelle/"
"Home Federal Credit Union","Home Federal Credit Union","Home Federal Credit Union Zelle 2PO H","true","true","https://www.homefcu.org/zelle","Active","https://enroll.zellepay.com/logos/zellepay/2PO.png","","https://www.homefcu.org/zelle"
"Home National Bank","Home National Bank","Home National Bank Zelle 2Z6 H","true","true","https://homenatlbank.com/zelle","Active","https://enroll.zellepay.com/logos/zellepay/2Z6.png","","https://homenatlbank.com/zelle"
"Home Savings Bank","Home Savings Bank","Home Savings Bank Zelle 2DF H","true","true","https://www.homesavingschanute.com/Zelle.aspx","Active","https://enroll.zellepay.com/logos/zellepay/2DF.png","","https://www.homesavingschanute.com/Zelle.aspx"
"Home State Bank","Home State Bank","Home State Bank Zelle 25L H","true","true","https://www.hsbankiowa.com/personal-banking/zelle","Active","https://enroll.zellepay.com/logos/zellepay/25L.png","","https://www.hsbankiowa.com/personal-banking/zelle"
"Home State Bank, IL","Home State Bank, IL","Home State Bank, IL Zelle 2A3 H","true","true","https://www.homestbk.com/zelle","Active","https://enroll.zellepay.com/logos/zellepay/2A3.png","","https://www.homestbk.com/zelle"
"Home Trust & Savings Bank","Home Trust & Savings Bank","Home Trust & Savings Bank Zelle 2H4 H","true","true","https://www.hometrustbank.com/e-banking/zelle","Active","https://enroll.zellepay.com/logos/zellepay/2H4.png","","https://www.hometrustbank.com/e-banking/zelle"
"Home-Federal Bank","Home-Federal Bank","Home-Federal Bank Zelle 2P3 H","true","true","https://www.homefederalne.bank/zelle.aspx","Active","https://enroll.zellepay.com/logos/zellepay/2P3.png","","https://www.homefederalne.bank/zelle.aspx"
"Homebase FCU","Homebase FCU","Homebase FCU Zelle 0U1 H","true","true","https://www.homebasecu.org/zelle","Active","https://enroll.zellepay.com/logos/zellepay/0U1.png","","https://www.homebasecu.org/zelle"
"Homeland Bank","Homeland Bank","Homeland Bank Zelle 0SA H","true","true","https://www.homelandbank.com/zelle","Active","https://enroll.zellepay.com/logos/zellepay/0SA.png","","https://www.homelandbank.com/zelle"
"Homeland Community Bank","Homeland Community Bank","Homeland Community Bank Zelle 2PT H","true","true","https://www.homelandcb.com/zelle","Active","https://enroll.zellepay.com/logos/zellepay/2PT.png","","https://www.homelandcb.com/zelle"
"HomePride Bank","HomePride Bank","HomePride Bank Zelle JN9 H","true","true","https://www.homepridebank.com/banking/resources/send-and-receive-money-with-zelle","Active","https://enroll.zellepay.com/logos/zellepay/JN9.png","","https://www.homepridebank.com/banking/resources/send-and-receive-money-with-zelle"
"Hometown Bank","Hometown Bank","Hometown Bank Zelle 3KX H","true","true","https://ht.bank/zelle/","Active","https://enroll.zellepay.com/logos/zellepay/3KX.png","","https://ht.bank/zelle/"
"Hometown Credit Union","Hometown Credit Union","Hometown Credit Union Zelle 2Z2 H","true","true","https://images.printable.com/nonimpositions/22712/439889/22712_439889_lzyw1lpz_press.html","Active","https://enroll.zellepay.com/logos/zellepay/2Z2.png","","https://images.printable.com/nonimpositions/22712/439889/22712_439889_lzyw1lpz_press.html"
"HomeTrust Bank","HomeTrust Bank","HomeTrust Bank Zelle 2H2 H","true","true","https://htb.com/personal-banking/accounts/online-banking/zelle/","Active","https://enroll.zellepay.com/logos/zellepay/2H2.png","","https://htb.com/personal-banking/accounts/online-banking/zelle/"
"Honolulu Fire Department FCU","Honolulu Fire Department FCU","Honolulu Fire Department FCU Zelle 2MS H","true","true","https://www.hfdfcu.org/sr_zelle.html","Active","https://enroll.zellepay.com/logos/zellepay/2MS.png","","https://www.hfdfcu.org/sr_zelle.html"
"Honor Bank","Honor Bank","Honor Bank Zelle JJ0 H","true","true","https://www.paymentsemails.com/ZelleOverview?MyFITool&jhID=3773&showVideo=1","Active","https://enroll.zellepay.com/logos/zellepay/JJ0.png","","https://www.paymentsemails.com/ZelleOverview?MyFITool&jhID=3773&showVideo=1"
"Hoosier Hills Credit Union","Hoosier Hills Credit Union","Hoosier Hills Credit Union Zelle 2RB H","true","true","https://hoosierhills.com/zelle.html","Active","https://enroll.zellepay.com/logos/zellepay/2RB.png","","https://hoosierhills.com/zelle.html"
"Hope Credit Union","Hope Credit Union","Hope Credit Union Zelle JLD H","true","true","https://www.hopecu.org/product/zelle/","Active","https://enroll.zellepay.com/logos/zellepay/JLD.png","","https://www.hopecu.org/product/zelle/"
"HopeSouth Credit Union","HopeSouth Credit Union","HopeSouth Credit Union Zelle 3FX H","true","true","https://hopesouth.org/zelle","Active","https://enroll.zellepay.com/logos/zellepay/3FX.png","","https://hopesouth.org/zelle"
"Horizon Bank","Horizon Bank","Horizon Bank Zelle 2KC H","true","true","https://www.horizonbank.com/zelle","Active","https://enroll.zellepay.com/logos/zellepay/2KC.png","","https://www.horizonbank.com/zelle"
"Houghton State Bank","Houghton State Bank","Houghton State Bank Zelle 3H2 H","true","true","https://www.houghtonstatebank.com/digital-banking/zelle","Active","https://enroll.zellepay.com/logos/zellepay/3H2.png","","https://www.houghtonstatebank.com/digital-banking/zelle"
"Houston Bank & Trust","Houston Bank & Trust","Houston Bank & Trust Zelle JJ8 H","true","true","https://www.houstonbanktx.com/digital/zelle","Active","https://enroll.zellepay.com/logos/zellepay/JJ8.png","","https://www.houstonbanktx.com/digital/zelle"
"Houston Federal Credit Union","Houston Federal Credit Union","Houston Federal Credit Union Zelle JA2 H","true","true","https://www.paymentsemails.com/ZelleOverview?MyFITool&jhID=5152&showVideo=1","Active","https://enroll.zellepay.com/logos/zellepay/JA2.png","","https://www.paymentsemails.com/ZelleOverview?MyFITool&jhID=5152&showVideo=1"
"Houston Highway Credit Union","Houston Highway Credit Union","Houston Highway Credit Union Zelle 3S2 H","true","true","https://www.houstonhighwaycu.com/zelle/","Active","https://enroll.zellepay.com/logos/zellepay/3S2.png","","https://www.houstonhighwaycu.com/zelle/"
"Houston Police Federal Credit","Houston Police Federal Credit","Houston Police Federal Credit Zelle JMO H","true","true","https://www.hpcu.coop/Zelle.aspx","Active","https://enroll.zellepay.com/logos/zellepay/JMO.png","","https://www.hpcu.coop/Zelle.aspx"
"Houston Texas FireFighters FCU","Houston Texas FireFighters FCU","Houston Texas FireFighters FCU Zelle 0VU H","true","true","https://www.htfffcu.org/zelle","Active","https://enroll.zellepay.com/logos/zellepay/0VU.png","","https://www.htfffcu.org/zelle"
"Hoyne Savings Bank","Hoyne Savings Bank","Hoyne Savings Bank Zelle 24T H","true","true","https://web2.secureinternetbank.com/PBI_PBI1151/login/271070908","Active","https://enroll.zellepay.com/logos/zellepay/24T.png","","https://web2.secureinternetbank.com/PBI_PBI1151/login/271070908"
"HSBC Bank USA, N.A.","HSBC Bank USA, N.A.","HSBC Bank USA, N.A. Zelle 36G H","true","true","https://www.us.hsbc.com/zelle","Active","https://enroll.zellepay.com/logos/zellepay/36G.png","","https://www.us.hsbc.com/zelle"
"Hughes Federal Credit Union","Hughes Federal Credit Union","Hughes Federal Credit Union Zelle 22S H","true","true","https://www.hughesfcu.org/digital-banking/zelle","Active","https://enroll.zellepay.com/logos/zellepay/22S.png","","https://www.hughesfcu.org/digital-banking/zelle"
"Huntington Bank","Huntington Bank","Huntington Bank Zelle H50 H","true","true","https://www.huntington.com/zelle","Active","https://enroll.zellepay.com/logos/zellepay/H50.png","","https://www.huntington.com/zelle"
"Huntington Beach Credit Union","Huntington Beach Credit Union","Huntington Beach Credit Union Zelle 3AS H","true","true","https://www.huntingtonbeachcu.org/servides/zelle/","Active","https://enroll.zellepay.com/logos/zellepay/3AS.png","","https://www.huntingtonbeachcu.org/servides/zelle/"
"Huntington FSB","Huntington FSB","Huntington FSB Zelle 2U6 H","true","true","https://www.huntingtonfederal.com/zelle","Active","https://enroll.zellepay.com/logos/zellepay/2U6.png","","https://www.huntingtonfederal.com/zelle"
"Huron Valley State Bank","Huron Valley State Bank","Huron Valley State Bank Zelle JJ9 H","true","true","https://www.hvsb.com/Zelle-Test-Page","Active","https://enroll.zellepay.com/logos/zellepay/JJ9.png","","https://www.hvsb.com/Zelle-Test-Page"
"Hustisford State Bank","Hustisford State Bank","Hustisford State Bank Zelle 3SV H","true","true","https://hustisfordbank.com/zelle","Active","https://enroll.zellepay.com/logos/zellepay/3SV.png","","https://hustisfordbank.com/zelle"
"Hyperion Bank","Hyperion Bank","Hyperion Bank Zelle 2KD H","true","true","https://hyperionbank.com","Active","https://enroll.zellepay.com/logos/zellepay/2KD.png","","https://hyperionbank.com"
"i3 Bank","i3 Bank","i3 Bank Zelle 3EK I","true","true","https://www.i3.bank/zelle","Active","https://enroll.zellepay.com/logos/zellepay/3EK.png","","https://www.i3.bank/zelle"
"ICCU","ICCU","ICCU Zelle COP I","true","true","https://www.iccu.com/services/zelle/","Active","https://enroll.zellepay.com/logos/zellepay/COP.png","","https://www.iccu.com/services/zelle/"
"Icon Business Bank","Icon Business Bank","Icon Business Bank Zelle JKH I","true","true","https://www.iconbusinessbank.com/zelle","Active","https://enroll.zellepay.com/logos/zellepay/JKH.png","","https://www.iconbusinessbank.com/zelle"
"Idaho Trust Bank","Idaho Trust Bank","Idaho Trust Bank Zelle 2GR I","true","true","https://www.idahotrust.com/zelle","Active","https://enroll.zellepay.com/logos/zellepay/2GR.png","","https://www.idahotrust.com/zelle"
"IDB GLOBAL FCU","IDB GLOBAL FCU","IDB GLOBAL FCU Zelle 2PV I","true","true","https://www.idbglobalfcu.org/e-services/zelle.htm","Active","https://enroll.zellepay.com/logos/zellepay/2PV.png","","https://www.idbglobalfcu.org/e-services/zelle.htm"
"Ideal Credit Union","Ideal Credit Union","Ideal Credit Union Zelle 0MD I","true","true","https://www.idealcu.com/zelle","Active","https://enroll.zellepay.com/logos/zellepay/0MD.png","","https://www.idealcu.com/zelle"
"iGObanking","iGObanking","iGObanking Zelle 0H9 I","true","true","https://www.igobanking.com/zelle.html","Active","https://enroll.zellepay.com/logos/zellepay/0H9.png","","https://www.igobanking.com/zelle.html"
"Illiana Financial CU","Illiana Financial CU","Illiana Financial CU Zelle 0TF I","true","true","https://illiana.org/zelle","Active","https://enroll.zellepay.com/logos/zellepay/0TF.png","","https://illiana.org/zelle"
"Illinois Educators CU","Illinois Educators CU","Illinois Educators CU Zelle 3K2 I","true","true","https://www.iecumember.org/zelle","Active","https://enroll.zellepay.com/logos/zellepay/3K2.png","","https://www.iecumember.org/zelle"
"ILWU Federal Credit Union","ILWU Federal Credit Union","ILWU Federal Credit Union Zelle 0S0 I","true","true","https://www.ilwucu.org/Zelle","Active","https://enroll.zellepay.com/logos/zellepay/0S0.png","","https://www.ilwucu.org/Zelle"
"Impressia Bank","Impressia Bank","Impressia Bank Zelle 3HC I","true","true","https://impressiabank.bank/personal-banking/convenience-services/zelle","Active","https://enroll.zellepay.com/api/v1/ecm/sites/ecm/files/logos/override_uploads/3HC-zellepay.png","","https://impressiabank.bank/personal-banking/convenience-services/zelle"
"InBank","InBank","InBank Zelle 0DD I","true","true","https://inbank.com/zelle","Active","https://enroll.zellepay.com/logos/zellepay/0DD.png","","https://inbank.com/zelle"
"IncredibleBank","IncredibleBank","IncredibleBank Zelle J1T I","true","true","https://zelle.jhapaycenter.com/J1T.html","Active","https://enroll.zellepay.com/api/v1/ecm/sites/ecm/files/logos/override_uploads/incrediblebank-zellepay.png","","https://zelle.jhapaycenter.com/J1T.html"
"Independence Bank - Montana","Independence Bank - Montana","Independence Bank - Montana Zelle 2XC I","true","true","https://www.ibyourbank.com/Zelle.aspx","Active","https://enroll.zellepay.com/logos/zellepay/2XC.png","","https://www.ibyourbank.com/Zelle.aspx"
"Independent Bank","Independent Bank","Independent Bank Zelle 2GB I","true","true","https://www.independentbank.com/zelle","Active","https://enroll.zellepay.com/logos/zellepay/2GB.png","","https://www.independentbank.com/zelle"
"Indiana Members Credit Union","Indiana Members Credit Union","Indiana Members Credit Union Zelle JI9 I","true","true","https://www.paymentsemails.com/ZelleOverview?jhid=56727&showVideo=1","Active","https://enroll.zellepay.com/logos/zellepay/JI9.png","","https://www.paymentsemails.com/ZelleOverview?jhid=56727&showVideo=1"
"Industrial CU","Industrial CU","Industrial CU Zelle 0T3 I","true","true","https://www.industrialcu.com/zelle","Active","https://enroll.zellepay.com/logos/zellepay/0T3.png","","https://www.industrialcu.com/zelle"
"Infinity Bank","Infinity Bank","Infinity Bank Zelle 0K1 I","true","true","https://www.goinfinitybank.com/personal/banking-services/online-services/zelle.html","Active","https://enroll.zellepay.com/logos/zellepay/0K1.png","","https://www.goinfinitybank.com/personal/banking-services/online-services/zelle.html"
"Inland Valley FCU","Inland Valley FCU","Inland Valley FCU Zelle 0TT I","true","true","https://www.ivfcu.org/zelle","Active","https://enroll.zellepay.com/logos/zellepay/0TT.png","","https://www.ivfcu.org/zelle"
"Innovations Financial CU","Innovations Financial CU","Innovations Financial CU Zelle JRD I","true","true","https://zelle.innovationsfcu.org","Active","https://enroll.zellepay.com/logos/zellepay/JRD.png","","https://zelle.innovationsfcu.org"
"INOVA Federal","INOVA Federal","INOVA Federal Zelle 0PP I","true","true","https://www.inovafederal.org/zelle","Active","https://enroll.zellepay.com/logos/zellepay/0PP.png","","https://www.inovafederal.org/zelle"
"InRoads Credit Union","InRoads Credit Union","InRoads Credit Union Zelle 37M I","true","true","https://www.inroadscu.org/zelle","Active","https://enroll.zellepay.com/logos/zellepay/37M.png","","https://www.inroadscu.org/zelle"
"Insight Credit Union","Insight Credit Union","Insight Credit Union Zelle 2YL I","true","true","https://insightcreditunion.com/access/zelle","Active","https://enroll.zellepay.com/logos/zellepay/2YL.png","","https://insightcreditunion.com/access/zelle"
"INSOUTH Bank","INSOUTH Bank","INSOUTH Bank Zelle 2K6 I","true","true","https://www.insouth.com/","Active","https://enroll.zellepay.com/api/v1/ecm/sites/ecm/files/logos/override_uploads/2K6-zellepay.png","","https://www.insouth.com/"
"Integrity Bank","Integrity Bank","Integrity Bank Zelle JP3 I","true","true","https://www.itx.bank/personal/services/","Active","https://enroll.zellepay.com/logos/zellepay/JP3.png","","https://www.itx.bank/personal/services/"
"Integrity Bank for Business VA","Integrity Bank for Business VA","Integrity Bank for Business VA Zelle 2P4 I","true","true","https://www.integritybankva.com/zelle","Active","https://enroll.zellepay.com/logos/zellepay/2P4.png","","https://www.integritybankva.com/zelle"
"Integro Bank","Integro Bank","Integro Bank Zelle 0PB I","true","true","https://integro.bank/zelle","Active","https://enroll.zellepay.com/logos/zellepay/0PB.png","","https://integro.bank/zelle"
"Interamerican Bank","Interamerican Bank","Interamerican Bank Zelle JNI I","true","true","https://interamericanbank.com/Zelle","Active","https://enroll.zellepay.com/logos/zellepay/JNI.png","","https://interamericanbank.com/Zelle"
"Interaudi Bank","Interaudi Bank","Interaudi Bank Zelle 38X I","true","true","https://www.interaudibank.com/Zelle","Active","https://enroll.zellepay.com/logos/zellepay/38X.png","","https://www.interaudibank.com/Zelle"
"InterBank","InterBank","InterBank Zelle 2QM I","true","true","https://www.interbank.com/Zelle","Active","https://enroll.zellepay.com/logos/zellepay/2QM.png","","https://www.interbank.com/Zelle"
"Interfaith FCU","Interfaith FCU","Interfaith FCU Zelle JQA I","true","true","https://interfaithfcu.org/zelle","Active","https://enroll.zellepay.com/logos/zellepay/JQA.png","","https://interfaithfcu.org/zelle"
"Interior Federal","Interior Federal","Interior Federal Zelle 36Z I","true","true","https://www.interiorfcu.org/zelle","Active","https://enroll.zellepay.com/logos/zellepay/36Z.png","","https://www.interiorfcu.org/zelle"
"International Bank of Chicago","International Bank of Chicago","International Bank of Chicago Zelle JJN I","true","true","https://www.paymentsemails.com/ZelleOverview?jhid=2997&showVideo=1","Active","https://enroll.zellepay.com/logos/zellepay/JJN.png","","https://www.paymentsemails.com/ZelleOverview?jhid=2997&showVideo=1"
"International Finance Bank","International Finance Bank","International Finance Bank Zelle J0W I","true","true","https://zelle.jhapaycenter.com/J0W.html","Active","https://enroll.zellepay.com/api/v1/ecm/sites/ecm/files/logos/override_uploads/IFB-zellepay.png_0.png","","https://zelle.jhapaycenter.com/J0W.html"
"Interstate Credit Union","Interstate Credit Union","Interstate Credit Union Zelle 2EY I","true","true","https://iufcu.org/","Active","https://enroll.zellepay.com/logos/zellepay/2EY.png","","https://iufcu.org/"
"InTouch Credit Union","InTouch Credit Union","InTouch Credit Union Zelle 2AX I","true","true","https://www.itcu.org/news-resources/mobile-online-banking/zelle","Active","https://enroll.zellepay.com/logos/zellepay/2AX.png","","https://www.itcu.org/news-resources/mobile-online-banking/zelle"
"Intracoastal Bank","Intracoastal Bank","Intracoastal Bank Zelle 2I0 I","true","true","https://www.intracoastal.bank/Zelle.aspx","Active","https://enroll.zellepay.com/logos/zellepay/2I0.png","","https://www.intracoastal.bank/Zelle.aspx"
"INTRUST Bank","INTRUST Bank","INTRUST Bank Zelle J1U I","true","true","https://zelle.jhapaycenter.com/J1U.html","Active","https://enroll.zellepay.com/logos/zellepay/J1U.png","","https://zelle.jhapaycenter.com/J1U.html"
"Investar Bank","Investar Bank","Investar Bank Zelle 0HX I","true","true","https://www.investarbank.com/zelle","Active","https://enroll.zellepay.com/logos/zellepay/0HX.png","","https://www.investarbank.com/zelle"
"Ion Bank","Ion Bank","Ion Bank Zelle 3GE I","true","true","https://ionbank.com/personal-banking/zelle","Active","https://enroll.zellepay.com/logos/zellepay/3GE.png","","https://ionbank.com/personal-banking/zelle"
"Iowa State Bank","Iowa State Bank","Iowa State Bank Zelle 2YP I","true","true","https://www.iowastatebank.net/online-services/zelle","Active","https://enroll.zellepay.com/logos/zellepay/2YP.png","","https://www.iowastatebank.net/online-services/zelle"
"Iowa State Bank - Des Moines","Iowa State Bank - Des Moines","Iowa State Bank - Des Moines Zelle 2WY I","true","true","https://www.iowastatebanks.com/personal/digital-banking/zelle","Active","https://enroll.zellepay.com/logos/zellepay/2WY.png","","https://www.iowastatebanks.com/personal/digital-banking/zelle"
"Iowa Trust","Iowa Trust","Iowa Trust Zelle 3B9 I","true","true","https://www.iowatrustbank.com/zelle","Active","https://enroll.zellepay.com/logos/zellepay/3B9.png","","https://www.iowatrustbank.com/zelle"
"Iowa Trust and Savings Bank","Iowa Trust and Savings Bank","Iowa Trust and Savings Bank Zelle 2JI I","true","true","https://www.iowatrust.bank/zelle","Active","https://enroll.zellepay.com/logos/zellepay/2JI.png","","https://www.iowatrust.bank/zelle"
"Ireland Bank","Ireland Bank","Ireland Bank Zelle 0MN I","true","true","https://ireland-bank.com/zelle/","Active","https://enroll.zellepay.com/logos/zellepay/0MN.png","","https://ireland-bank.com/zelle/"
"Iron Workers Bank","Iron Workers Bank","Iron Workers Bank Zelle 29I I","true","true","https://www.iwsb.com/","Active","https://enroll.zellepay.com/logos/zellepay/29I.png","","https://www.iwsb.com/"
"Ironworkers USA FCU","Ironworkers USA FCU","Ironworkers USA FCU Zelle 0OO I","true","true","https://ironworkerscu.org/zelle/","Active","https://enroll.zellepay.com/logos/zellepay/0OO.png","","https://ironworkerscu.org/zelle/"
"Iroquois Federal Savings","Iroquois Federal Savings","Iroquois Federal Savings Zelle 22T I","true","true","https://www.iroquoisfed.com/zelle_landing.php|","Active","https://enroll.zellepay.com/logos/zellepay/22T.png","","https://www.iroquoisfed.com/zelle_landing.php|"
"Isabella Bank","Isabella Bank","Isabella Bank Zelle JHI I","true","true","https://www.paymentsemails.com/ZelleOverview?jhid=2207&showVideo=1","Active","https://enroll.zellepay.com/logos/zellepay/JHI.png","","https://www.paymentsemails.com/ZelleOverview?jhid=2207&showVideo=1"
"Itasca Bank & Trust","Itasca Bank & Trust","Itasca Bank & Trust Zelle 3NH I","true","true","https://www.itascabank.com/zelle","Active","https://enroll.zellepay.com/logos/zellepay/3NH.png","","https://www.itascabank.com/zelle"
"iThink Financial Credit Union","iThink Financial Credit Union","iThink Financial Credit Union Zelle 0OB I","true","true","https://www.ithinkfi.org/zelle","Active","https://enroll.zellepay.com/logos/zellepay/0OB.png","","https://www.ithinkfi.org/zelle"
"IU Credit Union","IU Credit Union","IU Credit Union Zelle 2JS I","true","true","https://www.iucu.org/personal/digital-banking-services/zelle.html","Active","https://enroll.zellepay.com/logos/zellepay/2JS.png","","https://www.iucu.org/personal/digital-banking-services/zelle.html"
"Ives Bank","Ives Bank","Ives Bank Zelle 3PI I","true","true","https://www.ivesbank.com/personal/manage-money/zelle","Active","https://enroll.zellepay.com/logos/zellepay/3PI.png","","https://www.ivesbank.com/personal/manage-money/zelle"
"JACom Credit Union","JACom Credit Union","JACom Credit Union Zelle 2JL J","true","true","https://www.jacomcu.org/Jacomcu_Zelle.html","Active","https://enroll.zellepay.com/logos/zellepay/2JL.png","","https://www.jacomcu.org/Jacomcu_Zelle.html"
"JBT","JBT","JBT Zelle J0U J","true","true","https://zelle.jhapaycenter.com/J0U.html","Active","https://enroll.zellepay.com/api/v1/ecm/sites/ecm/files/logos/override_uploads/jbt-zellepay.png","","https://zelle.jhapaycenter.com/J0U.html"
"JCBank","JCBank","JCBank Zelle 2YC J","true","true","https://www.jcbank.com/zelle","Active","https://enroll.zellepay.com/logos/zellepay/2YC.png","","https://www.jcbank.com/zelle"
"JD Bank","JD Bank","JD Bank Zelle 22F J","true","true","https://jdbank.com/","Active","https://enroll.zellepay.com/logos/zellepay/22F.png","","https://jdbank.com/"
"Jeff Bank","Jeff Bank","Jeff Bank Zelle 3JN J","true","true","https://www.jeff.bank/personal-zelle/","Active","https://enroll.zellepay.com/logos/zellepay/3JN.png","","https://www.jeff.bank/personal-zelle/"
"Jefferson Bank","Jefferson Bank","Jefferson Bank Zelle JGQ J","true","true","https://www.paymentsemails.com/ZelleOverview?jhid=5215&showVideo=1","Active","https://enroll.zellepay.com/logos/zellepay/JGQ.png","","https://www.paymentsemails.com/ZelleOverview?jhid=5215&showVideo=1"
"Jersey Central FCU","Jersey Central FCU","Jersey Central FCU Zelle 2MU J","true","true","https://jerseycentralfcu.com/News_Resources/resources.html#zelle","Active","https://enroll.zellepay.com/logos/zellepay/2MU.png","","https://jerseycentralfcu.com/News_Resources/resources.html#zelle"
"Jersey State Bank","Jersey State Bank","Jersey State Bank Zelle 3LT J","true","true","https://www.jerseystatebank.com/zelle/","Active","https://enroll.zellepay.com/logos/zellepay/3LT.png","","https://www.jerseystatebank.com/zelle/"
"John Marshall Bank","John Marshall Bank","John Marshall Bank Zelle 0DF J","true","true","https://www.johnmarshallbank.com/zelle/","Active","https://enroll.zellepay.com/logos/zellepay/0DF.png","","https://www.johnmarshallbank.com/zelle/"
"Johns Hopkins FCU","Johns Hopkins FCU","Johns Hopkins FCU Zelle 0PY J","true","true","https://www.jhfcu.org/zelle","Active","https://enroll.zellepay.com/logos/zellepay/0PY.png","","https://www.jhfcu.org/zelle"
"Johnson Financial","Johnson Financial","Johnson Financial Zelle 0DH J","true","true","https://www.johnsonbank.com/zelle","Active","https://enroll.zellepay.com/logos/zellepay/0DH.png","","https://www.johnsonbank.com/zelle"
"Jonesburg State Bank","Jonesburg State Bank","Jonesburg State Bank Zelle JG8 J","true","true","https://zelle.jhapaycenter.com/JG8.html","Active","https://enroll.zellepay.com/logos/zellepay/JG8.png","","https://zelle.jhapaycenter.com/JG8.html"
"Journey Bank","Journey Bank","Journey Bank Zelle 0PT J","true","true","https://journeybank.com/zelle","Active","https://enroll.zellepay.com/logos/zellepay/0PT.png","","https://journeybank.com/zelle"
"Jovia Financial Credit Union","Jovia Financial Credit Union","Jovia Financial Credit Union Zelle 2FC J","true","true","https://www.jovia.org/zelle","Active","https://enroll.zellepay.com/logos/zellepay/2FC.png","","https://www.jovia.org/zelle"
"Juniata Valley Bank","Juniata Valley Bank","Juniata Valley Bank Zelle 3SO J","true","true","https://www.jvb.bank/zelle.html","Active","https://enroll.zellepay.com/logos/zellepay/3SO.png","","https://www.jvb.bank/zelle.html"
"Kalamazoo County State Bank","Kalamazoo County State Bank","Kalamazoo County State Bank Zelle 2OO K","true","true","https://kcsbank.com/zelle/","Active","https://enroll.zellepay.com/logos/zellepay/2OO.png","","https://kcsbank.com/zelle/"
"Kansas City Credit Union","Kansas City Credit Union","Kansas City Credit Union Zelle 0V6 K","true","true","https://www.kccu.net/zelle","Active","https://enroll.zellepay.com/logos/zellepay/0V6.png","","https://www.kccu.net/zelle"
"Karnes County National Bank","Karnes County National Bank","Karnes County National Bank Zelle 2I2 K","true","true","https://www.kcnb.com","Active","https://enroll.zellepay.com/logos/zellepay/2I2.png","","https://www.kcnb.com"
"Katahdin Trust Company","Katahdin Trust Company","Katahdin Trust Company Zelle 26J K","true","true","https://www.katahdintrust.com/receive-money-with-zelle","Active","https://enroll.zellepay.com/logos/zellepay/26J.png","","https://www.katahdintrust.com/receive-money-with-zelle"
"KBR Heritage FCU","KBR Heritage FCU","KBR Heritage FCU Zelle 2I7 K","true","true","https://www.kbrhfcu.org/zelle","Active","https://enroll.zellepay.com/logos/zellepay/2I7.png","","https://www.kbrhfcu.org/zelle"
"Kearney Trust Company","Kearney Trust Company","Kearney Trust Company Zelle 3M2 K","true","true","https://images.printable.com/nonimpositions/22712/461726/22712_461726_wsr5tbz1_press.html","Active","https://enroll.zellepay.com/logos/zellepay/3M2.png","","https://images.printable.com/nonimpositions/22712/461726/22712_461726_wsr5tbz1_press.html"
"Kearny Bank","Kearny Bank","Kearny Bank Zelle 2A5 K","true","true","https://kearnybank.com/zelle","Active","https://enroll.zellepay.com/logos/zellepay/2A5.png","","https://kearnybank.com/zelle"
"Keesler FCU","Keesler FCU","Keesler FCU Zelle 0IQ K","true","true","https://www.kfcu.org/zelle","Active","https://enroll.zellepay.com/logos/zellepay/0IQ.png","","https://www.kfcu.org/zelle"
"KEMBA Roanoke FCU","KEMBA Roanoke FCU","KEMBA Roanoke FCU Zelle 2L0 K","true","true","https://images.printable.com/nonimpositions/22712/421595/22712_421595_fbkct3cw_press.html","Active","https://enroll.zellepay.com/logos/zellepay/2L0.png","","https://images.printable.com/nonimpositions/22712/421595/22712_421595_fbkct3cw_press.html"
"Kennebec Savings Bank","Kennebec Savings Bank","Kennebec Savings Bank Zelle 3C4 K","true","true","https://www.kennebecsavings.bank/personal/services/additional-services/zelle/","Active","https://enroll.zellepay.com/logos/zellepay/3C4.png","","https://www.kennebecsavings.bank/personal/services/additional-services/zelle/"
"KeyBank Mobile","KeyBank Mobile","KeyBank Mobile Zelle KEY K","true","true","https://www.key.com/zelle","Active","https://enroll.zellepay.com/logos/zellepay/KEY.png","","https://www.key.com/zelle"
"KeyPoint Credit Union","KeyPoint Credit Union","KeyPoint Credit Union Zelle 35A K","true","true","https://kpcu.com/LPs/Pay-Others","Active","https://enroll.zellepay.com/logos/zellepay/35A.png","","https://kpcu.com/LPs/Pay-Others"
"KeySavings Bank","KeySavings Bank","KeySavings Bank Zelle 2CX K","true","true","https://www.keysavingsbank.com/zelle","Active","https://enroll.zellepay.com/logos/zellepay/2CX.png","","https://www.keysavingsbank.com/zelle"
"Kimberly Clark Credit Union","Kimberly Clark Credit Union","Kimberly Clark Credit Union Zelle JA8 K","true","true","https://zelle.jhapaycenter.com/JA8.html","Active","https://enroll.zellepay.com/logos/zellepay/JA8.png","","https://zelle.jhapaycenter.com/JA8.html"
"Kinecta Federal Credit Union","Kinecta Federal Credit Union","Kinecta Federal Credit Union Zelle 0P2 K","true","true","https://www.kinecta.org/zelle","Active","https://enroll.zellepay.com/logos/zellepay/0P2.png","","https://www.kinecta.org/zelle"
"Kingston National Bank","Kingston National Bank","Kingston National Bank Zelle 2BV K","true","true","https://www.kingstonnationalbank.com/Zelle.aspx","Active","https://enroll.zellepay.com/logos/zellepay/2BV.png","","https://www.kingstonnationalbank.com/Zelle.aspx"
"Kirkpatrick Bank","Kirkpatrick Bank","Kirkpatrick Bank Zelle 3BI K","true","true","https://kirkpatrickbank.com/personal/zelle","Active","https://enroll.zellepay.com/logos/zellepay/3BI.png","","https://kirkpatrickbank.com/personal/zelle"
"Kirkwood Bank & Trust","Kirkwood Bank & Trust","Kirkwood Bank & Trust Zelle 3AZ K","true","true","https://www.kirkwoodbank.com/zelle","Active","https://enroll.zellepay.com/logos/zellepay/3AZ.png","","https://www.kirkwoodbank.com/zelle"
"Kitsap Credit Union","Kitsap Credit Union","Kitsap Credit Union Zelle 2JT K","true","true","https://www.kitsapcu.org/Zelle/","Active","https://enroll.zellepay.com/logos/zellepay/2JT.png","","https://www.kitsapcu.org/Zelle/"
"Knoxville Teachers FCU","Knoxville Teachers FCU","Knoxville Teachers FCU Zelle 3LQ K","true","true","https://ktfcu.org/online-services/zelle/","Active","https://enroll.zellepay.com/logos/zellepay/3LQ.png","","https://ktfcu.org/online-services/zelle/"
"Koolau Federal Credit Union","Koolau Federal Credit Union","Koolau Federal Credit Union Zelle 30V K","true","true","https://www.koolaufcu.org/zelle","Active","https://enroll.zellepay.com/logos/zellepay/30V.png","","https://www.koolaufcu.org/zelle"
"La Loma FCU","La Loma FCU","La Loma FCU Zelle 0TK L","true","true","https://www.llfcu.org/zelle","Active","https://enroll.zellepay.com/logos/zellepay/0TK.png","","https://www.llfcu.org/zelle"
"Labor Credit Union","Labor Credit Union","Labor Credit Union Zelle 0VK L","true","true","https://www.dolfcu.org/zelle","Active","https://enroll.zellepay.com/logos/zellepay/0VK.png","","https://www.dolfcu.org/zelle"
"Ladysmith Federal","Ladysmith Federal","Ladysmith Federal Zelle 2Y4 L","true","true","https://ladysmithfederal.com/zelle.html","Active","https://enroll.zellepay.com/logos/zellepay/2Y4.png","","https://ladysmithfederal.com/zelle.html"
"Lafayette State Bank","Lafayette State Bank","Lafayette State Bank Zelle 0I9 L","true","true","https://lafayettestatebank.com/zelle","Active","https://enroll.zellepay.com/logos/zellepay/0I9.png","","https://lafayettestatebank.com/zelle"
"LAFCU","LAFCU","LAFCU Zelle JAA L","true","true","https://www.lafcu.com/zelle","Active","https://enroll.zellepay.com/logos/zellepay/JAA.png","","https://www.lafcu.com/zelle"
"Lake Chem Community FCU","Lake Chem Community FCU","Lake Chem Community FCU Zelle 3L8 L","true","true","https://www.lakechemfcu.org/zelle","Active","https://enroll.zellepay.com/logos/zellepay/3L8.png","","https://www.lakechemfcu.org/zelle"
"Lake City Bank","Lake City Bank","Lake City Bank Zelle 0AS L","true","true","https://www.lakecitybank.com/zelle/","Active","https://enroll.zellepay.com/logos/zellepay/0AS.png","","https://www.lakecitybank.com/zelle/"
"Lake Forest Bank & Trust","Lake Forest Bank & Trust","Lake Forest Bank & Trust Zelle 0B0 L","true","true","https://www.wintrust.com/zelle.html","Active","https://enroll.zellepay.com/logos/zellepay/0B0.png","","https://www.wintrust.com/zelle.html"
"Lake Region Bank","Lake Region Bank","Lake Region Bank Zelle 3JK L","true","true","https://lakeregion.com/zelle/","Active","https://enroll.zellepay.com/logos/zellepay/3JK.png","","https://lakeregion.com/zelle/"
"Lake Ridge Bank","Lake Ridge Bank","Lake Ridge Bank Zelle 2FI L","true","true","https://www.lakeridge.bank/","Active","https://enroll.zellepay.com/logos/zellepay/2FI.png","","https://www.lakeridge.bank/"
"Lake Shore Bank","Lake Shore Bank","Lake Shore Bank Zelle 24B L","true","true","https://lakeshoresavings.com/zelle/","Active","https://enroll.zellepay.com/logos/zellepay/24B.png","","https://lakeshoresavings.com/zelle/"
"Lake Trust Credit Union","Lake Trust Credit Union","Lake Trust Credit Union Zelle 3EJ L","true","true","https://www.laketrust.org/ZELLE","Active","https://enroll.zellepay.com/logos/zellepay/3EJ.png","","https://www.laketrust.org/ZELLE"
"Lakeside Bank","Lakeside Bank","Lakeside Bank Zelle J27 L","true","true","https://zelle.jhapaycenter.com/J27.html","Active","https://enroll.zellepay.com/logos/zellepay/J27.png","","https://zelle.jhapaycenter.com/J27.html"
"Lakeside Bank Chicago","Lakeside Bank Chicago","Lakeside Bank Chicago Zelle 2QN L","true","true","https://www.lakesidebank.com/products-services/personal/zelle","Active","https://enroll.zellepay.com/logos/zellepay/2QN.png","","https://www.lakesidebank.com/products-services/personal/zelle"
"Lakeview Federal Credit Union","Lakeview Federal Credit Union","Lakeview Federal Credit Union Zelle 2TS L","true","true","https://lakeviewfcu.com/zelle","Active","https://enroll.zellepay.com/logos/zellepay/2TS.png","","https://lakeviewfcu.com/zelle"
"Lamar National Bank","Lamar National Bank","Lamar National Bank Zelle JQR L","true","true","https://www.lamarnationalbank.com/zelle/","Active","","","https://www.lamarnationalbank.com/zelle/"
"Lan-Fair Federal Credit Union","Lan-Fair Federal Credit Union","Lan-Fair Federal Credit Union Zelle 2QO L","true","true","https://www.lanfairfcu.com/zelle","Active","https://enroll.zellepay.com/logos/zellepay/2QO.png","","https://www.lanfairfcu.com/zelle"
"Land of Lincoln Credit Union","Land of Lincoln Credit Union","Land of Lincoln Credit Union Zelle 2GX L","true","true","https://www.llcu.org/banking/zelle","Active","https://enroll.zellepay.com/logos/zellepay/2GX.png","","https://www.llcu.org/banking/zelle"
"Landings Credit Union","Landings Credit Union","Landings Credit Union Zelle JOZ L","true","true","https://www.landingscu.org/Services/Zelle","Active","https://enroll.zellepay.com/logos/zellepay/JOZ.png","","https://www.landingscu.org/Services/Zelle"
"Landmands Bank","Landmands Bank","Landmands Bank Zelle 3KG L","true","true","https://www.banking.landmandsbank.com/consumerweb/default/secure/payments/zelle","Active","https://enroll.zellepay.com/logos/zellepay/3KG.png","","https://www.banking.landmandsbank.com/consumerweb/default/secure/payments/zelle"
"Landmark Credit Union","Landmark Credit Union","Landmark Credit Union Zelle 0O4 L","true","true","https://landmarkcu.com/zelle","Active","https://enroll.zellepay.com/logos/zellepay/0O4.png","","https://landmarkcu.com/zelle"
"Landmark National Bank","Landmark National Bank","Landmark National Bank Zelle 2C4 L","true","true","https://www.banklandmark.com/zelle/","Active","https://enroll.zellepay.com/logos/zellepay/2C4.png","","https://www.banklandmark.com/zelle/"
"Langley Federal Credit Union","Langley Federal Credit Union","Langley Federal Credit Union Zelle JPP L","true","true","https://www.langleyfcu.org/zelle","Active","https://enroll.zellepay.com/logos/zellepay/JPP.png","","https://www.langleyfcu.org/zelle"
"Lanier Federal Credit Union","Lanier Federal Credit Union","Lanier Federal Credit Union Zelle 2PF L","true","true","https://www.lanierfcu.org/Products-Services/Services/Zelle.html","Active","https://enroll.zellepay.com/logos/zellepay/2PF.png","","https://www.lanierfcu.org/Products-Services/Services/Zelle.html"
"LAPFCU","LAPFCU","LAPFCU Zelle 3A3 L","true","true","https://lapfcu.org/zelle","Active","https://enroll.zellepay.com/logos/zellepay/3A3.png","","https://lapfcu.org/zelle"
"Latino Community Credit Union","Latino Community Credit Union","Latino Community Credit Union Zelle JRQ L","true","true","https://www.latinoccu.org/zelle","Active","https://enroll.zellepay.com/logos/zellepay/JRQ.png","","https://www.latinoccu.org/zelle"
"Launch Credit Union","Launch Credit Union","Launch Credit Union Zelle 0ME L","true","true","https://www.launchcu.com/zelle","Active","https://enroll.zellepay.com/logos/zellepay/0ME.png","","https://www.launchcu.com/zelle"
"Lawrence Bank","Lawrence Bank","Lawrence Bank Zelle 2JH L","true","true","https://www.lawrence.bank/zelle","Active","https://enroll.zellepay.com/logos/zellepay/2JH.png","","https://www.lawrence.bank/zelle"
"LBS Financial Credit Union","LBS Financial Credit Union","LBS Financial Credit Union Zelle 3NI L","true","true","https://www.lbsfcu.org/Zelle","Active","https://enroll.zellepay.com/logos/zellepay/3NI.png","","https://www.lbsfcu.org/Zelle"
"LCNB National Bank","LCNB National Bank","LCNB National Bank Zelle JMT L","true","true","https://www.lcnb.com/zelle","Active","https://enroll.zellepay.com/logos/zellepay/JMT.png","","https://www.lcnb.com/zelle"
"Lea County State Bank","Lea County State Bank","Lea County State Bank Zelle JIV L","true","true","https://www.paymentsemails.com/ZelleOverview?MyFITool&jhID=3778&showVideo=1","Active","https://enroll.zellepay.com/logos/zellepay/JIV.png","","https://www.paymentsemails.com/ZelleOverview?MyFITool&jhID=3778&showVideo=1"
"Lead Bank","Lead Bank","Lead Bank Zelle 23A L","true","true","https://www.lead.bank/","Active","https://enroll.zellepay.com/logos/zellepay/23A.png","","https://www.lead.bank/"
"Leader Bank","Leader Bank","Leader Bank Zelle 2O9 L","true","true","https://www.leaderbank.com/zelle","Active","https://enroll.zellepay.com/logos/zellepay/2O9.png","","https://www.leaderbank.com/zelle"
"Ledyard National Bank","Ledyard National Bank","Ledyard National Bank Zelle 2TF L","true","true","https://ledyard.bank/Landing-Pages-(1)/Zelle","Active","https://enroll.zellepay.com/logos/zellepay/2TF.png","","https://ledyard.bank/Landing-Pages-(1)/Zelle"
"Lee Bank","Lee Bank","Lee Bank Zelle 21G L","true","true","https://www.leebank.com/","Active","https://enroll.zellepay.com/logos/zellepay/21G.png","","https://www.leebank.com/"
"Legacy Bank and Trust","Legacy Bank and Trust","Legacy Bank and Trust Zelle 38A L","true","true","https://images.printable.com/nonimpositions/22712/461749/22712_461749_znnobkkb_press.html","Active","https://enroll.zellepay.com/logos/zellepay/38A.png","","https://images.printable.com/nonimpositions/22712/461749/22712_461749_znnobkkb_press.html"
"Legacy Bank CA","Legacy Bank CA","Legacy Bank CA Zelle 0TQ L","true","true","https://www.legacybankca.com/zelle","Active","https://enroll.zellepay.com/logos/zellepay/0TQ.png","","https://www.legacybankca.com/zelle"
"Legacy National Bank","Legacy National Bank","Legacy National Bank Zelle 2GY L","true","true","https://www.legacyar.com/legacy-zelle/","Active","https://enroll.zellepay.com/logos/zellepay/2GY.png","","https://www.legacyar.com/legacy-zelle/"
"Legacy State Bank","Legacy State Bank","Legacy State Bank Zelle 0VV L","true","true","https://legacystatebank.com/zelle","Active","https://enroll.zellepay.com/logos/zellepay/0VV.png","","https://legacystatebank.com/zelle"
"Legend Bank","Legend Bank","Legend Bank Zelle 2RY L","true","true","https://www.legend.bank/zelle","Active","https://enroll.zellepay.com/logos/zellepay/2RY.png","","https://www.legend.bank/zelle"
"Legends Bank Missouri","Legends Bank Missouri","Legends Bank Missouri Zelle 3EZ L","true","true","https://www.legendsbk.com/services/zelle/","Active","https://enroll.zellepay.com/logos/zellepay/3EZ.png","","https://www.legendsbk.com/services/zelle/"
"LES Federal Credit Union","LES Federal Credit Union","LES Federal Credit Union Zelle 3HK L","true","true","https://www.lesfcu.com/zelle","Active","https://enroll.zellepay.com/logos/zellepay/3HK.png","","https://www.lesfcu.com/zelle"
"Lewis Clark Credit Union","Lewis Clark Credit Union","Lewis Clark Credit Union Zelle 0UD L","true","true","https://www.lewisclarkcu.org/zelle","Active","https://enroll.zellepay.com/logos/zellepay/0UD.png","","https://www.lewisclarkcu.org/zelle"
"Lexicon Bank","Lexicon Bank","Lexicon Bank Zelle 0DG L","true","true","https://www.lexiconbank.com/","Active","https://enroll.zellepay.com/logos/zellepay/0DG.png","","https://www.lexiconbank.com/"
"LEXINGTON POSTAL COMMUNITY CU","LEXINGTON POSTAL COMMUNITY CU","LEXINGTON POSTAL COMMUNITY CU Zelle 38O L","true","true","https://www.lexpccu.com/zelle","Active","https://enroll.zellepay.com/logos/zellepay/38O.png","","https://www.lexpccu.com/zelle"
"LG&E Co. Credit Union","LG&E Co. Credit Union","LG&E Co. Credit Union Zelle 38L L","true","true","https://lgecu.vbwebservices.com/zelle.html","Active","https://enroll.zellepay.com/logos/zellepay/38L.png","","https://lgecu.vbwebservices.com/zelle.html"
"LGE Community Credit Union","LGE Community Credit Union","LGE Community Credit Union Zelle 0IM L","true","true","https://www.lgeccu.org/bank/eservices/zelle.html","Active","https://enroll.zellepay.com/logos/zellepay/0IM.png","","https://www.lgeccu.org/bank/eservices/zelle.html"
"Liberty Bank","Liberty Bank","Liberty Bank Zelle 31T L","true","true","https://images.printable.com/nonimpositions/22712/423796/22712_423796_2ax1ezqe_press.html","Active","https://enroll.zellepay.com/logos/zellepay/31T.png","","https://images.printable.com/nonimpositions/22712/423796/22712_423796_2ax1ezqe_press.html"
"Liberty Bank and Trust","Liberty Bank and Trust","Liberty Bank and Trust Zelle 35D L","true","true","https://www.libertybank.net/pages/zelle/","Active","https://enroll.zellepay.com/logos/zellepay/35D.png","","https://www.libertybank.net/pages/zelle/"
"Liberty Bank for Savings","Liberty Bank for Savings","Liberty Bank for Savings Zelle 2Y5 L","true","true","https://www.libertybank.com/zelle/","Active","https://enroll.zellepay.com/logos/zellepay/2Y5.png","","https://www.libertybank.com/zelle/"
"Liberty Capital Bank","Liberty Capital Bank","Liberty Capital Bank Zelle 0G8 L","true","true","https://libertycapital.bank/zelle","Active","https://enroll.zellepay.com/logos/zellepay/0G8.png","","https://libertycapital.bank/zelle"
"Liberty National Bank","Liberty National Bank","Liberty National Bank Zelle 641 L","true","true","https://www.lnbok.com/","Active","https://enroll.zellepay.com/logos/zellepay/641.png","","https://www.lnbok.com/"
"Liberty Savings Bank","Liberty Savings Bank","Liberty Savings Bank Zelle 2S8 L","true","true","https://www.libertysavingsbank.com/zelle","Active","https://enroll.zellepay.com/logos/zellepay/2S8.png","","https://www.libertysavingsbank.com/zelle"
"Liberty Savings FCU","Liberty Savings FCU","Liberty Savings FCU Zelle 2KR L","true","true","https://www.lsfcu.org/zelle/","Active","https://enroll.zellepay.com/logos/zellepay/2KR.png","","https://www.lsfcu.org/zelle/"
"LibertyNatl Zelle","LibertyNatl Zelle","LibertyNatl Zelle Zelle 3SK L","true","true","https://libertynational.bank/zelle","Active","https://enroll.zellepay.com/logos/zellepay/3SK.png","","https://libertynational.bank/zelle"
"Libertyville Bank & Trust","Libertyville Bank & Trust","Libertyville Bank & Trust Zelle 0B1 L","true","true","https://www.wintrust.com/zelle.html","Active","https://enroll.zellepay.com/logos/zellepay/0B1.png","","https://www.wintrust.com/zelle.html"
"LifeStore Bank","LifeStore Bank","LifeStore Bank Zelle 0F3 L","true","true","https://www.golifestore.com/zelle","Active","https://enroll.zellepay.com/logos/zellepay/0F3.png","","https://www.golifestore.com/zelle"
"Lifetime Federal Credit Union","Lifetime Federal Credit Union","Lifetime Federal Credit Union Zelle 2M5 L","true","true","https://www.lifetimefcu.org/services/zelle/","Active","https://enroll.zellepay.com/logos/zellepay/2M5.png","","https://www.lifetimefcu.org/services/zelle/"
"Lincoln Park Community CU","Lincoln Park Community CU","Lincoln Park Community CU Zelle 2T5 L","true","true","https://lpccu.coop/zelle/","Active","https://enroll.zellepay.com/logos/zellepay/2T5.png","","https://lpccu.coop/zelle/"
"Lion s Share FCU","Lion s Share FCU","Lion s Share FCU Zelle 3BF L","true","true","https://www.lionsharecu.org/Zelle/","Active","https://enroll.zellepay.com/logos/zellepay/3BF.png","","https://www.lionsharecu.org/Zelle/"
"Lisle Savings Bank","Lisle Savings Bank","Lisle Savings Bank Zelle 0I8 L","true","true","https://www.lislebank.com/zelle/","Active","https://enroll.zellepay.com/logos/zellepay/0I8.png","","https://www.lislebank.com/zelle/"
"Listerhill Credit Union","Listerhill Credit Union","Listerhill Credit Union Zelle 32V L","true","true","https://listerhill.com/zelle","Active","https://enroll.zellepay.com/logos/zellepay/32V.png","","https://listerhill.com/zelle"
"Llano National Bank","Llano National Bank","Llano National Bank Zelle 0F0 L","true","true","https://www.llanonationalbank.com/zelle","Active","https://enroll.zellepay.com/logos/zellepay/0F0.png","","https://www.llanonationalbank.com/zelle"
"Logansport Sav Bank","Logansport Sav Bank","Logansport Sav Bank Zelle 0TE L","true","true","https://logansportsavings.bank/zelle","Active","https://enroll.zellepay.com/logos/zellepay/0TE.png","","https://logansportsavings.bank/zelle"
"Logix Federal Credit Union","Logix Federal Credit Union","Logix Federal Credit Union Zelle J3D L","true","true","https://zelle.jhapaycenter.com/J3D.html","Active","https://enroll.zellepay.com/logos/zellepay/J3D.png","","https://zelle.jhapaycenter.com/J3D.html"
"Lone Star Bank","Lone Star Bank","Lone Star Bank Zelle JAK L","true","true","https://lsbtexas.cms.banno-staging.com/personal/zelle","Active","https://enroll.zellepay.com/logos/zellepay/JAK.png","","https://lsbtexas.cms.banno-staging.com/personal/zelle"
"Lone Star National Bank","Lone Star National Bank","Lone Star National Bank Zelle 34B L","true","true","https://www.lonestarnationalbank.com/digital-banking/zelle","Active","https://enroll.zellepay.com/logos/zellepay/34B.png","","https://www.lonestarnationalbank.com/digital-banking/zelle"
"Long Beach Firemen's CU","Long Beach Firemen's CU","Long Beach Firemen's CU Zelle 39F L","true","true","https://www.lbfcu.org/zelle","Active","https://enroll.zellepay.com/logos/zellepay/39F.png","","https://www.lbfcu.org/zelle"
"Longview Bank","Longview Bank","Longview Bank Zelle 2YO L","true","true","https://longviewbank.com/Zelle","Active","https://enroll.zellepay.com/logos/zellepay/2YO.png","","https://longviewbank.com/Zelle"
"Longview Community Bank","Longview Community Bank","Longview Community Bank Zelle 2MF L","true","true","https://www.longviewcb.com/zelle","Active","https://enroll.zellepay.com/logos/zellepay/2MF.png","","https://www.longviewcb.com/zelle"
"Lookout Federal Credit Union","Lookout Federal Credit Union","Lookout Federal Credit Union Zelle 0IX L","true","true","https://www.lookoutcu.com/account-access/zelle.html","Active","https://enroll.zellepay.com/logos/zellepay/0IX.png","","https://www.lookoutcu.com/account-access/zelle.html"
"Los Angeles Federal CU","Los Angeles Federal CU","Los Angeles Federal CU Zelle JIE L","true","true","https://www.paymentsemails.com/ZelleOverview?jhid=6647&showVideo=1","Active","https://enroll.zellepay.com/logos/zellepay/JIE.png","","https://www.paymentsemails.com/ZelleOverview?jhid=6647&showVideo=1"
"Louisiana National Bank","Louisiana National Bank","Louisiana National Bank Zelle 0HT L","true","true","https://www.ln.bank/zelle","Active","https://enroll.zellepay.com/logos/zellepay/0HT.png","","https://www.ln.bank/zelle"
"Lowry State Bank","Lowry State Bank","Lowry State Bank Zelle J1D L","true","true","https://zelle.jhapaycenter.com/J1D.html","Active","https://enroll.zellepay.com/logos/zellepay/J1D.png","","https://zelle.jhapaycenter.com/J1D.html"
"Loyal Trust Bank","Loyal Trust Bank","Loyal Trust Bank Zelle 2FG L","true","true","https://www.loyaltrustbank.com/Zelle.aspx","Active","https://enroll.zellepay.com/logos/zellepay/2FG.png","","https://www.loyaltrustbank.com/Zelle.aspx"
"Lubbock National Bank","Lubbock National Bank","Lubbock National Bank Zelle LUB L","true","true","https://www.lubbocknational.com/Zelle.aspx","Active","https://enroll.zellepay.com/api/v1/ecm/sites/ecm/files/logos/override_uploads/LUB_185x93_v0.png","","https://www.lubbocknational.com/Zelle.aspx"
"Lufkin Federal Credit Union","Lufkin Federal Credit Union","Lufkin Federal Credit Union Zelle 3DZ L","true","true","https://lufkinfcu.com/zelle","Active","https://enroll.zellepay.com/logos/zellepay/3DZ.png","","https://lufkinfcu.com/zelle"
"Luminate Bank","Luminate Bank","Luminate Bank Zelle J4A L","true","true","https://www.paymentsemails.com/ZelleOverview?jhid=58363&showVideo=1","Active","https://enroll.zellepay.com/logos/zellepay/J4A.png","","https://www.paymentsemails.com/ZelleOverview?jhid=58363&showVideo=1"
"Lusitania Savings Bank","Lusitania Savings Bank","Lusitania Savings Bank Zelle 3NP L","true","true","https://lusitaniabank.com/Zelle","Active","https://enroll.zellepay.com/logos/zellepay/3NP.png","","https://lusitaniabank.com/Zelle"
"Lyons National Bank","Lyons National Bank","Lyons National Bank Zelle 23N L","true","true","https://www.bankwithlnb.com/zelle%C2%AE","Active","https://enroll.zellepay.com/logos/zellepay/23N.png","","https://www.bankwithlnb.com/zelle%C2%AE"
"M AND P BANK","M AND P BANK","M AND P BANK Zelle 0NR M","true","true","https://www.mpbank.net/zelle","Active","https://enroll.zellepay.com/logos/zellepay/0NR.png","","https://www.mpbank.net/zelle"
"M C Bank","M C Bank","M C Bank Zelle 26G M","true","true","https://www.mcbt.com/","Active","https://enroll.zellepay.com/logos/zellepay/26G.png","","https://www.mcbt.com/"
"M&F BANK","M&F BANK","M&F BANK Zelle 2UP M","true","true","https://www.mfbonline.com/zelle","Active","https://enroll.zellepay.com/logos/zellepay/2UP.png","","https://www.mfbonline.com/zelle"
"M&T Bank","M&T Bank","M&T Bank Zelle MNT M","true","true","https://www.mtb.com/enrolltoreceive","Active","https://enroll.zellepay.com/logos/zellepay/MNT.png","","https://www.mtb.com/enrolltoreceive"
"MA Bank","MA Bank","MA Bank Zelle J3E M","true","true","https://zelle.jhapaycenter.com/J3E.html","Active","https://enroll.zellepay.com/logos/zellepay/J3E.png","","https://zelle.jhapaycenter.com/J3E.html"
"Mabrey Bank","Mabrey Bank","Mabrey Bank Zelle JH5 M","true","true","https://www.paymentsemails.com/ZelleOverview?jhid=5408&showVideo=1","Active","https://enroll.zellepay.com/logos/zellepay/JH5.png","","https://www.paymentsemails.com/ZelleOverview?jhid=5408&showVideo=1"
"MAC Federal Credit Union","MAC Federal Credit Union","MAC Federal Credit Union Zelle JKV M","true","true","https://www.macfcu.org/services/zelle/","Active","https://enroll.zellepay.com/logos/zellepay/JKV.png","","https://www.macfcu.org/services/zelle/"
"Macatawa Bank NA","Macatawa Bank NA","Macatawa Bank NA Zelle 0T7 M","true","true","https://www.macatawabank.com/","Active","https://enroll.zellepay.com/logos/zellepay/0T7.png","","https://www.macatawabank.com/"
"Machias Savings Bank","Machias Savings Bank","Machias Savings Bank Zelle JLG M","true","true","https://www.machiassavings.bank/personal/online-mobile-banking/zelle/","Active","https://enroll.zellepay.com/logos/zellepay/JLG.png","","https://www.machiassavings.bank/personal/online-mobile-banking/zelle/"
"Madison County Bank","Madison County Bank","Madison County Bank Zelle 3AI M","true","true","https://www.madisoncountybank.com/zelle","Active","https://enroll.zellepay.com/logos/zellepay/3AI.png","","https://www.madisoncountybank.com/zelle"
"Madison County Community Bank","Madison County Community Bank","Madison County Community Bank Zelle 0SN M","true","true","https://www.mccbflorida.com/zelle","Active","https://enroll.zellepay.com/logos/zellepay/0SN.png","","https://www.mccbflorida.com/zelle"
"Magnifi Financial","Magnifi Financial","Magnifi Financial Zelle JGV M","true","true","https://www.paymentsemails.com/ZelleOverview?jhid=5043&showVideo=1","Active","https://enroll.zellepay.com/logos/zellepay/JGV.png","","https://www.paymentsemails.com/ZelleOverview?jhid=5043&showVideo=1"
"Magnolia State Bank","Magnolia State Bank","Magnolia State Bank Zelle 0D8 M","true","true","https://www.bankmsb.com","Active","https://enroll.zellepay.com/logos/zellepay/0D8.png","","https://www.bankmsb.com"
"Magyar Bank","Magyar Bank","Magyar Bank Zelle 2HH M","true","true","https://www.magbank.com/zelle.aspx","Active","https://enroll.zellepay.com/logos/zellepay/2HH.png","","https://www.magbank.com/zelle.aspx"
"Main Street Bank","Main Street Bank","Main Street Bank Zelle 3D0 M","true","true","https://www.bankmainstreet.com/zelle/","Active","https://enroll.zellepay.com/logos/zellepay/3D0.png","","https://www.bankmainstreet.com/zelle/"
"Main Street Bank Corp","Main Street Bank Corp","Main Street Bank Corp Zelle 0PU M","true","true","https://www.mymainstreetbank.bank","Active","https://enroll.zellepay.com/logos/zellepay/0PU.png","","https://www.mymainstreetbank.bank"
"Maine Community Bank","Maine Community Bank","Maine Community Bank Zelle 0BS M","true","true","https://www.maine.bank/zelle","Active","https://enroll.zellepay.com/logos/zellepay/0BS.png","","https://www.maine.bank/zelle"
"Malvern National Bank","Malvern National Bank","Malvern National Bank Zelle 0CS M","true","true","https://www.mnbbank.com/24-7-banking/zelle","Active","https://enroll.zellepay.com/logos/zellepay/0CS.png","","https://www.mnbbank.com/24-7-banking/zelle"
"Manasquan Bank","Manasquan Bank","Manasquan Bank Zelle 21Y M","true","true","https://manasquan.bank/digital-center/personal-digital-banking/zelle","Active","https://enroll.zellepay.com/logos/zellepay/21Y.png","","https://manasquan.bank/digital-center/personal-digital-banking/zelle"
"Marblehead Bank","Marblehead Bank","Marblehead Bank Zelle 0AL M","true","true","https://www.marblebank.com/personal/eservices/zelle","Active","https://enroll.zellepay.com/logos/zellepay/0AL.png","","https://www.marblebank.com/personal/eservices/zelle"
"Marine Federal Credit Union","Marine Federal Credit Union","Marine Federal Credit Union Zelle 2QW M","true","true","https://www.marinefederalhb.org/home/site/zelle","Active","https://enroll.zellepay.com/logos/zellepay/2QW.png","","https://www.marinefederalhb.org/home/site/zelle"
"Marion Center Bank","Marion Center Bank","Marion Center Bank Zelle JQN M","true","true","https://www.marioncenterbank.com/","Active","https://enroll.zellepay.com/logos/zellepay/JQN.png","","https://www.marioncenterbank.com/"
"Market USA FCU","Market USA FCU","Market USA FCU Zelle 0O7 M","true","true","https://www.marketusafcu.com/zelle","Active","https://enroll.zellepay.com/logos/zellepay/0O7.png","","https://www.marketusafcu.com/zelle"
"Marquette Bank","Marquette Bank","Marquette Bank Zelle 0AB M","true","true","https://emarquettebank.com/test-page/marquette-bank-together-with-zelle/","Active","https://enroll.zellepay.com/logos/zellepay/0AB.png","","https://emarquettebank.com/test-page/marquette-bank-together-with-zelle/"
"Marquette Community Federal CU","Marquette Community Federal CU","Marquette Community Federal CU Zelle 3M3 M","true","true","https://www.marquettecomm.org/Send_and_receive_money_with_Zelle_163.html","Active","https://enroll.zellepay.com/logos/zellepay/3M3.png","","https://www.marquettecomm.org/Send_and_receive_money_with_Zelle_163.html"
"Marquette Savings Bank","Marquette Savings Bank","Marquette Savings Bank Zelle 0DP M","true","true","https://www.marquettesavings.bank/zelle","Active","https://enroll.zellepay.com/logos/zellepay/0DP.png","","https://www.marquettesavings.bank/zelle"
"Marshland CU","Marshland CU","Marshland CU Zelle 0O5 M","true","true","https://www.marshlandcu.com/zelle","Active","https://enroll.zellepay.com/logos/zellepay/0O5.png","","https://www.marshlandcu.com/zelle"
"Marthas Vineyard Bank","Marthas Vineyard Bank","Marthas Vineyard Bank Zelle 27F M","true","true","https://www.mvbank.com/zelle/","Active","https://enroll.zellepay.com/logos/zellepay/27F.png","","https://www.mvbank.com/zelle/"
"Maspeth Federal Savings","Maspeth Federal Savings","Maspeth Federal Savings Zelle 2IX M","true","true","https://www.maspethfederal.com/personal/online-and-mobile/zelle/","Active","https://enroll.zellepay.com/logos/zellepay/2IX.png","","https://www.maspethfederal.com/personal/online-and-mobile/zelle/"
"MassMutual FCU","MassMutual FCU","MassMutual FCU Zelle 2EQ M","true","true","https://www.massmutualfcuhb.org/bank/digital-banking/transfer-money/","Active","https://enroll.zellepay.com/logos/zellepay/2EQ.png","","https://www.massmutualfcuhb.org/bank/digital-banking/transfer-money/"
"Matadors Community CU","Matadors Community CU","Matadors Community CU Zelle JQI M","true","true","https://www.matadors.org/zelle","Active","https://enroll.zellepay.com/logos/zellepay/JQI.png","","https://www.matadors.org/zelle"
"Mattel Federal Credit Union","Mattel Federal Credit Union","Mattel Federal Credit Union Zelle 0V7 M","true","true","https://www.mattelfcu.org/zelle","Active","https://enroll.zellepay.com/logos/zellepay/0V7.png","","https://www.mattelfcu.org/zelle"
"Maui County FCU","Maui County FCU","Maui County FCU Zelle JLJ M","true","true","https://www.mauicountyfcu.org/digital-banking/zelle/","Active","https://enroll.zellepay.com/logos/zellepay/JLJ.png","","https://www.mauicountyfcu.org/digital-banking/zelle/"
"Maui Federal Credit Union","Maui Federal Credit Union","Maui Federal Credit Union Zelle 2PJ M","true","true","https://www.mauifcu.com/Zelle-Landing-Page","Active","https://enroll.zellepay.com/logos/zellepay/2PJ.png","","https://www.mauifcu.com/Zelle-Landing-Page"
"Mayo Employees FCU","Mayo Employees FCU","Mayo Employees FCU Zelle 0H6 M","true","true","https://www.mayocreditunion.org/zelle.html","Active","https://enroll.zellepay.com/logos/zellepay/0H6.png","","https://www.mayocreditunion.org/zelle.html"
"MCBank","MCBank","MCBank Zelle 2QA M","true","true","https://www.mc.bank/zelle/","Active","https://enroll.zellepay.com/logos/zellepay/2QA.png","","https://www.mc.bank/zelle/"
"McClain Bank","McClain Bank","McClain Bank Zelle J0K M","true","true","https://zelle.jhapaycenter.com/J0K.html","Active","https://enroll.zellepay.com/logos/zellepay/J0K.png","","https://zelle.jhapaycenter.com/J0K.html"
"McCoy Federal Credit Union","McCoy Federal Credit Union","McCoy Federal Credit Union Zelle JGG M","true","true","https://www.paymentsemails.com/ZelleOverview?jhid=35950&showVideo=1","Active","https://enroll.zellepay.com/logos/zellepay/JGG.png","","https://www.paymentsemails.com/ZelleOverview?jhid=35950&showVideo=1"
"McIntosh County Bank","McIntosh County Bank","McIntosh County Bank Zelle 2J6 M","true","true","https://www.makeitmcb.com/zelle/","Active","https://enroll.zellepay.com/logos/zellepay/2J6.png","","https://www.makeitmcb.com/zelle/"
"MCNB Banks","MCNB Banks","MCNB Banks Zelle 23L M","true","true","https://www.MCNBbanks.com/Zelle","Active","https://enroll.zellepay.com/logos/zellepay/23L.png","","https://www.MCNBbanks.com/Zelle"
"MCS Bank","MCS Bank","MCS Bank Zelle 3DA M","true","true","https://www.mcs.bank/zelle","Active","https://enroll.zellepay.com/logos/zellepay/3DA.png","","https://www.mcs.bank/zelle"
"MCU ANYTIME.ANYWHERE","MCU ANYTIME.ANYWHERE","MCU ANYTIME.ANYWHERE Zelle 3GT M","true","true","https://www.millburycu.com/personal/zelle","Active","https://enroll.zellepay.com/logos/zellepay/3GT.png","","https://www.millburycu.com/personal/zelle"
"Meade County Bank","Meade County Bank","Meade County Bank Zelle J3F M","true","true","https://zelle.jhapaycenter.com/J3F.html","Active","https://enroll.zellepay.com/logos/zellepay/J3F.png","","https://zelle.jhapaycenter.com/J3F.html"
"Meadows Financial","Meadows Financial","Meadows Financial Zelle J3G M","true","true","https://zelle.jhapaycenter.com/J3G.html","Active","https://enroll.zellepay.com/logos/zellepay/J3G.png","","https://zelle.jhapaycenter.com/J3G.html"
"Mechanics Bank","Mechanics Bank","Mechanics Bank Zelle 3S3 M","true","true","https://www.mechanicsbank.com/personal/digital-banking/zelle","Active","https://enroll.zellepay.com/logos/zellepay/3S3.png","","https://www.mechanicsbank.com/personal/digital-banking/zelle"
"Mediapolis Savings Bank","Mediapolis Savings Bank","Mediapolis Savings Bank Zelle 2RJ M","true","true","https://www.gomsb.bank/personal/zelle","Active","https://enroll.zellepay.com/logos/zellepay/2RJ.png","","https://www.gomsb.bank/personal/zelle"
"MEGA BANK","MEGA BANK","MEGA BANK Zelle 3HV M","true","true","https://www.megabankusa.com/zelle","Active","https://enroll.zellepay.com/logos/zellepay/3HV.png","","https://www.megabankusa.com/zelle"
"Members 1st Credit Union","Members 1st Credit Union","Members 1st Credit Union Zelle 2W8 M","true","true","https://me1stcu.com/M1CUZellePay.aspx","Active","https://enroll.zellepay.com/logos/zellepay/2W8.png","","https://me1stcu.com/M1CUZellePay.aspx"
"Members 1st of NJ FCU","Members 1st of NJ FCU","Members 1st of NJ FCU Zelle 2S0 M","true","true","https://www.membersonenj.org/zelle/","Active","https://enroll.zellepay.com/logos/zellepay/2S0.png","","https://www.membersonenj.org/zelle/"
"Members Choice Credit Union","Members Choice Credit Union","Members Choice Credit Union Zelle JMX M","true","true","https://info.mccu.com/zelle","Active","https://enroll.zellepay.com/logos/zellepay/JMX.png","","https://info.mccu.com/zelle"
"Members Cooperative CU","Members Cooperative CU","Members Cooperative CU Zelle 2LN M","true","true","https://www.membersccu.org/zelle","Active","https://enroll.zellepay.com/logos/zellepay/2LN.png","","https://www.membersccu.org/zelle"
"Members Credit Union TX","Members Credit Union TX","Members Credit Union TX Zelle 34V M","true","true","https://memberscreditunion.com/services/zelle","Active","https://enroll.zellepay.com/logos/zellepay/34V.png","","https://memberscreditunion.com/services/zelle"
"Members Preferred Credit Union","Members Preferred Credit Union","Members Preferred Credit Union Zelle 2UZ M","true","true","https://memberspreferred.org/Zelle","Active","https://enroll.zellepay.com/logos/zellepay/2UZ.png","","https://memberspreferred.org/Zelle"
"MemberSource Credit Union","MemberSource Credit Union","MemberSource Credit Union Zelle 38S M","true","true","https://www.membersourcecu.org/zelle","Active","https://enroll.zellepay.com/logos/zellepay/38S.png","","https://www.membersourcecu.org/zelle"
"Memorial Employees FCU","Memorial Employees FCU","Memorial Employees FCU Zelle 35G M","true","true","https://www.mefcu.org/Manage/Services/Zelle-page","Active","https://enroll.zellepay.com/logos/zellepay/35G.png","","https://www.mefcu.org/Manage/Services/Zelle-page"
"Mercer County State Bank","Mercer County State Bank","Mercer County State Bank Zelle 2PC M","true","true","https://www.mcsbank.bank/Zelle.aspx","Active","https://enroll.zellepay.com/logos/zellepay/2PC.png","","https://www.mcsbank.bank/Zelle.aspx"
"Merchants & Farmers Bank Green","Merchants & Farmers Bank Green","Merchants & Farmers Bank Green Zelle 2CC M","true","true","https://www.mfbusa.com","Active","https://enroll.zellepay.com/logos/zellepay/2CC.png","","https://www.mfbusa.com"
"Merchants & Farmers-Leesville","Merchants & Farmers-Leesville","Merchants & Farmers-Leesville Zelle JQW M","true","true","https://www.merchantsandfarmers.com/personal/zelle","Active","https://enroll.zellepay.com/logos/zellepay/JQW.png","","https://www.merchantsandfarmers.com/personal/zelle"
"Merchants and Farmers Bank","Merchants and Farmers Bank","Merchants and Farmers Bank Zelle 3G0 M","true","true","https://www.mfbanknet.com/zelle","Active","https://enroll.zellepay.com/logos/zellepay/3G0.png","","https://www.mfbanknet.com/zelle"
"Merchants Bank","Merchants Bank","Merchants Bank Zelle 26X M","true","true","https://www.merchantsbank.com/eservices/zelle","Active","https://enroll.zellepay.com/logos/zellepay/26X.png","","https://www.merchantsbank.com/eservices/zelle"
"Merchants Bank of Indiana","Merchants Bank of Indiana","Merchants Bank of Indiana Zelle 2X6 M","true","true","https://www.merchantsbankofindiana.com/zelle/","Active","https://enroll.zellepay.com/logos/zellepay/2X6.png","","https://www.merchantsbankofindiana.com/zelle/"
"Merchants Commercial Bank","Merchants Commercial Bank","Merchants Commercial Bank Zelle 0U5 M","true","true","https://www.merchantscommercial.bank/zelle","Active","https://enroll.zellepay.com/logos/zellepay/0U5.png","","https://www.merchantscommercial.bank/zelle"
"Merchants National Bank","Merchants National Bank","Merchants National Bank Zelle 2F9 M","true","true","https://www.merchantsnat.com/zelle.aspx","Active","https://enroll.zellepay.com/logos/zellepay/2F9.png","","https://www.merchantsnat.com/zelle.aspx"
"Merck Employees FCU","Merck Employees FCU","Merck Employees FCU Zelle JSD M","true","true","https://www.merckcu.com/zelle","Active","https://enroll.zellepay.com/logos/zellepay/JSD.png","","https://www.merckcu.com/zelle"
"Merck Sharp & Dohme FCU","Merck Sharp & Dohme FCU","Merck Sharp & Dohme FCU Zelle 3NV M","true","true","https://www.msdfcu.org/eservices/payments/zelle","Active","https://enroll.zellepay.com/logos/zellepay/3NV.png","","https://www.msdfcu.org/eservices/payments/zelle"
"MERCO Credit Union","MERCO Credit Union","MERCO Credit Union Zelle 24C M","true","true","https://merco.org/zelle/","Active","https://enroll.zellepay.com/logos/zellepay/24C.png","","https://merco.org/zelle/"
"Meredith Village Savings Bank","Meredith Village Savings Bank","Meredith Village Savings Bank Zelle JFT M","true","true","https://zelle.jhapaycenter.com/JFT.html","Active","https://enroll.zellepay.com/logos/zellepay/JFT.png","","https://zelle.jhapaycenter.com/JFT.html"
"Meridian Trust","Meridian Trust","Meridian Trust Zelle 0J1 M","true","true","https://mymeridiantrust.com/zelle","Active","https://enroll.zellepay.com/logos/zellepay/0J1.png","","https://mymeridiantrust.com/zelle"
"Meritus Credit Union","Meritus Credit Union","Meritus Credit Union Zelle 0VP M","true","true","https://www.merituscu.net/zelle","Active","https://enroll.zellepay.com/logos/zellepay/0VP.png","","https://www.merituscu.net/zelle"
"Meriwest Credit Union","Meriwest Credit Union","Meriwest Credit Union Zelle JNP M","true","true","https://www.meriwest.com/zelle","Active","https://enroll.zellepay.com/logos/zellepay/JNP.png","","https://www.meriwest.com/zelle"
"Merrimack County Savings Bank","Merrimack County Savings Bank","Merrimack County Savings Bank Zelle JFV M","true","true","https://zelle.jhapaycenter.com/JFV.html","Active","https://enroll.zellepay.com/logos/zellepay/JFV.png","","https://zelle.jhapaycenter.com/JFV.html"
"Mesquite Credit Union","Mesquite Credit Union","Mesquite Credit Union Zelle 3GZ M","true","true","https://www.mesquitecu.org/zelle","Active","https://enroll.zellepay.com/logos/zellepay/3GZ.png","","https://www.mesquitecu.org/zelle"
"Metairie Bank","Metairie Bank","Metairie Bank Zelle 0GF M","true","true","https://www.metairiebank.com/zelle","Active","https://enroll.zellepay.com/logos/zellepay/0GF.png","","https://www.metairiebank.com/zelle"
"Metro City Bank","Metro City Bank","Metro City Bank Zelle 0FP M","true","true","https://www.metrocitybank.bank/zelle","Active","https://enroll.zellepay.com/logos/zellepay/0FP.png","","https://www.metrocitybank.bank/zelle"
"Metro Community FCU","Metro Community FCU","Metro Community FCU Zelle 2VX M","true","true","https://images.printable.com/nonimpositions/22712/439889/22712_439889_r3kz3kxi_press.html","Active","https://enroll.zellepay.com/logos/zellepay/2VX.png","","https://images.printable.com/nonimpositions/22712/439889/22712_439889_r3kz3kxi_press.html"
"METRO Federal Credit Union","METRO Federal Credit Union","METRO Federal Credit Union Zelle 2AY M","true","true","https://mcu.org/zelle/","Active","https://enroll.zellepay.com/logos/zellepay/2AY.png","","https://mcu.org/zelle/"
"Metro Medical Credit Union","Metro Medical Credit Union","Metro Medical Credit Union Zelle 2ZT M","true","true","https://www.mmcu.com/zelle","Active","https://enroll.zellepay.com/logos/zellepay/2ZT.png","","https://www.mmcu.com/zelle"
"Metropolitan Bank","Metropolitan Bank","Metropolitan Bank Zelle 0GE M","true","true","https://www.met.bank/zelle","Active","https://enroll.zellepay.com/logos/zellepay/0GE.png","","https://www.met.bank/zelle"
"Metropolitan Commercial Bank","Metropolitan Commercial Bank","Metropolitan Commercial Bank Zelle 2NA M","true","true","https://www.mcbankny.com/personal/zelle/","Active","https://enroll.zellepay.com/logos/zellepay/2NA.png","","https://www.mcbankny.com/personal/zelle/"
"Metropolitan L Federal CU","Metropolitan L Federal CU","Metropolitan L Federal CU Zelle 3P5 M","true","true","https://www.metlfcu.com/zelle","Active","https://enroll.zellepay.com/logos/zellepay/3P5.png","","https://www.metlfcu.com/zelle"
"Mi BANK","Mi BANK","Mi BANK Zelle 2AP M","true","true","https://www.mi.bank/","Active","https://enroll.zellepay.com/logos/zellepay/2AP.png","","https://www.mi.bank/"
"Miami Federal Credit Union","Miami Federal Credit Union","Miami Federal Credit Union Zelle 3GY M","true","true","https://www.miamifcu.org/index.php/services/online-services/zelle","Active","https://enroll.zellepay.com/logos/zellepay/3GY.png","","https://www.miamifcu.org/index.php/services/online-services/zelle"
"Miami Firefighters FCU","Miami Firefighters FCU","Miami Firefighters FCU Zelle 2FF M","true","true","https://www.mffcu.org/zelle/","Active","https://enroll.zellepay.com/logos/zellepay/2FF.png","","https://www.mffcu.org/zelle/"
"Michigan Educational CU","Michigan Educational CU","Michigan Educational CU Zelle 27X M","true","true","https://www.michedcu.org/online-services/zelle","Active","https://enroll.zellepay.com/logos/zellepay/27X.png","","https://www.michedcu.org/online-services/zelle"
"Michigan First Credit Union","Michigan First Credit Union","Michigan First Credit Union Zelle 0H4 M","true","true","https://www.michiganfirst.com/convenience/zelle","Active","https://enroll.zellepay.com/logos/zellepay/0H4.png","","https://www.michiganfirst.com/convenience/zelle"
"Michigan One Comm Credit Union","Michigan One Comm Credit Union","Michigan One Comm Credit Union Zelle 3BE M","true","true","https://www.m1ccu.org/Zelle","Active","https://enroll.zellepay.com/logos/zellepay/3BE.png","","https://www.m1ccu.org/Zelle"
"Mid America Bank","Mid America Bank","Mid America Bank Zelle 2MA M","true","true","https://www.midambk.com/zelle","Active","https://enroll.zellepay.com/logos/zellepay/2MA.png","","https://www.midambk.com/zelle"
"Mid America Bank - Kansas","Mid America Bank - Kansas","Mid America Bank - Kansas Zelle 33T M","true","true","https://www.mid-americabank.com/zelle","Active","https://enroll.zellepay.com/logos/zellepay/33T.png","","https://www.mid-americabank.com/zelle"
"Mid Carolina Credit Union","Mid Carolina Credit Union","Mid Carolina Credit Union Zelle 30X M","true","true","https://www.midcarolinacu.com/zelle","Active","https://enroll.zellepay.com/logos/zellepay/30X.png","","https://www.midcarolinacu.com/zelle"
"Mid Oregon FCU","Mid Oregon FCU","Mid Oregon FCU Zelle 0VL M","true","true","https://www.midoregon.com/zelle","Active","https://enroll.zellepay.com/logos/zellepay/0VL.png","","https://www.midoregon.com/zelle"
"Mid Penn Bank","Mid Penn Bank","Mid Penn Bank Zelle 2EU M","true","true","https://midpennbank.com/electronic-banking/zelle/","Active","https://enroll.zellepay.com/logos/zellepay/2EU.png","","https://midpennbank.com/electronic-banking/zelle/"
"Mid Tex Federal Credit Union","Mid Tex Federal Credit Union","Mid Tex Federal Credit Union Zelle 3GR M","true","true","https://mtfcu.org/zelle","Active","https://enroll.zellepay.com/logos/zellepay/3GR.png","","https://mtfcu.org/zelle"
"Mid-Atlantic FCU","Mid-Atlantic FCU","Mid-Atlantic FCU Zelle 0UY M","true","true","https://www.mafcu.org/zelle","Active","https://enroll.zellepay.com/logos/zellepay/0UY.png","","https://www.mafcu.org/zelle"
"Mid-Hudson Valley FCU","Mid-Hudson Valley FCU","Mid-Hudson Valley FCU Zelle 3AG M","true","true","https://www.mhvfcu.com/","Active","https://enroll.zellepay.com/logos/zellepay/3AG.png","","https://www.mhvfcu.com/"
"MidCountry Bank","MidCountry Bank","MidCountry Bank Zelle 3FS M","true","true","https://www.midcountry.bank/Zelle","Active","https://enroll.zellepay.com/logos/zellepay/3FS.png","","https://www.midcountry.bank/Zelle"
"Middletown Valley Bank","Middletown Valley Bank","Middletown Valley Bank Zelle JAZ M","true","true","https://zelle.jhapaycenter.com/JAZ.html","Active","https://enroll.zellepay.com/logos/zellepay/JAZ.png","","https://zelle.jhapaycenter.com/JAZ.html"
"MidFirst Bank","MidFirst Bank","MidFirst Bank Zelle 0AR M","true","true","https://www.midfirst.com/Zelle","Active","https://enroll.zellepay.com/logos/zellepay/0AR.png","","https://www.midfirst.com/Zelle"
"MidFirst Bank - CA","MidFirst Bank - CA","MidFirst Bank - CA Zelle 0HU M","true","true","https://www.midfirst.com/ways-to-bank/online-and-mobile-banking/zelle","Active","https://enroll.zellepay.com/logos/zellepay/0HU.png","","https://www.midfirst.com/ways-to-bank/online-and-mobile-banking/zelle"
"MIDFLORIDA CREDIT UNION","MIDFLORIDA CREDIT UNION","MIDFLORIDA CREDIT UNION Zelle 3NX M","true","true","https://apps.midflorida.com/sso/auth/Login.aspx","Active","https://enroll.zellepay.com/logos/zellepay/3NX.png","","https://apps.midflorida.com/sso/auth/Login.aspx"
"Midland States Bank","Midland States Bank","Midland States Bank Zelle 2JU M","true","true","https://www.midlandsb.com/online-banking/features/zelle","Active","https://enroll.zellepay.com/logos/zellepay/2JU.png","","https://www.midlandsb.com/online-banking/features/zelle"
"MidSouth Bank","MidSouth Bank","MidSouth Bank Zelle 2AE M","true","true","https://www.bankmidsouth.com/online-services/zelle/","Active","https://enroll.zellepay.com/logos/zellepay/2AE.png","","https://www.bankmidsouth.com/online-services/zelle/"
"Midwest Bank","Midwest Bank","Midwest Bank Zelle 35Q M","true","true","https://www.mbwi.com/zelle/index","Active","https://enroll.zellepay.com/logos/zellepay/35Q.png","","https://www.mbwi.com/zelle/index"
"Midwest Bank - MINNESOTA","Midwest Bank - MINNESOTA","Midwest Bank - MINNESOTA Zelle JNS M","true","true","https://www.midwestbank.bank/test/zelle.html","Active","https://enroll.zellepay.com/logos/zellepay/JNS.png","","https://www.midwestbank.bank/test/zelle.html"
"Midwest BankCentre","Midwest BankCentre","Midwest BankCentre Zelle J04 M","true","true","https://zelle.jhapaycenter.com/J04.html","Active","https://enroll.zellepay.com/api/v1/ecm/sites/ecm/files/logos/override_uploads/J04_zellepay_0.png","","https://zelle.jhapaycenter.com/J04.html"
"Midwest Family FCU","Midwest Family FCU","Midwest Family FCU Zelle 33K M","true","true","https://www.mwffcu.org/zelle","Active","https://enroll.zellepay.com/logos/zellepay/33K.png","","https://www.mwffcu.org/zelle"
"Midwest Heritage Bank","Midwest Heritage Bank","Midwest Heritage Bank Zelle 0CW M","true","true","https://www.midwestheritage.com/resources/faqs","Active","https://enroll.zellepay.com/logos/zellepay/0CW.png","","https://www.midwestheritage.com/resources/faqs"
"Midwest Liberty FCU","Midwest Liberty FCU","Midwest Liberty FCU Zelle 3QB M","true","true","https://www.midwestlibertyfcu.org/zelle","Active","https://enroll.zellepay.com/logos/zellepay/3QB.png","","https://www.midwestlibertyfcu.org/zelle"
"Milford Federal","Milford Federal","Milford Federal Zelle 2RG M","true","true","https://www.milfordfederal.com/?page_id=25897&preview=true","Active","https://enroll.zellepay.com/logos/zellepay/2RG.png","","https://www.milfordfederal.com/?page_id=25897&preview=true"
"Mill Town Credit Union","Mill Town Credit Union","Mill Town Credit Union Zelle 2QQ M","true","true","https://www.milltowncu.org/zelle","Active","https://enroll.zellepay.com/logos/zellepay/2QQ.png","","https://www.milltowncu.org/zelle"
"MILLEDGEVILLE STATE BANK","MILLEDGEVILLE STATE BANK","MILLEDGEVILLE STATE BANK Zelle 3HQ M","true","true","https://www.milledgevillebank.com/zelle","Active","https://enroll.zellepay.com/logos/zellepay/3HQ.png","","https://www.milledgevillebank.com/zelle"
"Millennium Bank","Millennium Bank","Millennium Bank Zelle 2J8 M","true","true","https://www.milbnk.com/zelle","Active","https://enroll.zellepay.com/logos/zellepay/2J8.png","","https://www.milbnk.com/zelle"
"Millennium Bank (TN)","Millennium Bank (TN)","Millennium Bank (TN) Zelle JRR M","true","true","https://www.millenniumbank.com/zelle","Active","https://enroll.zellepay.com/logos/zellepay/JRR.png","","https://www.millenniumbank.com/zelle"
"Milton Savings Bank PA","Milton Savings Bank PA","Milton Savings Bank PA Zelle 3CB M","true","true","https://www.miltonsavingsbank.com/Zelle","Active","https://enroll.zellepay.com/logos/zellepay/3CB.png","","https://www.miltonsavingsbank.com/Zelle"
"MINNSTAR BANK","MINNSTAR BANK","MINNSTAR BANK Zelle 2RK M","true","true","https://www.minnstarbank.com/digital-banking/zelle/","Active","https://enroll.zellepay.com/logos/zellepay/2RK.png","","https://www.minnstarbank.com/digital-banking/zelle/"
"Minster Bank","Minster Bank","Minster Bank Zelle 9E6 M","true","true","https://www.minsterbank.com/landing/start-sending-money-with-zelle","Active","https://enroll.zellepay.com/logos/zellepay/9E6.png","","https://www.minsterbank.com/landing/start-sending-money-with-zelle"
"Mirastar FCU","Mirastar FCU","Mirastar FCU Zelle 33P M","true","true","https://www.mirastarfcu.org/zelle/","Active","https://enroll.zellepay.com/logos/zellepay/33P.png","","https://www.mirastarfcu.org/zelle/"
"Mission Bank AZ","Mission Bank AZ","Mission Bank AZ Zelle 39E M","true","true","https://www.missionbankaz.com/Zelle","Active","https://enroll.zellepay.com/logos/zellepay/39E.png","","https://www.missionbankaz.com/Zelle"
"Mission Federal Credit Union","Mission Federal Credit Union","Mission Federal Credit Union Zelle J3Y M","true","true","https://zelle.jhapaycenter.com/J3Y.html","Active","https://enroll.zellepay.com/logos/zellepay/J3Y.png","","https://zelle.jhapaycenter.com/J3Y.html"
"MN Catholic Credit Union","MN Catholic Credit Union","MN Catholic Credit Union Zelle 3PM M","true","true","https://www.mncathcu.com/zelle","Active","https://enroll.zellepay.com/logos/zellepay/3PM.png","","https://www.mncathcu.com/zelle"
"MNB Bank","MNB Bank","MNB Bank Zelle 2MJ M","true","true","https://www.mnb.bank/zelle","Active","https://enroll.zellepay.com/logos/zellepay/2MJ.png","","https://www.mnb.bank/zelle"
"Mobility Credit Union","Mobility Credit Union","Mobility Credit Union Zelle 0I0 M","true","true","https://www.mobilitycu.com/zelle","Active","https://enroll.zellepay.com/logos/zellepay/0I0.png","","https://www.mobilitycu.com/zelle"
"Mocse Credit Union","Mocse Credit Union","Mocse Credit Union Zelle 26M M","true","true","https://www.mocse.org/","Active","https://enroll.zellepay.com/logos/zellepay/26M.png","","https://www.mocse.org/"
"Mohave Community FCU","Mohave Community FCU","Mohave Community FCU Zelle 3LR M","true","true","https://mohavecommunityfcu.com/zelle/","Active","https://enroll.zellepay.com/logos/zellepay/3LR.png","","https://mohavecommunityfcu.com/zelle/"
"Monson Savings Bank","Monson Savings Bank","Monson Savings Bank Zelle 27Y M","true","true","https://www.monsonsavings.bank","Active","https://enroll.zellepay.com/logos/zellepay/27Y.png","","https://www.monsonsavings.bank"
"Montecito Bank & Trust","Montecito Bank & Trust","Montecito Bank & Trust Zelle 2BX M","true","true","https://montecito.bank/business/digital-banking/zelle","Active","https://enroll.zellepay.com/logos/zellepay/2BX.png","","https://montecito.bank/business/digital-banking/zelle"
"Monterey County Bank","Monterey County Bank","Monterey County Bank Zelle 3SJ M","true","true","https://www.montereycountybank.com/Zelle","Active","https://enroll.zellepay.com/logos/zellepay/3SJ.png","","https://www.montereycountybank.com/Zelle"
"Monterey Credit Union","Monterey Credit Union","Monterey Credit Union Zelle 0SS M","true","true","https://www.montereycu.com/zelle","Active","https://enroll.zellepay.com/logos/zellepay/0SS.png","","https://www.montereycu.com/zelle"
"Monterra Credit Union","Monterra Credit Union","Monterra Credit Union Zelle 0MU M","true","true","https://www.monterra.org/personal/digital-services/zelle","Active","https://enroll.zellepay.com/api/v1/ecm/sites/ecm/files/logos/override_uploads/MonterraCreditUnion_zellepay_0.png","","https://www.monterra.org/personal/digital-services/zelle"
"Montgomery Bank Mobile Banking","Montgomery Bank Mobile Banking","Montgomery Bank Mobile Banking Zelle 23H M","true","true","https://www.montgomerybank.com/zelle/","Active","https://enroll.zellepay.com/logos/zellepay/23H.png","","https://www.montgomerybank.com/zelle/"
"Monticello Banking Company","Monticello Banking Company","Monticello Banking Company Zelle J3H M","true","true","https://zelle.jhapaycenter.com/J3H.html","Active","https://enroll.zellepay.com/logos/zellepay/J3H.png","","https://zelle.jhapaycenter.com/J3H.html"
"Moody Bank","Moody Bank","Moody Bank Zelle 3S7 M","true","true","https://www.moodybank.com/personal/zelle","Active","https://enroll.zellepay.com/logos/zellepay/3S7.png","","https://www.moodybank.com/personal/zelle"
"MOPAC EMPLOYEES FCU","MOPAC EMPLOYEES FCU","MOPAC EMPLOYEES FCU Zelle 2WZ M","true","true","https://www.mopaccu.com/zelle","Active","https://enroll.zellepay.com/logos/zellepay/2WZ.png","","https://www.mopaccu.com/zelle"
"Morgan Stanley","Morgan Stanley","Morgan Stanley Zelle MSP M","true","true","https://login.morganstanleyclientserv.com/msologin/redirection/p2p","Active","https://enroll.zellepay.com/logos/zellepay/MSP.png","","https://login.morganstanleyclientserv.com/msologin/redirection/p2p"
"Morris Building & Loan","Morris Building & Loan","Morris Building & Loan Zelle JM7 M","true","true","https://www.morrisbl.net/","Active","https://enroll.zellepay.com/api/v1/ecm/sites/ecm/files/logos/override_uploads/JM7-zellepay.png","","https://www.morrisbl.net/"
"Mound City Bank","Mound City Bank","Mound City Bank Zelle 2M2 M","true","true","https://www.moundcitybank.com/Zelle","Active","https://enroll.zellepay.com/logos/zellepay/2M2.png","","https://www.moundcitybank.com/Zelle"
"Mountain America","Mountain America","Mountain America Zelle MAC M","true","true","https://www.macu.com/services/online-banking/zelle","Active","https://enroll.zellepay.com/logos/zellepay/MAC.png","","https://www.macu.com/services/online-banking/zelle"
"Mountain Star FCU","Mountain Star FCU","Mountain Star FCU Zelle 0V8 M","true","true","https://www.mountainstarfcu.org/zelle","Active","https://enroll.zellepay.com/logos/zellepay/0V8.png","","https://www.mountainstarfcu.org/zelle"
"Mountain Valley Bank","Mountain Valley Bank","Mountain Valley Bank Zelle JHY M","true","true","https://www.paymentsemails.com/ZelleOverview?jhid=46595&showVideo=1","Active","https://enroll.zellepay.com/logos/zellepay/JHY.png","","https://www.paymentsemails.com/ZelleOverview?jhid=46595&showVideo=1"
"Mountain West","Mountain West","Mountain West Zelle JOG M","true","true","https://www.mountainwestbank.com/zelle","Active","https://enroll.zellepay.com/api/v1/ecm/sites/ecm/files/logos/override_uploads/JOG-zellepay.png","","https://www.mountainwestbank.com/zelle"
"MPH Bank","MPH Bank","MPH Bank Zelle MPH M","true","true","https://www.mph.bank/zelle/","Active","https://enroll.zellepay.com/api/v1/ecm/sites/ecm/files/logos/override_uploads/MPH_185x95_v0.png","","https://www.mph.bank/zelle/"
"MPS Credit Union","MPS Credit Union","MPS Credit Union Zelle 2TT M","true","true","https://www.mpscu.org/services/zelle","Active","https://enroll.zellepay.com/logos/zellepay/2TT.png","","https://www.mpscu.org/services/zelle"
"MS National Guard FCU","MS National Guard FCU","MS National Guard FCU Zelle 2JP M","true","true","https://www.msng.org","Active","https://enroll.zellepay.com/logos/zellepay/2JP.png","","https://www.msng.org"
"MTCU","MTCU","MTCU Zelle 3K8 M","true","true","https://www.mtcu.org/bank/services/zelle/","Active","https://enroll.zellepay.com/logos/zellepay/3K8.png","","https://www.mtcu.org/bank/services/zelle/"
"Municipal Credit Union","Municipal Credit Union","Municipal Credit Union Zelle JL8 M","true","true","https://www.nymcu.org/zelle?hs_preview=gWYLDntY-115357424252","Active","https://enroll.zellepay.com/logos/zellepay/JL8.png","","https://www.nymcu.org/zelle?hs_preview=gWYLDntY-115357424252"
"Mutual Security Credit Union","Mutual Security Credit Union","Mutual Security Credit Union Zelle 0V2 M","true","true","https://www.mscu.net/zelle","Active","https://enroll.zellepay.com/logos/zellepay/0V2.png","","https://www.mscu.net/zelle"
"MyPoint Credit Union","MyPoint Credit Union","MyPoint Credit Union Zelle J1G M","true","true","https://zelle.jhapaycenter.com/J1G.html","Active","https://enroll.zellepay.com/api/v1/ecm/sites/ecm/files/logos/override_uploads/mypoint-zellepay.png","","https://zelle.jhapaycenter.com/J1G.html"
"N.E.W. Credit Union","N.E.W. Credit Union","N.E.W. Credit Union Zelle 3CG N","true","true","https://www.newcu.org/personal_zelle.html","Active","https://enroll.zellepay.com/logos/zellepay/3CG.png","","https://www.newcu.org/personal_zelle.html"
"NAE Federal Credit Union","NAE Federal Credit Union","NAE Federal Credit Union Zelle 3HU N","true","true","https://naefcu.org/zelle","Active","https://enroll.zellepay.com/logos/zellepay/3HU.png","","https://naefcu.org/zelle"
"NAFT Federal Credit Union","NAFT Federal Credit Union","NAFT Federal Credit Union Zelle 3HG N","true","true","https://naftfcu.coop/zelle","Active","https://enroll.zellepay.com/logos/zellepay/3HG.png","","https://naftfcu.coop/zelle"
"Nano Banc","Nano Banc","Nano Banc Zelle 0IR N","true","true","https://www.nanobanc.com/zelle","Active","https://enroll.zellepay.com/logos/zellepay/0IR.png","","https://www.nanobanc.com/zelle"
"NASA FCU","NASA FCU","NASA FCU Zelle JOV N","true","true","https://www.nasafcu.com/zelle","Active","https://enroll.zellepay.com/logos/zellepay/JOV.png","","https://www.nasafcu.com/zelle"
"Nashville Post Office CU","Nashville Post Office CU","Nashville Post Office CU Zelle 2Z1 N","true","true","https://images.printable.com/nonimpositions/22712/439961/22712_439961_r54k1gmy_press.html","Active","https://enroll.zellepay.com/logos/zellepay/2Z1.png","","https://images.printable.com/nonimpositions/22712/439961/22712_439961_r54k1gmy_press.html"
"Natbank, N.A.","Natbank, N.A.","Natbank, N.A. Zelle 2D4 N","true","true","https://www.nbc.ca/en/natbank/zelle-etransfert.html","Active","https://enroll.zellepay.com/logos/zellepay/2D4.png","","https://www.nbc.ca/en/natbank/zelle-etransfert.html"
"National Bank of Arizona","National Bank of Arizona","National Bank of Arizona Zelle 20P N","true","true","https://www.nbarizona.com/personal/digital-banking/zelle","Active","https://enroll.zellepay.com/logos/zellepay/20P.png","","https://www.nbarizona.com/personal/digital-banking/zelle"
"National Bank of Blacksburg","National Bank of Blacksburg","National Bank of Blacksburg Zelle JMR N","true","true","https://www.nbbank.com/online-services/zelle","Active","https://enroll.zellepay.com/logos/zellepay/JMR.png","","https://www.nbbank.com/online-services/zelle"
"National Bank of Coxsackie","National Bank of Coxsackie","National Bank of Coxsackie Zelle 35R N","true","true","https://www.nbcoxsackie.com/zelle/","Active","https://enroll.zellepay.com/logos/zellepay/35R.png","","https://www.nbcoxsackie.com/zelle/"
"National Bank of Indianapolis","National Bank of Indianapolis","National Bank of Indianapolis Zelle J1A N","true","true","https://zelle.jhapaycenter.com/J1A.html","Active","https://enroll.zellepay.com/logos/zellepay/J1A.png","","https://zelle.jhapaycenter.com/J1A.html"
"National Bank of Middlebury","National Bank of Middlebury","National Bank of Middlebury Zelle 33O N","true","true","https://nbmvt.com/send-and-receive-money-with-zelle/","Active","https://enroll.zellepay.com/logos/zellepay/33O.png","","https://nbmvt.com/send-and-receive-money-with-zelle/"
"National Bank St Anne","National Bank St Anne","National Bank St Anne Zelle 3MT N","true","true","https://nbsail.net/mobile-online/zelle","Active","https://enroll.zellepay.com/logos/zellepay/3MT.png","","https://nbsail.net/mobile-online/zelle"
"National Capital Bank","National Capital Bank","National Capital Bank Zelle 0FT N","true","true","https://www.nationalcapitalbank.com/zelle","Active","https://enroll.zellepay.com/logos/zellepay/0FT.png","","https://www.nationalcapitalbank.com/zelle"
"National Police FCU","National Police FCU","National Police FCU Zelle 3R7 N","true","true","https://www.nationalpolicefcu.com/zelle/send-receive-zelle.html","Active","https://enroll.zellepay.com/logos/zellepay/3R7.png","","https://www.nationalpolicefcu.com/zelle/send-receive-zelle.html"
"Navy Federal Credit Union","Navy Federal Credit Union","Navy Federal Credit Union Zelle NAV N","true","true","https://www.navyfederal.org/services/transfers/zelle.html","Active","https://enroll.zellepay.com/logos/zellepay/NAV.png","","https://www.navyfederal.org/services/transfers/zelle.html"
"NBCU","NBCU","NBCU Zelle JR0 N","true","true","https://nbcu4u.com/zelle/","Active","https://enroll.zellepay.com/logos/zellepay/JR0.png","","https://nbcu4u.com/zelle/"
"NBT Bank","NBT Bank","NBT Bank Zelle 25N N","true","true","https://www.nbtbank.com/content/zelle/","Active","https://enroll.zellepay.com/logos/zellepay/25N.png","","https://www.nbtbank.com/content/zelle/"
"NBT Financial","NBT Financial","NBT Financial Zelle JFM N","true","true","https://www.paymentsemails.com/ZelleOverview?jhid=2624&showVideo=1","Active","https://enroll.zellepay.com/logos/zellepay/JFM.png","","https://www.paymentsemails.com/ZelleOverview?jhid=2624&showVideo=1"
"NCPD Federal Credit Union","NCPD Federal Credit Union","NCPD Federal Credit Union Zelle 3RF N","true","true","https://www.ncpdfcu.org/ZELLE/","Active","https://enroll.zellepay.com/logos/zellepay/3RF.png","","https://www.ncpdfcu.org/ZELLE/"
"Nebraska Energy Federal Credit","Nebraska Energy Federal Credit","Nebraska Energy Federal Credit Zelle JNN N","true","true","https://www.ne-fcu.org/mobile-access/zelle","Active","https://enroll.zellepay.com/logos/zellepay/JNN.png","","https://www.ne-fcu.org/mobile-access/zelle"
"Nebraska State Bank & Trust Co","Nebraska State Bank & Trust Co","Nebraska State Bank & Trust Co Zelle 2NC N","true","true","https://www.nesb.bank/zelle","Active","https://enroll.zellepay.com/logos/zellepay/2NC.png","","https://www.nesb.bank/zelle"
"NebraskaLand Bank","NebraskaLand Bank","NebraskaLand Bank Zelle 2MZ N","true","true","https://nebraskalandbank.com/Zelle","Active","https://enroll.zellepay.com/logos/zellepay/2MZ.png","","https://nebraskalandbank.com/Zelle"
"Neches FCU","Neches FCU","Neches FCU Zelle 2NR N","true","true","https://www.nechesfcu.org/zelle/Zelle-landingA.html","Active","https://enroll.zellepay.com/logos/zellepay/2NR.png","","https://www.nechesfcu.org/zelle/Zelle-landingA.html"
"Needham Bank","Needham Bank","Needham Bank Zelle 2L3 N","true","true","https://www.needhambank.com/zelle","Active","https://enroll.zellepay.com/logos/zellepay/2L3.png","","https://www.needhambank.com/zelle"
"Neighborhood Credit Union","Neighborhood Credit Union","Neighborhood Credit Union Zelle 2G4 N","true","true","https://www.myncu.com/services/send-money-with-zelle","Active","https://enroll.zellepay.com/logos/zellepay/2G4.png","","https://www.myncu.com/services/send-money-with-zelle"
"Neighborhood Trust FCU","Neighborhood Trust FCU","Neighborhood Trust FCU Zelle 0UI N","true","true","https://neighborhoodtrustfcu.org/zelle","Active","https://enroll.zellepay.com/logos/zellepay/0UI.png","","https://neighborhoodtrustfcu.org/zelle"
"Neighbors Credit Union","Neighbors Credit Union","Neighbors Credit Union Zelle 2G5 N","true","true","https://www.neighborscu.org","Active","https://enroll.zellepay.com/logos/zellepay/2G5.png","","https://www.neighborscu.org"
"Neighbors Federal Credit Union","Neighbors Federal Credit Union","Neighbors Federal Credit Union Zelle 28W N","true","true","https://www.neighborsfcu.org/zelle/","Active","https://enroll.zellepay.com/logos/zellepay/28W.png","","https://www.neighborsfcu.org/zelle/"
"Neighbors United FCU","Neighbors United FCU","Neighbors United FCU Zelle 3PW N","true","true","https://www.mynucu.org/zelle","Active","https://enroll.zellepay.com/logos/zellepay/3PW.png","","https://www.mynucu.org/zelle"
"NEIMAN MARCUS CREDIT UNION","NEIMAN MARCUS CREDIT UNION","NEIMAN MARCUS CREDIT UNION Zelle 3CF N","true","true","https://www.neimanmarcusfcu.com/eservices.php#Zelle","Active","https://enroll.zellepay.com/logos/zellepay/3CF.png","","https://www.neimanmarcusfcu.com/eservices.php#Zelle"
"Nekoosa Port Edwards Bank","Nekoosa Port Edwards Bank","Nekoosa Port Edwards Bank Zelle 2ZV N","true","true","https://www.npesb.bank/zelle/","Active","https://enroll.zellepay.com/logos/zellepay/2ZV.png","","https://www.npesb.bank/zelle/"
"NESC Credit Union","NESC Credit Union","NESC Credit Union Zelle 2S9 N","true","true","https://www.nescfcu.org/zelle","Active","https://enroll.zellepay.com/logos/zellepay/2S9.png","","https://www.nescfcu.org/zelle"
"NET Credit Union","NET Credit Union","NET Credit Union Zelle JDS N","true","true","https://www.paymentsemails.com/ZelleOverview?jhid=57400&showVideo=1","Active","https://enroll.zellepay.com/logos/zellepay/JDS.png","","https://www.paymentsemails.com/ZelleOverview?jhid=57400&showVideo=1"
"Nevada State Bank","Nevada State Bank","Nevada State Bank Zelle 20R N","true","true","https://www.nsbank.com/personal/digital-banking/zelle/","Active","https://enroll.zellepay.com/logos/zellepay/20R.png","","https://www.nsbank.com/personal/digital-banking/zelle/"
"New Century FCU","New Century FCU","New Century FCU Zelle 2KS N","true","true","https://www.newcenturyfcu.org/services/zelle/","Active","https://enroll.zellepay.com/logos/zellepay/2KS.png","","https://www.newcenturyfcu.org/services/zelle/"
"New Haven Bank","New Haven Bank","New Haven Bank Zelle 3PT N","true","true","https://www.newhavenbank.com/","Active","https://enroll.zellepay.com/logos/zellepay/3PT.png","","https://www.newhavenbank.com/"
"New Horizon Bank","New Horizon Bank","New Horizon Bank Zelle 0UZ N","true","true","https://www.newhorizonbank.com/zelle/","Active","https://enroll.zellepay.com/logos/zellepay/0UZ.png","","https://www.newhorizonbank.com/zelle/"
"New Millennium Bank","New Millennium Bank","New Millennium Bank Zelle 2TH N","true","true","https://nmbonline.com/Zelle","Active","https://enroll.zellepay.com/logos/zellepay/2TH.png","","https://nmbonline.com/Zelle"
"New Valley Bank & Trust","New Valley Bank & Trust","New Valley Bank & Trust Zelle 32Y N","true","true","https://banknewvalley.com/zelle","Active","https://enroll.zellepay.com/logos/zellepay/32Y.png","","https://banknewvalley.com/zelle"
"NewBank","NewBank","NewBank Zelle JN3 N","true","true","https://www.newbankusa.com/zelle/","Active","https://enroll.zellepay.com/logos/zellepay/JN3.png","","https://www.newbankusa.com/zelle/"
"Newburyport Bank","Newburyport Bank","Newburyport Bank Zelle 0IA N","true","true","https://www.newburyportbank.com/personal/online-mobile-services/zelle","Active","https://enroll.zellepay.com/logos/zellepay/0IA.png","","https://www.newburyportbank.com/personal/online-mobile-services/zelle"
"Newport Federal Bank","Newport Federal Bank","Newport Federal Bank Zelle 3Q2 N","true","true","https://www.newportfederalbank.com/zelle/zelle.html","Active","https://enroll.zellepay.com/logos/zellepay/3Q2.png","","https://www.newportfederalbank.com/zelle/zelle.html"
"Newtown Savings Bank","Newtown Savings Bank","Newtown Savings Bank Zelle 3AY N","true","true","https://www.nsbonline.com/zelle","Active","https://enroll.zellepay.com/logos/zellepay/3AY.png","","https://www.nsbonline.com/zelle"
"NexTier Bank","NexTier Bank","NexTier Bank Zelle 2HK N","true","true","https://nextierbank.com/zelle.html","Active","https://enroll.zellepay.com/logos/zellepay/2HK.png","","https://nextierbank.com/zelle.html"
"Nicolet National Bank","Nicolet National Bank","Nicolet National Bank Zelle 2MT N","true","true","https://www.nicoletbank.com/zelle","Active","https://enroll.zellepay.com/logos/zellepay/2MT.png","","https://www.nicoletbank.com/zelle"
"NIH FCU","NIH FCU","NIH FCU Zelle 0HA N","true","true","https://www.nihfcu.org/zelle","Active","https://enroll.zellepay.com/logos/zellepay/0HA.png","","https://www.nihfcu.org/zelle"
"Nikkei Credit Union","Nikkei Credit Union","Nikkei Credit Union Zelle 0TU N","true","true","https://nikkeicu.org/zelle","Active","https://enroll.zellepay.com/logos/zellepay/0TU.png","","https://nikkeicu.org/zelle"
"Nizari PFCU","Nizari PFCU","Nizari PFCU Zelle 0S1 N","true","true","https://nizaricu.org/zelle","Active","https://enroll.zellepay.com/logos/zellepay/0S1.png","","https://nizaricu.org/zelle"
"NJL & PS Credit Union","NJL & PS Credit Union","NJL & PS Credit Union Zelle 3QE N","true","true","https://njlpscu.org/zelle/","Active","https://enroll.zellepay.com/logos/zellepay/3QE.png","","https://njlpscu.org/zelle/"
"Noble Credit Union","Noble Credit Union","Noble Credit Union Zelle 2GO N","true","true","https://www.noblecu.com/home/247/zelle","Active","https://enroll.zellepay.com/logos/zellepay/2GO.png","","https://www.noblecu.com/home/247/zelle"
"NobleBank & Trust","NobleBank & Trust","NobleBank & Trust Zelle 0IW N","true","true","https://www.noblebank.com/zelle","Active","https://enroll.zellepay.com/logos/zellepay/0IW.png","","https://www.noblebank.com/zelle"
"Nodaway Valley Bank","Nodaway Valley Bank","Nodaway Valley Bank Zelle 2D5 N","true","true","https://www.nvb.com/zelle","Active","https://enroll.zellepay.com/logos/zellepay/2D5.png","","https://www.nvb.com/zelle"
"Normangee State Bank","Normangee State Bank","Normangee State Bank Zelle 3LV N","true","true","https://www.normangeestatebank.com/zelle","Active","https://enroll.zellepay.com/logos/zellepay/3LV.png","","https://www.normangeestatebank.com/zelle"
"North Dallas Bank & Trust Co","North Dallas Bank & Trust Co","North Dallas Bank & Trust Co Zelle JMH N","true","true","https://ndbt.com/personal/consumer-zelle/","Active","https://enroll.zellepay.com/logos/zellepay/JMH.png","","https://ndbt.com/personal/consumer-zelle/"
"North Easton Savings Bank","North Easton Savings Bank","North Easton Savings Bank Zelle 34Y N","true","true","https://www.northeastonsavingsbank.com/zelle","Active","https://enroll.zellepay.com/logos/zellepay/34Y.png","","https://www.northeastonsavingsbank.com/zelle"
"North Georgia Credit Union","North Georgia Credit Union","North Georgia Credit Union Zelle 2XF N","true","true","https://www.ngcu.org/zelle/","Active","https://enroll.zellepay.com/logos/zellepay/2XF.png","","https://www.ngcu.org/zelle/"
"North Jersey FCU","North Jersey FCU","North Jersey FCU Zelle 0VM N","true","true","https://njfcu.org/zelle","Active","https://enroll.zellepay.com/logos/zellepay/0VM.png","","https://njfcu.org/zelle"
"North Shore Bank, FSB","North Shore Bank, FSB","North Shore Bank, FSB Zelle 2F3 N","true","true","https://www.northshorebank.com/zelle","Active","https://enroll.zellepay.com/logos/zellepay/2F3.png","","https://www.northshorebank.com/zelle"
"North Star Bank","North Star Bank","North Star Bank Zelle 2N8 N","true","true","https://images.printable.com/nonimpositions/22712/439961/22712_439961_woqqdiib_press.html","Active","https://enroll.zellepay.com/logos/zellepay/2N8.png","","https://images.printable.com/nonimpositions/22712/439961/22712_439961_woqqdiib_press.html"
"North State Bank","North State Bank","North State Bank Zelle J2N N","true","true","https://zelle.jhapaycenter.com/J2N.html","Active","https://enroll.zellepay.com/logos/zellepay/J2N.png","","https://zelle.jhapaycenter.com/J2N.html"
"North Valley Bank","North Valley Bank","North Valley Bank Zelle 3Q8 N","true","true","https://www.nvboh.bank/zelle/default.aspx","Active","https://enroll.zellepay.com/logos/zellepay/3Q8.png","","https://www.nvboh.bank/zelle/default.aspx"
"Northbrook Bank & Trust","Northbrook Bank & Trust","Northbrook Bank & Trust Zelle 0B2 N","true","true","https://www.wintrust.com/zelle.html","Active","https://enroll.zellepay.com/logos/zellepay/0B2.png","","https://www.wintrust.com/zelle.html"
"NorthCountry FCU","NorthCountry FCU","NorthCountry FCU Zelle 37P N","true","true","https://www.northcountry.org/services/services/zelle","Active","https://enroll.zellepay.com/logos/zellepay/37P.png","","https://www.northcountry.org/services/services/zelle"
"Northeast Bank","Northeast Bank","Northeast Bank Zelle J3Z N","true","true","https://zelle.jhapaycenter.com/J3Z.html","Active","https://enroll.zellepay.com/logos/zellepay/J3Z.png","","https://zelle.jhapaycenter.com/J3Z.html"
"NorthEast Community Bank","NorthEast Community Bank","NorthEast Community Bank Zelle 0HG N","true","true","https://www.necb.com/zelle","Active","https://enroll.zellepay.com/logos/zellepay/0HG.png","","https://www.necb.com/zelle"
"Northeast Family FCU","Northeast Family FCU","Northeast Family FCU Zelle 3KY N","true","true","https://www.nefamily.coop/zelle","Active","https://enroll.zellepay.com/logos/zellepay/3KY.png","","https://www.nefamily.coop/zelle"
"Northern Bank","Northern Bank","Northern Bank Zelle 0VX N","true","true","https://www.nbtc.com/personal/zelle","Active","https://enroll.zellepay.com/logos/zellepay/0VX.png","","https://www.nbtc.com/personal/zelle"
"Northern Redwood FCU","Northern Redwood FCU","Northern Redwood FCU Zelle 38M N","true","true","https://images.printable.com/nonimpositions/22712/439889/22712_439889_kgfbn5iw_press.html","Active","https://enroll.zellepay.com/logos/zellepay/38M.png","","https://images.printable.com/nonimpositions/22712/439889/22712_439889_kgfbn5iw_press.html"
"Northern State Bank","Northern State Bank","Northern State Bank Zelle JK3 N","true","true","https://www.paymentsemails.com/ZelleOverview?MyFITool&jhID=2530&showVideo=1","Active","https://enroll.zellepay.com/logos/zellepay/JK3.png","","https://www.paymentsemails.com/ZelleOverview?MyFITool&jhID=2530&showVideo=1"
"Northern Trust","Northern Trust","Northern Trust Zelle 2DY N","true","true","https://www.northerntrust.com/japan/wealth-management/pay-it-safe-with-zelle","Active","https://enroll.zellepay.com/logos/zellepay/2DY.png","","https://www.northerntrust.com/japan/wealth-management/pay-it-safe-with-zelle"
"Northfield Bank","Northfield Bank","Northfield Bank Zelle 22W N","true","true","https://www.enorthfield.com/digital-banking/zelle","Active","https://enroll.zellepay.com/logos/zellepay/22W.png","","https://www.enorthfield.com/digital-banking/zelle"
"Northrim Bank","Northrim Bank","Northrim Bank Zelle 0PJ N","true","true","https://www.northrim.com/personal-banking/zelle","Active","https://enroll.zellepay.com/logos/zellepay/0PJ.png","","https://www.northrim.com/personal-banking/zelle"
"Northrop Grumman FCU","Northrop Grumman FCU","Northrop Grumman FCU Zelle 0IL N","true","true","https://www.ngfcu.us/zelle","Active","https://enroll.zellepay.com/logos/zellepay/0IL.png","","https://www.ngfcu.us/zelle"
"Northwest Bank","Northwest Bank","Northwest Bank Zelle 20J N","true","true","https://www.nw.bank/personal/mobile-banking/zelle","Active","https://enroll.zellepay.com/logos/zellepay/20J.png","","https://www.nw.bank/personal/mobile-banking/zelle"
"Northwest Bank (PA)","Northwest Bank (PA)","Northwest Bank (PA) Zelle NSB N","true","true","https://info.northwest.bank/zelle","Active","https://enroll.zellepay.com/logos/zellepay/NSB.png","","https://info.northwest.bank/zelle"
"Northwest Community Bank","Northwest Community Bank","Northwest Community Bank Zelle 3QM N","true","true","https://nwcommunitybank.com/zelle/","Active","https://enroll.zellepay.com/logos/zellepay/3QM.png","","https://nwcommunitybank.com/zelle/"
"Northwest Community CU","Northwest Community CU","Northwest Community CU Zelle 3NB N","true","true","https://nwccu.com/zelle.html","Active","https://enroll.zellepay.com/logos/zellepay/3NB.png","","https://nwccu.com/zelle.html"
"Northwest Federal Credit Union","Northwest Federal Credit Union","Northwest Federal Credit Union Zelle 2WE N","true","true","https://www.nwfcu.org/send-and-receive-money-zelle","Active","https://enroll.zellepay.com/logos/zellepay/2WE.png","","https://www.nwfcu.org/send-and-receive-money-zelle"
"Northwestern Bank","Northwestern Bank","Northwestern Bank Zelle 21C N","true","true","https://www.northwesternbank.com/zelle","Active","https://enroll.zellepay.com/logos/zellepay/21C.png","","https://www.northwesternbank.com/zelle"
"Northwestern Mutual CU","Northwestern Mutual CU","Northwestern Mutual CU Zelle 2AM N","true","true","https://images.printable.com/nonimpositions/22712/402743/22712_402743_gb1x50za_press.html","Active","https://enroll.zellepay.com/logos/zellepay/2AM.png","","https://images.printable.com/nonimpositions/22712/402743/22712_402743_gb1x50za_press.html"
"Norway Savings Bank","Norway Savings Bank","Norway Savings Bank Zelle 2D0 N","true","true","https://www.norwaysavings.bank/","Active","https://enroll.zellepay.com/logos/zellepay/2D0.png","","https://www.norwaysavings.bank/"
"NuMark Credit Union","NuMark Credit Union","NuMark Credit Union Zelle JPI N","true","true","https://www.numarkcu.org/zelle","Active","https://enroll.zellepay.com/logos/zellepay/JPI.png","","https://www.numarkcu.org/zelle"
"Numerica Credit Union","Numerica Credit Union","Numerica Credit Union Zelle JIU N","true","true","https://www.paymentsemails.com/ZelleOverview?jhid=4968&showVideo=1","Active","https://enroll.zellepay.com/logos/zellepay/JIU.png","","https://www.paymentsemails.com/ZelleOverview?jhid=4968&showVideo=1"
"Nuvision Credit Union","Nuvision Credit Union","Nuvision Credit Union Zelle 32O N","true","true","https://nuvisionfederal.com/","Active","https://enroll.zellepay.com/logos/zellepay/32O.png","","https://nuvisionfederal.com/"
"NVUA","NVUA","NVUA Zelle 38K N","true","true","https://novafcu.com/zelle/","Active","https://enroll.zellepay.com/logos/zellepay/38K.png","","https://novafcu.com/zelle/"
"NW Plus CU","NW Plus CU","NW Plus CU Zelle 2ZW N","true","true","https://www.nwpluscu.com/services-tools/account-services/zelle.html","Active","https://enroll.zellepay.com/logos/zellepay/2ZW.png","","https://www.nwpluscu.com/services-tools/account-services/zelle.html"
"NW Preferred FCU","NW Preferred FCU","NW Preferred FCU Zelle 0O3 N","true","true","https://nwpreferredfcu.com/zelle","Active","https://enroll.zellepay.com/logos/zellepay/0O3.png","","https://nwpreferredfcu.com/zelle"
"NW Priority Credit Union","NW Priority Credit Union","NW Priority Credit Union Zelle 33Q N","true","true","https://images.printable.com/nonimpositions/22712/439889/22712_439889_gqadsjjo_press.html","Active","https://enroll.zellepay.com/logos/zellepay/33Q.png","","https://images.printable.com/nonimpositions/22712/439889/22712_439889_gqadsjjo_press.html"
"NYM Federal Credit Union","NYM Federal Credit Union","NYM Federal Credit Union Zelle 3NS N","true","true","https://nymfcu.org/zelle","Active","https://enroll.zellepay.com/logos/zellepay/3NS.png","","https://nymfcu.org/zelle"
"NYU Federal Credit Union","NYU Federal Credit Union","NYU Federal Credit Union Zelle 0JN N","true","true","https://nyufcu.com/zelle","Active","https://enroll.zellepay.com/logos/zellepay/0JN.png","","https://nyufcu.com/zelle"
"Oahe Federal Credit Union","Oahe Federal Credit Union","Oahe Federal Credit Union Zelle 2MD O","true","true","https://oahefcu.coop/zelle","Active","https://enroll.zellepay.com/logos/zellepay/2MD.png","","https://oahefcu.coop/zelle"
"Oak Bank","Oak Bank","Oak Bank Zelle 2F1 O","true","true","https://www.oakbankonline.com/zelle","Active","https://enroll.zellepay.com/logos/zellepay/2F1.png","","https://www.oakbankonline.com/zelle"
"Oak Valley Community Bank","Oak Valley Community Bank","Oak Valley Community Bank Zelle 0UE O","true","true","https://www.ovcb.com/zelle","Active","https://enroll.zellepay.com/logos/zellepay/0UE.png","","https://www.ovcb.com/zelle"
"Oakworth Capital Bank","Oakworth Capital Bank","Oakworth Capital Bank Zelle 0GC O","true","true","https://www.oakworth.com/zelle","Active","https://enroll.zellepay.com/logos/zellepay/0GC.png","","https://www.oakworth.com/zelle"
"OAS FCU","OAS FCU","OAS FCU Zelle 0NG O","true","true","https://www.oasfcu.org/zelle","Active","https://enroll.zellepay.com/logos/zellepay/0NG.png","","https://www.oasfcu.org/zelle"
"OCEAN Bank","OCEAN Bank","OCEAN Bank Zelle 2IA O","true","true","https://www.oceanbank.com/zelle/index.html","Active","https://enroll.zellepay.com/logos/zellepay/2IA.png","","https://www.oceanbank.com/zelle/index.html"
"Ocean Financial","Ocean Financial","Ocean Financial Zelle 24W O","true","true","https://www.oceanfinancial.org/member-services/zelle/","Active","https://enroll.zellepay.com/logos/zellepay/24W.png","","https://www.oceanfinancial.org/member-services/zelle/"
"OceanAir","OceanAir","OceanAir Zelle 0J6 O","true","true","https://www.oceanair.org/zelle","Active","https://enroll.zellepay.com/logos/zellepay/0J6.png","","https://www.oceanair.org/zelle"
"OceanFirst Bank","OceanFirst Bank","OceanFirst Bank Zelle 35Y O","true","true","https://oceanfirst.com/personal/digital-banking/Zelle","Active","https://enroll.zellepay.com/logos/zellepay/35Y.png","","https://oceanfirst.com/personal/digital-banking/Zelle"
"Oconee Federal","Oconee Federal","Oconee Federal Zelle 2J7 O","true","true","https://www.oconeefederal.com/Personal-Online-Banking-Services#Zelle","Active","https://enroll.zellepay.com/logos/zellepay/2J7.png","","https://www.oconeefederal.com/Personal-Online-Banking-Services#Zelle"
"Oconee State Bank","Oconee State Bank","Oconee State Bank Zelle JOT O","true","true","https://www.oconeestatebank.com/zelle/","Active","https://enroll.zellepay.com/logos/zellepay/JOT.png","","https://www.oconeestatebank.com/zelle/"
"OCTFCU","OCTFCU","OCTFCU Zelle 2BY O","true","true","https://okaloosafcu.org/zelle","Active","https://enroll.zellepay.com/logos/zellepay/2BY.png","","https://okaloosafcu.org/zelle"
"OE Federal Credit Union","OE Federal Credit Union","OE Federal Credit Union Zelle JIO O","true","true","https://www.paymentsemails.com/ZelleOverview?jhid=55300&showVideo=1","Active","https://enroll.zellepay.com/logos/zellepay/JIO.png","","https://www.paymentsemails.com/ZelleOverview?jhid=55300&showVideo=1"
"Ohio State Bank","Ohio State Bank","Ohio State Bank Zelle 29W O","true","true","https://www.bankatosb.com/Zelle","Active","https://enroll.zellepay.com/logos/zellepay/29W.png","","https://www.bankatosb.com/Zelle"
"Ok Members First FCU","Ok Members First FCU","Ok Members First FCU Zelle 3N9 O","true","true","https://omffcu.org/zelle","Active","https://enroll.zellepay.com/logos/zellepay/3N9.png","","https://omffcu.org/zelle"
"Oklahoma Central Credit Union","Oklahoma Central Credit Union","Oklahoma Central Credit Union Zelle 2QJ O","true","true","https://oklahomacentral.creditunion/zelle","Active","https://enroll.zellepay.com/logos/zellepay/2QJ.png","","https://oklahomacentral.creditunion/zelle"
"OKLAHOMA FEDERAL","OKLAHOMA FEDERAL","OKLAHOMA FEDERAL Zelle 37V O","true","true","https://oklahomafederalcreditunion.org/zelle/","Active","https://enroll.zellepay.com/logos/zellepay/37V.png","","https://oklahomafederalcreditunion.org/zelle/"
"Oklahomas Credit Union","Oklahomas Credit Union","Oklahomas Credit Union Zelle 2T8 O","true","true","https://www.okcu.org/zelle","Active","https://enroll.zellepay.com/logos/zellepay/2T8.png","","https://www.okcu.org/zelle"
"Old Dominion National Bank","Old Dominion National Bank","Old Dominion National Bank Zelle 0MB O","true","true","https://odnbonline.com/personal/zelle","Active","https://enroll.zellepay.com/logos/zellepay/0MB.png","","https://odnbonline.com/personal/zelle"
"Old National Bank","Old National Bank","Old National Bank Zelle 2ZK O","true","true","https://www.oldnational.com/zelle/","Active","https://enroll.zellepay.com/logos/zellepay/2ZK.png","","https://www.oldnational.com/zelle/"
"Old Plank Trail Community Bank","Old Plank Trail Community Bank","Old Plank Trail Community Bank Zelle 0B3 O","true","true","https://www.wintrust.com/zelle.html","Active","https://enroll.zellepay.com/logos/zellepay/0B3.png","","https://www.wintrust.com/zelle.html"
"Old Second Bank","Old Second Bank","Old Second Bank Zelle J0P O","true","true","https://zelle.jhapaycenter.com/J0P.html","Active","https://enroll.zellepay.com/logos/zellepay/J0P.png","","https://zelle.jhapaycenter.com/J0P.html"
"Olive View FCU","Olive View FCU","Olive View FCU Zelle 3PR O","true","true","https://olive.gcomhd.com/send-and-receivemoney-with-zelle/","Active","https://enroll.zellepay.com/logos/zellepay/3PR.png","","https://olive.gcomhd.com/send-and-receivemoney-with-zelle/"
"Olympia Credit Union","Olympia Credit Union","Olympia Credit Union Zelle 3BV O","true","true","https://olycu.org/zelle/","Active","https://enroll.zellepay.com/logos/zellepay/3BV.png","","https://olycu.org/zelle/"
"Omaha Douglas FCU","Omaha Douglas FCU","Omaha Douglas FCU Zelle 3ET O","true","true","https://omahadouglasfcu.org/zelle","Active","https://enroll.zellepay.com/logos/zellepay/3ET.png","","https://omahadouglasfcu.org/zelle"
"Omaha Federal Credit Union","Omaha Federal Credit Union","Omaha Federal Credit Union Zelle 3AP O","true","true","https://www.omahafcu.org/zelle","Active","https://enroll.zellepay.com/logos/zellepay/3AP.png","","https://www.omahafcu.org/zelle"
"Omaha Firefighters CU","Omaha Firefighters CU","Omaha Firefighters CU Zelle 3GC O","true","true","https://www.omahafirefighterscu.org/zelle","Active","https://enroll.zellepay.com/logos/zellepay/3GC.png","","https://www.omahafirefighterscu.org/zelle"
"OMB","OMB","OMB Zelle JIH O","true","true","https://www.paymentsemails.com/ZelleOverview?jhid=54281&showVideo=1","Active","https://enroll.zellepay.com/logos/zellepay/JIH.png","","https://www.paymentsemails.com/ZelleOverview?jhid=54281&showVideo=1"
"One Community Bank","One Community Bank","One Community Bank Zelle 3HN O","true","true","https://onecommunity.bank/zelle/","Active","https://enroll.zellepay.com/logos/zellepay/3HN.png","","https://onecommunity.bank/zelle/"
"One Community FCU","One Community FCU","One Community FCU Zelle 2R4 O","true","true","https://www.onecommunityfcu.org/zelle","Active","https://enroll.zellepay.com/logos/zellepay/2R4.png","","https://www.onecommunityfcu.org/zelle"
"ONE Credit Union","ONE Credit Union","ONE Credit Union Zelle 32M O","true","true","https://www.onecreditunion.org/send-and-receive-money-with-zelle/","Active","https://enroll.zellepay.com/logos/zellepay/32M.png","","https://www.onecreditunion.org/send-and-receive-money-with-zelle/"
"One Florida Bank","One Florida Bank","One Florida Bank Zelle JBJ O","true","true","https://zelle.jhapaycenter.com/JBJ.html","Active","https://enroll.zellepay.com/logos/zellepay/JBJ.png","","https://zelle.jhapaycenter.com/JBJ.html"
"One Nevada CU","One Nevada CU","One Nevada CU Zelle 0UP O","true","true","https://www.onenevada.org/zelle","Active","https://enroll.zellepay.com/logos/zellepay/0UP.png","","https://www.onenevada.org/zelle"
"One World Bank","One World Bank","One World Bank Zelle 0UF O","true","true","https://www.oneworldbank.com","Active","https://enroll.zellepay.com/logos/zellepay/0UF.png","","https://www.oneworldbank.com"
"OneAZ Credit Union","OneAZ Credit Union","OneAZ Credit Union Zelle 2LC O","true","true","https://www.oneazcu.com/personal/banking/online-banking/zelle","Active","https://enroll.zellepay.com/logos/zellepay/2LC.png","","https://www.oneazcu.com/personal/banking/online-banking/zelle"
"OneLocal Bank","OneLocal Bank","OneLocal Bank Zelle 3GP O","true","true","https://www.onelocalbank.com/for-you/digitalservices/zelle","Active","https://enroll.zellepay.com/logos/zellepay/3GP.png","","https://www.onelocalbank.com/for-you/digitalservices/zelle"
"OnPath Federal Credit Union","OnPath Federal Credit Union","OnPath Federal Credit Union Zelle JNL O","true","true","https://www.beonpath.org/zelle","Active","https://enroll.zellepay.com/logos/zellepay/JNL.png","","https://www.beonpath.org/zelle"
"OnPoint Community Credit Union","OnPoint Community Credit Union","OnPoint Community Credit Union Zelle 2BO O","true","true","https://www.onpointcu.com/","Active","https://enroll.zellepay.com/logos/zellepay/2BO.png","","https://www.onpointcu.com/"
"Ontario Shores FCU","Ontario Shores FCU","Ontario Shores FCU Zelle 3QN O","true","true","https://images.printable.com/nonimpositions/22712/461538/22712_461538_2e1pr3ae_press.html","Active","https://enroll.zellepay.com/logos/zellepay/3QN.png","","https://images.printable.com/nonimpositions/22712/461538/22712_461538_2e1pr3ae_press.html"
"Oostburg State Bank","Oostburg State Bank","Oostburg State Bank Zelle 39H O","true","true","https://www.oostburgbank.com/personal-banking/zelle/","Active","https://enroll.zellepay.com/logos/zellepay/39H.png","","https://www.oostburgbank.com/personal-banking/zelle/"
"Open Bank","Open Bank","Open Bank Zelle 0SR O","true","true","https://myopenbank.com/zelle/","Active","https://enroll.zellepay.com/logos/zellepay/0SR.png","","https://myopenbank.com/zelle/"
"Openland Credit Union","Openland Credit Union","Openland Credit Union Zelle J2J O","true","true","https://www.acutx.org/services/digital-banking/zelle","Active","https://enroll.zellepay.com/logos/zellepay/J2J.png","","https://www.acutx.org/services/digital-banking/zelle"
"Opportunity Bank of Montana","Opportunity Bank of Montana","Opportunity Bank of Montana Zelle 2K7 O","true","true","https://www.opportunitybank.com/","Active","https://enroll.zellepay.com/logos/zellepay/2K7.png","","https://www.opportunitybank.com/"
"OptimumBank","OptimumBank","OptimumBank Zelle 2RR O","true","true","https://www.optimumbank.com/zelle","Active","https://enroll.zellepay.com/logos/zellepay/2RR.png","","https://www.optimumbank.com/zelle"
"Orange Bank & Trust Company","Orange Bank & Trust Company","Orange Bank & Trust Company Zelle 2U7 O","true","true","https://www.orangebanktrust.com/zelle","Active","https://enroll.zellepay.com/logos/zellepay/2U7.png","","https://www.orangebanktrust.com/zelle"
"Orange County's Credit Union","Orange County's Credit Union","Orange County's Credit Union Zelle JP8 O","true","true","https://www.orangecountyscu.org/digital-services/zelle","Active","https://enroll.zellepay.com/logos/zellepay/JP8.png","","https://www.orangecountyscu.org/digital-services/zelle"
"Origin Bank","Origin Bank","Origin Bank Zelle 0AU O","true","true","https://www.origin.bank/en/zelle/","Active","https://enroll.zellepay.com/logos/zellepay/0AU.png","","https://www.origin.bank/en/zelle/"
"Orlando Credit Union","Orlando Credit Union","Orlando Credit Union Zelle 3HT O","true","true","https://www.orlandocreditunion.org/zelle","Active","https://enroll.zellepay.com/logos/zellepay/3HT.png","","https://www.orlandocreditunion.org/zelle"
"Osgood State Bank","Osgood State Bank","Osgood State Bank Zelle 0EB O","true","true","https://www.osgoodbank.com/personal/services/zelle/","Active","https://enroll.zellepay.com/logos/zellepay/0EB.png","","https://www.osgoodbank.com/personal/services/zelle/"
"Otero Federal CU","Otero Federal CU","Otero Federal CU Zelle 3EW O","true","true","https://www.oterofcu.org/home/convenience-services/online-services","Active","https://enroll.zellepay.com/logos/zellepay/3EW.png","","https://www.oterofcu.org/home/convenience-services/online-services"
"Ouachita Valley FCU","Ouachita Valley FCU","Ouachita Valley FCU Zelle 2ZC O","true","true","https://ouachitavalleyfcu.org/zelle","Active","https://enroll.zellepay.com/logos/zellepay/2ZC.png","","https://ouachitavalleyfcu.org/zelle"
"Outdoor Bank","Outdoor Bank","Outdoor Bank Zelle JN8 O","true","true","https://www.outdoorbank.com/resources/zelle","Active","https://enroll.zellepay.com/logos/zellepay/JN8.png","","https://www.outdoorbank.com/resources/zelle"
"Owen County State Bank","Owen County State Bank","Owen County State Bank Zelle 0SQ O","true","true","https://ocsbank.com/e-banking/zelle","Active","https://enroll.zellepay.com/logos/zellepay/0SQ.png","","https://ocsbank.com/e-banking/zelle"
"Oxford Bank","Oxford Bank","Oxford Bank Zelle JKG O","true","true","https://www.paymentsemails.com/ZelleOverview?MyFITool&jhID=1123&showVideo=1","Active","https://enroll.zellepay.com/logos/zellepay/JKG.png","","https://www.paymentsemails.com/ZelleOverview?MyFITool&jhID=1123&showVideo=1"
"Ozarks Federal Savings & Loan","Ozarks Federal Savings & Loan","Ozarks Federal Savings & Loan Zelle 2D9 O","true","true","https://www.ofsl.bank/Zelle","Active","https://enroll.zellepay.com/logos/zellepay/2D9.png","","https://www.ofsl.bank/Zelle"
"PA Central FCU","PA Central FCU","PA Central FCU Zelle 2HP P","true","true","https://www.pacentralfcu.com/zelle/","Active","https://enroll.zellepay.com/logos/zellepay/2HP.png","","https://www.pacentralfcu.com/zelle/"
"Pacific Alliance Bank","Pacific Alliance Bank","Pacific Alliance Bank Zelle 2AZ P","true","true","https://www.pacificalliancebank.com/Zelle","Active","https://enroll.zellepay.com/logos/zellepay/2AZ.png","","https://www.pacificalliancebank.com/Zelle"
"Pacific Cascade FCU","Pacific Cascade FCU","Pacific Cascade FCU Zelle 2LP P","true","true","https://wesaveyou.com/member-services/zelle/","Active","https://enroll.zellepay.com/logos/zellepay/2LP.png","","https://wesaveyou.com/member-services/zelle/"
"Pacific NW FCU","Pacific NW FCU","Pacific NW FCU Zelle 24K P","true","true","https://www.pnwfcu.org/services/zelle/","Active","https://enroll.zellepay.com/logos/zellepay/24K.png","","https://www.pnwfcu.org/services/zelle/"
"Pacific Service Credit Union","Pacific Service Credit Union","Pacific Service Credit Union Zelle 2YR P","true","true","https://www.pacificservice.org/","Active","https://enroll.zellepay.com/logos/zellepay/2YR.png","","https://www.pacificservice.org/"
"Pacific Valley Bank","Pacific Valley Bank","Pacific Valley Bank Zelle 2U9 P","true","true","https://pacificvalleybank.com/zelle/","Active","https://enroll.zellepay.com/logos/zellepay/2U9.png","","https://pacificvalleybank.com/zelle/"
"Pacific West Bank","Pacific West Bank","Pacific West Bank Zelle 2B0 P","true","true","https://www.bankpacificwest.com/Zelle.aspx","Active","https://enroll.zellepay.com/logos/zellepay/2B0.png","","https://www.bankpacificwest.com/Zelle.aspx"
"Palisades Federal Credit Union","Palisades Federal Credit Union","Palisades Federal Credit Union Zelle JBM P","true","true","https://www.paymentsemails.com/ZelleOverview?MyFITool&jhID=49967&showVideo=1","Active","https://enroll.zellepay.com/logos/zellepay/JBM.png","","https://www.paymentsemails.com/ZelleOverview?MyFITool&jhID=49967&showVideo=1"
"Pan American Bank & Trust","Pan American Bank & Trust","Pan American Bank & Trust Zelle JM2 P","true","true","https://www.panamerbank.com/banking-services/zelle","Active","https://enroll.zellepay.com/logos/zellepay/JM2.png","","https://www.panamerbank.com/banking-services/zelle"
"Panhandle Credit Union","Panhandle Credit Union","Panhandle Credit Union Zelle JM8 P","true","true","https://panhandle-credit-union.webflow.io/zelle-info","Active","https://enroll.zellepay.com/logos/zellepay/JM8.png","","https://panhandle-credit-union.webflow.io/zelle-info"
"Panhandle First Bank","Panhandle First Bank","Panhandle First Bank Zelle JRS P","true","true","https://www.mypfb.bank/online/zelle","Active","https://enroll.zellepay.com/logos/zellepay/JRS.png","","https://www.mypfb.bank/online/zelle"
"PANTEXFCU","PANTEXFCU","PANTEXFCU Zelle 2ED P","true","true","https://www.pantexfcu.com/home/mobile-online/zelle","Active","https://enroll.zellepay.com/logos/zellepay/2ED.png","","https://www.pantexfcu.com/home/mobile-online/zelle"
"Paradise Bank","Paradise Bank","Paradise Bank Zelle JNG P","true","true","https://www.paradisebank.com/zelle","Active","https://enroll.zellepay.com/logos/zellepay/JNG.png","","https://www.paradisebank.com/zelle"
"Paragon Bank","Paragon Bank","Paragon Bank Zelle JII P","true","true","https://www.paymentsemails.com/ZelleOverview?jhid=26570&showVideo=1","Active","https://enroll.zellepay.com/logos/zellepay/JII.png","","https://www.paymentsemails.com/ZelleOverview?jhid=26570&showVideo=1"
"Park Bank","Park Bank","Park Bank Zelle 2EM P","true","true","https://www.parkbank.com/zelle","Active","https://enroll.zellepay.com/logos/zellepay/2EM.png","","https://www.parkbank.com/zelle"
"Park National Bank","Park National Bank","Park National Bank Zelle 2GF P","true","true","https://parknationalbank.com/zelle/","Active","https://enroll.zellepay.com/logos/zellepay/2GF.png","","https://parknationalbank.com/zelle/"
"Parke Bank","Parke Bank","Parke Bank Zelle 3L2 P","true","true","https://www.parkebank.com/zelle","Active","https://enroll.zellepay.com/logos/zellepay/3L2.png","","https://www.parkebank.com/zelle"
"Parkway Bank","Parkway Bank","Parkway Bank Zelle 0BO P","true","true","https://www.parkwaybank.com/zelle","Active","https://enroll.zellepay.com/logos/zellepay/0BO.png","","https://www.parkwaybank.com/zelle"
"Partner Colorado Credit Union","Partner Colorado Credit Union","Partner Colorado Credit Union Zelle JJ7 P","true","true","https://www.partnercoloradocu.org/services/digital-banking/zelle","Active","https://enroll.zellepay.com/logos/zellepay/JJ7.png","","https://www.partnercoloradocu.org/services/digital-banking/zelle"
"Partners Bank","Partners Bank","Partners Bank Zelle JMN P","true","true","https://www.partners.bank/personal/online-and-mobile-services/mobile-banking/zelle/","Active","https://enroll.zellepay.com/logos/zellepay/JMN.png","","https://www.partners.bank/personal/online-and-mobile-services/mobile-banking/zelle/"
"Partners Federal Credit Union","Partners Federal Credit Union","Partners Federal Credit Union Zelle 0ML P","true","true","https://www.partnersfcu.org/zelle","Active","https://enroll.zellepay.com/logos/zellepay/0ML.png","","https://www.partnersfcu.org/zelle"
"Partnership Financial CU","Partnership Financial CU","Partnership Financial CU Zelle 0TL P","true","true","https://www.mypfcu.org/zelle/","Active","https://enroll.zellepay.com/logos/zellepay/0TL.png","","https://www.mypfcu.org/zelle/"
"Pasadena FCU","Pasadena FCU","Pasadena FCU Zelle 0ST P","true","true","https://www.pfcu.org/zelle","Active","https://enroll.zellepay.com/logos/zellepay/0ST.png","","https://www.pfcu.org/zelle"
"Patelco Credit Union","Patelco Credit Union","Patelco Credit Union Zelle PAT P","true","true","https://www.patelco.org/Zelle","Active","https://enroll.zellepay.com/logos/zellepay/PAT.png","","https://www.patelco.org/Zelle"
"Pathfinder Bank","Pathfinder Bank","Pathfinder Bank Zelle 0GX P","true","true","https://www.pathfinderbank.com/zelle","Active","https://enroll.zellepay.com/logos/zellepay/0GX.png","","https://www.pathfinderbank.com/zelle"
"Patriot Bank, N.A.","Patriot Bank, N.A.","Patriot Bank, N.A. Zelle 3NM P","true","true","https://bankpatriot.com/Access/Digital-Solutions/Zelle","Active","https://enroll.zellepay.com/logos/zellepay/3NM.png","","https://bankpatriot.com/Access/Digital-Solutions/Zelle"
"Patterson State Bank","Patterson State Bank","Patterson State Bank Zelle 0AV P","true","true","https://pattersonstatebank.com/zelle/","Active","https://enroll.zellepay.com/logos/zellepay/0AV.png","","https://pattersonstatebank.com/zelle/"
"PBT Bancorp","PBT Bancorp","PBT Bancorp Zelle 0UQ P","true","true","https://www.pbtb.com/services/zelle","Active","https://enroll.zellepay.com/logos/zellepay/0UQ.png","","https://www.pbtb.com/services/zelle"
"PCB","PCB","PCB Zelle JPD P","true","true","https://www.yourbank.bank/personal/e-services/zelle","Active","https://enroll.zellepay.com/logos/zellepay/JPD.png","","https://www.yourbank.bank/personal/e-services/zelle"
"PCB Bank","PCB Bank","PCB Bank Zelle 0S2 P","true","true","https://www.mypcbbank.com/personal/online-mobile-banking/online-banking/zelle","Active","https://enroll.zellepay.com/logos/zellepay/0S2.png","","https://www.mypcbbank.com/personal/online-mobile-banking/online-banking/zelle"
"PCM Credit Union","PCM Credit Union","PCM Credit Union Zelle 2L8 P","true","true","https://pcmcu.org/digital-services/transfers/","Active","https://enroll.zellepay.com/logos/zellepay/2L8.png","","https://pcmcu.org/digital-services/transfers/"
"Peak Credit Union","Peak Credit Union","Peak Credit Union Zelle 2KM P","true","true","https://www.peakcu.org/zelle","Active","https://enroll.zellepay.com/logos/zellepay/2KM.png","","https://www.peakcu.org/zelle"
"Peake Federal Credit Union","Peake Federal Credit Union","Peake Federal Credit Union Zelle 2VB P","true","true","https://www.peakefederal.com/zelle/","Active","https://enroll.zellepay.com/logos/zellepay/2VB.png","","https://www.peakefederal.com/zelle/"
"Peapack Private Bank & Trust","Peapack Private Bank & Trust","Peapack Private Bank & Trust Zelle J3J P","true","true","https://www.pgbank.com/zelle","Active","https://enroll.zellepay.com/logos/zellepay/J3J.png","","https://www.pgbank.com/zelle"
"Pegasus Bank","Pegasus Bank","Pegasus Bank Zelle 2QK P","true","true","https://www.pegasusbankdallas.com/home/personal/online-banking-bill-pay/zelle","Active","https://enroll.zellepay.com/logos/zellepay/2QK.png","","https://www.pegasusbankdallas.com/home/personal/online-banking-bill-pay/zelle"
"Pelican Credit Union","Pelican Credit Union","Pelican Credit Union Zelle JG9 P","true","true","https://www.pelicancu.com/paycenter-zelle","Active","https://enroll.zellepay.com/logos/zellepay/JG9.png","","https://www.pelicancu.com/paycenter-zelle"
"PenFed","PenFed","PenFed Zelle PEN P","true","true","https://www.penfed.org/zelle","Active","https://enroll.zellepay.com/logos/zellepay/PEN.png","","https://www.penfed.org/zelle"
"Peninsula Credit Union","Peninsula Credit Union","Peninsula Credit Union Zelle 0W9 P","true","true","https://www.pcfcu.org/zelle","Active","https://enroll.zellepay.com/logos/zellepay/0W9.png","","https://www.pcfcu.org/zelle"
"Penn Community Bank","Penn Community Bank","Penn Community Bank Zelle 2VC P","true","true","https://www.penncommunitybank.com/zelle/","Active","https://enroll.zellepay.com/logos/zellepay/2VC.png","","https://www.penncommunitybank.com/zelle/"
"People First FCU","People First FCU","People First FCU Zelle 32T P","true","true","https://peoplefirst.com/services/mobile-online-services/zelle/","Active","https://enroll.zellepay.com/logos/zellepay/32T.png","","https://peoplefirst.com/services/mobile-online-services/zelle/"
"PeopleFirst Bank","PeopleFirst Bank","PeopleFirst Bank Zelle 3JI P","true","true","https://www.peoplefirstbank.com/ContentDocumentHandler.ashx?documentId=80191","Active","https://enroll.zellepay.com/logos/zellepay/3JI.png","","https://www.peoplefirstbank.com/ContentDocumentHandler.ashx?documentId=80191"
"Peoples Alliance FCU","Peoples Alliance FCU","Peoples Alliance FCU Zelle 3C2 P","true","true","https://www.pafcu.org/zelle/","Active","https://enroll.zellepay.com/logos/zellepay/3C2.png","","https://www.pafcu.org/zelle/"
"Peoples Bank","Peoples Bank","Peoples Bank Zelle 0DT P","true","true","https://www.peoplesbancorp.com/additional-services/digital-tools/zelle","Active","https://enroll.zellepay.com/logos/zellepay/0DT.png","","https://www.peoplesbancorp.com/additional-services/digital-tools/zelle"
"Peoples Bank (Clifton TN)","Peoples Bank (Clifton TN)","Peoples Bank (Clifton TN) Zelle 2WC P","true","true","https://pbbanking.com/zelle","Active","https://enroll.zellepay.com/logos/zellepay/2WC.png","","https://pbbanking.com/zelle"
"Peoples Bank (GA)","Peoples Bank (GA)","Peoples Bank (GA) Zelle JHH P","true","true","https://www.paymentsemails.com/ZelleOverview?MyFITool&jhID=14447&showVideo=1","Active","https://enroll.zellepay.com/logos/zellepay/JHH.png","","https://www.paymentsemails.com/ZelleOverview?MyFITool&jhID=14447&showVideo=1"
"Peoples Bank (IN & IL)","Peoples Bank (IN & IL)","Peoples Bank (IN & IL) Zelle 0G2 P","true","true","https://www.ibankpeoples.com/zelle","Active","https://enroll.zellepay.com/logos/zellepay/0G2.png","","https://www.ibankpeoples.com/zelle"
"Peoples Bank (TX)","Peoples Bank (TX)","Peoples Bank (TX) Zelle 0JI P","true","true","https://peoplesbanktexas.com/zelle","Active","https://enroll.zellepay.com/logos/zellepay/0JI.png","","https://peoplesbanktexas.com/zelle"
"Peoples Bank (WA)","Peoples Bank (WA)","Peoples Bank (WA) Zelle 0G9 P","true","true","https://www.peoplesbank-wa.com/zelle/","Active","https://enroll.zellepay.com/logos/zellepay/0G9.png","","https://www.peoplesbank-wa.com/zelle/"
"Peoples Bank & Trust","Peoples Bank & Trust","Peoples Bank & Trust Zelle 3ER P","true","true","https://www.peoplesbanktrust.com/zelle","Active","https://enroll.zellepay.com/logos/zellepay/3ER.png","","https://www.peoplesbanktrust.com/zelle"
"Peoples Bank Monticello IN","Peoples Bank Monticello IN","Peoples Bank Monticello IN Zelle 39C P","true","true","https://peoplesmonticello.com/zelle","Active","https://enroll.zellepay.com/logos/zellepay/39C.png","","https://peoplesmonticello.com/zelle"
"Peoples Bank of Alabama","Peoples Bank of Alabama","Peoples Bank of Alabama Zelle J21 P","true","true","https://zelle.jhapaycenter.com/J21.html","Active","https://enroll.zellepay.com/logos/zellepay/J21.png","","https://zelle.jhapaycenter.com/J21.html"
"Peoples Bank of Altenburg","Peoples Bank of Altenburg","Peoples Bank of Altenburg Zelle JHG P","true","true","https://www.paymentsemails.com/ZelleOverview?jhid=3438&showVideo=1","Active","https://enroll.zellepay.com/logos/zellepay/JHG.png","","https://www.paymentsemails.com/ZelleOverview?jhid=3438&showVideo=1"
"Peoples Bank of East Tennessee","Peoples Bank of East Tennessee","Peoples Bank of East Tennessee Zelle 32U P","true","true","https://www.peoplesbank-tn.com/?contentID=166","Active","https://enroll.zellepay.com/logos/zellepay/32U.png","","https://www.peoplesbank-tn.com/?contentID=166"
"Peoples Bank of Graceville","Peoples Bank of Graceville","Peoples Bank of Graceville Zelle 2KJ P","true","true","https://peoplesgraceville.com/zelle/","Active","https://enroll.zellepay.com/logos/zellepay/2KJ.png","","https://peoplesgraceville.com/zelle/"
"PEOPLES BANK OF KANKAKEE CTY","PEOPLES BANK OF KANKAKEE CTY","PEOPLES BANK OF KANKAKEE CTY Zelle 2Y6 P","true","true","https://www.peoplesbankdirect.com/online-services/Zelle","Active","https://enroll.zellepay.com/logos/zellepay/2Y6.png","","https://www.peoplesbankdirect.com/online-services/Zelle"
"Peoples Bank of Kentucky, Inc","Peoples Bank of Kentucky, Inc","Peoples Bank of Kentucky, Inc Zelle 2ZB P","true","true","https://www.peoplesbankofky.com/zelle","Active","https://enroll.zellepay.com/logos/zellepay/2ZB.png","","https://www.peoplesbankofky.com/zelle"
"Peoples Bank of Paris Texas","Peoples Bank of Paris Texas","Peoples Bank of Paris Texas Zelle 2RM P","true","true","https://www.pbparis.com/zelle.aspx","Active","https://enroll.zellepay.com/logos/zellepay/2RM.png","","https://www.pbparis.com/zelle.aspx"
"Peoples Community FCU","Peoples Community FCU","Peoples Community FCU Zelle 31A P","true","true","https://www.peoplescu.org/zelle","Active","https://enroll.zellepay.com/logos/zellepay/31A.png","","https://www.peoplescu.org/zelle"
"Peoples National Bank","Peoples National Bank","Peoples National Bank Zelle 0DQ P","true","true","https://www.peoplesnationalbank.com/zelle/index.html","Active","https://enroll.zellepay.com/logos/zellepay/0DQ.png","","https://www.peoplesnationalbank.com/zelle/index.html"
"Peoples Security Bank & Trust","Peoples Security Bank & Trust","Peoples Security Bank & Trust Zelle JN7 P","true","true","https://www.psbt.com/Banking/Digital-Banking/Zelle","Active","https://enroll.zellepay.com/logos/zellepay/JN7.png","","https://www.psbt.com/Banking/Digital-Banking/Zelle"
"Peoples State Bank (WI)","Peoples State Bank (WI)","Peoples State Bank (WI) Zelle JBY P","true","true","https://www.paymentsemails.com/ZelleOverview?jhid=51995&showVideo=1","Active","https://enroll.zellepay.com/logos/zellepay/JBY.png","","https://www.paymentsemails.com/ZelleOverview?jhid=51995&showVideo=1"
"Peoples State Bank Plainview","Peoples State Bank Plainview","Peoples State Bank Plainview Zelle 23B P","true","true","https://www.peoplesstatebank.com/services-tools/zelle.html","Active","https://enroll.zellepay.com/logos/zellepay/23B.png","","https://www.peoplesstatebank.com/services-tools/zelle.html"
"Peoples State Bank, Hville","Peoples State Bank, Hville","Peoples State Bank, Hville Zelle 2WD P","true","true","https://www.psbhallettsville.com/zelle","Active","https://enroll.zellepay.com/logos/zellepay/2WD.png","","https://www.psbhallettsville.com/zelle"
"Peoples Trust Company","Peoples Trust Company","Peoples Trust Company Zelle 34C P","true","true","https://www.ptcvt.com/Zelle","Active","https://enroll.zellepay.com/logos/zellepay/34C.png","","https://www.ptcvt.com/Zelle"
"PeoplesBank-Lebanon-Louisville","PeoplesBank-Lebanon-Louisville","PeoplesBank-Lebanon-Louisville Zelle 34O P","true","true","https://www.pboflebanon.com/Personal/Zelle","Active","https://enroll.zellepay.com/logos/zellepay/34O.png","","https://www.pboflebanon.com/Personal/Zelle"
"PeoplesSouth Bank","PeoplesSouth Bank","PeoplesSouth Bank Zelle JNO P","true","true","https://www.peoplessouth.com/zelle","Active","https://enroll.zellepay.com/logos/zellepay/JNO.png","","https://www.peoplessouth.com/zelle"
"Pepco Federal Credit Union","Pepco Federal Credit Union","Pepco Federal Credit Union Zelle 33N P","true","true","https://www.pepcofcu.org/pepco-zelle.html","Active","https://enroll.zellepay.com/logos/zellepay/33N.png","","https://www.pepcofcu.org/pepco-zelle.html"
"Peru Federal Savings Bank","Peru Federal Savings Bank","Peru Federal Savings Bank Zelle 2EW P","true","true","https://www.perufederalsavings.com/zelle/","Active","https://enroll.zellepay.com/logos/zellepay/2EW.png","","https://www.perufederalsavings.com/zelle/"
"Peshtigo National Bank","Peshtigo National Bank","Peshtigo National Bank Zelle 2P6 P","true","true","https://pnbwi.com/Zelle","Active","https://enroll.zellepay.com/logos/zellepay/2P6.png","","https://pnbwi.com/Zelle"
"Philo Exchange Bank","Philo Exchange Bank","Philo Exchange Bank Zelle 24N P","true","true","https://philobank.com/Philo.html","Active","https://enroll.zellepay.com/logos/zellepay/24N.png","","https://philobank.com/Philo.html"
"Phoenix Fed","Phoenix Fed","Phoenix Fed Zelle 33S P","true","true","https://www.phoenixfed.com/zelle/","Active","https://enroll.zellepay.com/logos/zellepay/33S.png","","https://www.phoenixfed.com/zelle/"
"Picatinny Federal Credit Union","Picatinny Federal Credit Union","Picatinny Federal Credit Union Zelle 2FY P","true","true","https://www.picacreditunion.com/services/mobile-banking/zelle/","Active","https://enroll.zellepay.com/logos/zellepay/2FY.png","","https://www.picacreditunion.com/services/mobile-banking/zelle/"
"Piedmont Federal Bank","Piedmont Federal Bank","Piedmont Federal Bank Zelle 22I P","true","true","https://www.piedmontfederal.bank/features/zelle","Active","https://enroll.zellepay.com/logos/zellepay/22I.png","","https://www.piedmontfederal.bank/features/zelle"
"Pikes Peak Credit Union","Pikes Peak Credit Union","Pikes Peak Credit Union Zelle 3HI P","true","true","https://www.pikespeakcu.com/zelle/","Active","https://enroll.zellepay.com/logos/zellepay/3HI.png","","https://www.pikespeakcu.com/zelle/"
"Pilgrim Bank","Pilgrim Bank","Pilgrim Bank Zelle 3R8 P","true","true","https://pilgrimbank.bank/personal-accounts/digital-banking/zelle","Active","https://enroll.zellepay.com/logos/zellepay/3R8.png","","https://pilgrimbank.bank/personal-accounts/digital-banking/zelle"
"Pima Federal Credit Union","Pima Federal Credit Union","Pima Federal Credit Union Zelle 2UE P","true","true","https://www.pimafederal.org/zelle","Active","https://enroll.zellepay.com/logos/zellepay/2UE.png","","https://www.pimafederal.org/zelle"
"Pinal County FCU","Pinal County FCU","Pinal County FCU Zelle JLU P","true","true","https://www.pinalcountyfcu.com/Zelle","Active","https://enroll.zellepay.com/logos/zellepay/JLU.png","","https://www.pinalcountyfcu.com/Zelle"
"Pine Country Bank","Pine Country Bank","Pine Country Bank Zelle 3HO P","true","true","https://www.pinecountrybank.com/zelle/","Active","https://enroll.zellepay.com/logos/zellepay/3HO.png","","https://www.pinecountrybank.com/zelle/"
"Pineland Bank","Pineland Bank","Pineland Bank Zelle JHF P","true","true","https://www.paymentsemails.com/ZelleOverview?jhid=14930&showVideo=1","Active","https://enroll.zellepay.com/logos/zellepay/JHF.png","","https://www.paymentsemails.com/ZelleOverview?jhid=14930&showVideo=1"
"Pinnacle Bank","Pinnacle Bank","Pinnacle Bank Zelle 28R P","true","true","https://www.pinnbank.com/zelle","Active","https://enroll.zellepay.com/logos/zellepay/28R.png","","https://www.pinnbank.com/zelle"
"Pinnacle Bank (CA)","Pinnacle Bank (CA)","Pinnacle Bank (CA) Zelle 0BI P","true","true","https://www.pinnacle.bank/zelle","Active","https://enroll.zellepay.com/logos/zellepay/0BI.png","","https://www.pinnacle.bank/zelle"
"Pinnacle Bank Texas","Pinnacle Bank Texas","Pinnacle Bank Texas Zelle 28Q P","true","true","https://www.pinnbanktx.com/","Active","https://enroll.zellepay.com/logos/zellepay/28Q.png","","https://www.pinnbanktx.com/"
"Pinnacle Bank Wyoming","Pinnacle Bank Wyoming","Pinnacle Bank Wyoming Zelle 28P P","true","true","https://www.wypinnbank.com/","Active","https://enroll.zellepay.com/logos/zellepay/28P.png","","https://www.wypinnbank.com/"
"Pinnacle Financial Partners","Pinnacle Financial Partners","Pinnacle Financial Partners Zelle 2RI P","true","true","https://www.pnfp.com/Zelle","Active","https://enroll.zellepay.com/logos/zellepay/2RI.png","","https://www.pnfp.com/Zelle"
"Pioneer Bank","Pioneer Bank","Pioneer Bank Zelle 21Q P","true","true","https://www.pioneerbnk.com/","Active","https://enroll.zellepay.com/logos/zellepay/21Q.png","","https://www.pioneerbnk.com/"
"Pioneer Bank (VA)","Pioneer Bank (VA)","Pioneer Bank (VA) Zelle JC0 P","true","true","https://zelle.jhapaycenter.com/JC0.html","Active","https://enroll.zellepay.com/logos/zellepay/JC0.png","","https://zelle.jhapaycenter.com/JC0.html"
"Pioneer Bank & Trust","Pioneer Bank & Trust","Pioneer Bank & Trust Zelle JK6 P","true","true","https://www.pioneerbankandtrust.com/zelle-2/","Active","https://enroll.zellepay.com/logos/zellepay/JK6.png","","https://www.pioneerbankandtrust.com/zelle-2/"
"Pioneer Bank MN","Pioneer Bank MN","Pioneer Bank MN Zelle 2WG P","true","true","https://bankwithpioneer.com/zelle.html","Active","https://enroll.zellepay.com/logos/zellepay/2WG.png","","https://bankwithpioneer.com/zelle.html"
"Pioneer Community Bank","Pioneer Community Bank","Pioneer Community Bank Zelle 3PQ P","true","true","https://www.pioneercommunitybank.com/","Active","https://enroll.zellepay.com/logos/zellepay/3PQ.png","","https://www.pioneercommunitybank.com/"
"Pioneer Federal Credit Union","Pioneer Federal Credit Union","Pioneer Federal Credit Union Zelle 0JR P","true","true","https://www.pioneerfcu.org/zelle","Active","https://enroll.zellepay.com/logos/zellepay/0JR.png","","https://www.pioneerfcu.org/zelle"
"Piscataqua Savings Bank","Piscataqua Savings Bank","Piscataqua Savings Bank Zelle 2FZ P","true","true","https://www.piscataqua.com","Active","https://enroll.zellepay.com/logos/zellepay/2FZ.png","","https://www.piscataqua.com"
"Pittsfield Cooperative Bank","Pittsfield Cooperative Bank","Pittsfield Cooperative Bank Zelle 2D1 P","true","true","https://www.pittsfieldcoop.com/Zelle.aspx","Active","https://enroll.zellepay.com/logos/zellepay/2D1.png","","https://www.pittsfieldcoop.com/Zelle.aspx"
"Pittsford FCU","Pittsford FCU","Pittsford FCU Zelle 3Q5 P","true","true","https://www.pittsfordfcu.org/zelle/","Active","https://enroll.zellepay.com/logos/zellepay/3Q5.png","","https://www.pittsfordfcu.org/zelle/"
"Plains State Bank","Plains State Bank","Plains State Bank Zelle 0SH P","true","true","https://psbplains.com/zelle/","Active","https://enroll.zellepay.com/logos/zellepay/0SH.png","","https://psbplains.com/zelle/"
"PlainsCapital Bank","PlainsCapital Bank","PlainsCapital Bank Zelle 0AN P","true","true","https://plainscapital.com/zelle/","Active","https://enroll.zellepay.com/logos/zellepay/0AN.png","","https://plainscapital.com/zelle/"
"Planters Bank Mobile Banking","Planters Bank Mobile Banking","Planters Bank Mobile Banking Zelle 867 P","true","true","https://www.plantersbankonline.com/CustomContent.aspx?Name=Zelle","Active","https://enroll.zellepay.com/logos/zellepay/867.png","","https://www.plantersbankonline.com/CustomContent.aspx?Name=Zelle"
"Platinum Federal Credit Union","Platinum Federal Credit Union","Platinum Federal Credit Union Zelle JL6 P","true","true","https://www.platinumfcu.org/pages/zelle.php","Active","https://enroll.zellepay.com/logos/zellepay/JL6.png","","https://www.platinumfcu.org/pages/zelle.php"
"Platte Valley Bank NE","Platte Valley Bank NE","Platte Valley Bank NE Zelle JHX P","true","true","https://www.paymentsemails.com/ZelleOverview?jhid=3648&showVideo=1","Active","https://enroll.zellepay.com/logos/zellepay/JHX.png","","https://www.paymentsemails.com/ZelleOverview?jhid=3648&showVideo=1"
"Platte Valley Bank WY","Platte Valley Bank WY","Platte Valley Bank WY Zelle JHW P","true","true","https://www.paymentsemails.com/ZelleOverview?jhid=56748&showVideo=1","Active","https://enroll.zellepay.com/logos/zellepay/JHW.png","","https://www.paymentsemails.com/ZelleOverview?jhid=56748&showVideo=1"
"Plus Credit Union","Plus Credit Union","Plus Credit Union Zelle JS5 P","true","true","https://pluscu.org/zelle","Active","https://enroll.zellepay.com/logos/zellepay/JS5.png","","https://pluscu.org/zelle"
"PNC Bank","PNC Bank","PNC Bank Zelle PNC P","true","true","https://mobile-app.pnc.com/mbl/app/zelle/index.html","Active","https://enroll.zellepay.com/logos/zellepay/PNC.png","","https://mobile-app.pnc.com/mbl/app/zelle/index.html"
"Poca Valley Bank","Poca Valley Bank","Poca Valley Bank Zelle 2P9 P","true","true","https://www.pocavalleybank.com/zelle","Active","https://enroll.zellepay.com/logos/zellepay/2P9.png","","https://www.pocavalleybank.com/zelle"
"PointBank","PointBank","PointBank Zelle 0TR P","true","true","https://www.pointbank.com/zelle","Active","https://enroll.zellepay.com/logos/zellepay/0TR.png","","https://www.pointbank.com/zelle"
"Points West Community Bank","Points West Community Bank","Points West Community Bank Zelle 2CD P","true","true","https://pwcbank.com/send-and-receive-money-with-zelle/","Active","https://enroll.zellepay.com/logos/zellepay/2CD.png","","https://pwcbank.com/send-and-receive-money-with-zelle/"
"Polam Federal Credit Union","Polam Federal Credit Union","Polam Federal Credit Union Zelle 2X5 P","true","true","https://polamfcu.com/technology/zelle/","Active","https://enroll.zellepay.com/logos/zellepay/2X5.png","","https://polamfcu.com/technology/zelle/"
"Police FCU Omaha","Police FCU Omaha","Police FCU Omaha Zelle 3LZ P","true","true","https://www.opfcu.net/zelle","Active","https://enroll.zellepay.com/logos/zellepay/3LZ.png","","https://www.opfcu.net/zelle"
"Polish & Slavic FCU","Polish & Slavic FCU","Polish & Slavic FCU Zelle 2R9 P","true","true","https://www.psfcu.com/zelle","Active","https://enroll.zellepay.com/logos/zellepay/2R9.png","","https://www.psfcu.com/zelle"
"Polish-American FCU","Polish-American FCU","Polish-American FCU Zelle 0UK P","true","true","https://www.mypafcu.com/zelle","Active","https://enroll.zellepay.com/logos/zellepay/0UK.png","","https://www.mypafcu.com/zelle"
"Ponce Bank","Ponce Bank","Ponce Bank Zelle 2FA P","true","true","https://www.poncebank.com/zelle.aspx","Active","https://enroll.zellepay.com/logos/zellepay/2FA.png","","https://www.poncebank.com/zelle.aspx"
"POPA Federal Credit Union","POPA Federal Credit Union","POPA Federal Credit Union Zelle JAF P","true","true","https://www.popafcu.org/resources/zelle","Active","https://enroll.zellepay.com/logos/zellepay/JAF.png","","https://www.popafcu.org/resources/zelle"
"Poppy Bank","Poppy Bank","Poppy Bank Zelle 3CR P","true","true","https://zelle.poppy.bank","Active","https://enroll.zellepay.com/logos/zellepay/3CR.png","","https://zelle.poppy.bank"
"Popular Bank","Popular Bank","Popular Bank Zelle 0SK P","true","true","https://www.popularbank.com/online-and-mobile/zelle/","Active","https://enroll.zellepay.com/logos/zellepay/0SK.png","","https://www.popularbank.com/online-and-mobile/zelle/"
"Port Washington State Bank","Port Washington State Bank","Port Washington State Bank Zelle 2UO P","true","true","https://pwsb.bank/zelle-port-washington-state-bank.html","Active","https://enroll.zellepay.com/logos/zellepay/2UO.png","","https://pwsb.bank/zelle-port-washington-state-bank.html"
"Portrait Bank","Portrait Bank","Portrait Bank Zelle JRC P","true","true","https://portraitbank.com/zelle","Active","https://enroll.zellepay.com/logos/zellepay/JRC.png","","https://portraitbank.com/zelle"
"Potlatch No1 FCU","Potlatch No1 FCU","Potlatch No1 FCU Zelle 0J9 P","true","true","https://www.p1fcu.org/zelle","Active","https://enroll.zellepay.com/logos/zellepay/0J9.png","","https://www.p1fcu.org/zelle"
"Powell Valley National Bank","Powell Valley National Bank","Powell Valley National Bank Zelle 2YW P","true","true","https://powellvalleybank.com/zelle/","Active","https://enroll.zellepay.com/logos/zellepay/2YW.png","","https://powellvalleybank.com/zelle/"
"Power Financial Credit Union","Power Financial Credit Union","Power Financial Credit Union Zelle 2ZM P","true","true","https://www.powerfi.org/zelle","Active","https://enroll.zellepay.com/logos/zellepay/2ZM.png","","https://www.powerfi.org/zelle"
"Prairie Community Bank","Prairie Community Bank","Prairie Community Bank Zelle 2Y7 P","true","true","https://www.prairiecommunitybank.com/online-services/zelle","Active","https://enroll.zellepay.com/logos/zellepay/2Y7.png","","https://www.prairiecommunitybank.com/online-services/zelle"
"Preferred Bank","Preferred Bank","Preferred Bank Zelle J1M P","true","true","https://zelle.jhapaycenter.com/J1M.html","Active","https://enroll.zellepay.com/api/v1/ecm/sites/ecm/files/logos/override_uploads/J1M_zellepay.png","","https://zelle.jhapaycenter.com/J1M.html"
"Premier America Credit Union","Premier America Credit Union","Premier America Credit Union Zelle J3X P","true","true","https://zelle.jhapaycenter.com/J3X.html","Active","https://enroll.zellepay.com/logos/zellepay/J3X.png","","https://zelle.jhapaycenter.com/J3X.html"
"Premier Bank of the South","Premier Bank of the South","Premier Bank of the South Zelle JIN P","true","true","https://zelle.jhapaycenter.com/JIN.html","Active","https://enroll.zellepay.com/logos/zellepay/JIN.png","","https://zelle.jhapaycenter.com/JIN.html"
"PremierBank (WI)","PremierBank (WI)","PremierBank (WI) Zelle JQP P","true","true","https://www.bankwithpremier.com/zelle/","Active","https://enroll.zellepay.com/logos/zellepay/JQP.png","","https://www.bankwithpremier.com/zelle/"
"PremierOne Credit Union","PremierOne Credit Union","PremierOne Credit Union Zelle 0P5 P","true","true","https://www.premieronecu.org/zelle","Active","https://enroll.zellepay.com/logos/zellepay/0P5.png","","https://www.premieronecu.org/zelle"
"Presidential Bank","Presidential Bank","Presidential Bank Zelle 37R P","true","true","https://www.presidential.com/zelle.html","Active","https://enroll.zellepay.com/logos/zellepay/37R.png","","https://www.presidential.com/zelle.html"
"Primebank","Primebank","Primebank Zelle 2G9 P","true","true","https://www.primebank.bank/ebanking/zelle","Active","https://enroll.zellepay.com/logos/zellepay/2G9.png","","https://www.primebank.bank/ebanking/zelle"
"PrimeSouth Bank","PrimeSouth Bank","PrimeSouth Bank Zelle 0CU P","true","true","https://www.primesouth.com/zelle","Active","https://enroll.zellepay.com/logos/zellepay/0CU.png","","https://www.primesouth.com/zelle"
"PrimeWay FCU","PrimeWay FCU","PrimeWay FCU Zelle 2IW P","true","true","https://www.primewayfcu.com/zelle","Active","https://enroll.zellepay.com/logos/zellepay/2IW.png","","https://www.primewayfcu.com/zelle"
"Primis","Primis","Primis Zelle 2BE P","true","true","https://primisbank.com/service/zelle/","Active","https://enroll.zellepay.com/logos/zellepay/2BE.png","","https://primisbank.com/service/zelle/"
"Prince George's Community FCU","Prince George's Community FCU","Prince George's Community FCU Zelle JC5 P","true","true","https://www.paymentsemails.com/ZelleOverview?jhid=46315&showVideo=1","Active","https://enroll.zellepay.com/logos/zellepay/JC5.png","","https://www.paymentsemails.com/ZelleOverview?jhid=46315&showVideo=1"
"PrinsBank","PrinsBank","PrinsBank Zelle 3DE P","true","true","https://www.prinsbank.com/zelle","Active","https://enroll.zellepay.com/logos/zellepay/3DE.png","","https://www.prinsbank.com/zelle"
"Priority One Credit Union","Priority One Credit Union","Priority One Credit Union Zelle 0PZ P","true","true","https://www.priorityonecu.org/zelle","Active","https://enroll.zellepay.com/logos/zellepay/0PZ.png","","https://www.priorityonecu.org/zelle"
"Priority Trust Credit Union","Priority Trust Credit Union","Priority Trust Credit Union Zelle 37Q P","true","true","https://prioritytrustcu.org/services/move-money-with-zelle/","Active","https://enroll.zellepay.com/logos/zellepay/37Q.png","","https://prioritytrustcu.org/services/move-money-with-zelle/"
"PriorityONE FL","PriorityONE FL","PriorityONE FL Zelle 37C P","true","true","https://www.priorityonefl.org/home/products-services/zelle","Active","https://enroll.zellepay.com/logos/zellepay/37C.png","","https://www.priorityonefl.org/home/products-services/zelle"
"Pro Fire Fighters CU","Pro Fire Fighters CU","Pro Fire Fighters CU Zelle 2O2 P","true","true","https://images.printable.com/nonimpositions/22712/439231/22712_439231_pohelm0m_press.html","Active","https://enroll.zellepay.com/logos/zellepay/2O2.png","","https://images.printable.com/nonimpositions/22712/439231/22712_439231_pohelm0m_press.html"
"ProGrowth Bank","ProGrowth Bank","ProGrowth Bank Zelle 2YV P","true","true","https://www.progrowth.com/Personal/Services/Zelle","Active","https://enroll.zellepay.com/logos/zellepay/2YV.png","","https://www.progrowth.com/Personal/Services/Zelle"
"PromiseOne Bank","PromiseOne Bank","PromiseOne Bank Zelle 2OY P","true","true","https://promiseone.bank/Zelle","Active","https://enroll.zellepay.com/logos/zellepay/2OY.png","","https://promiseone.bank/Zelle"
"Prospect Bank","Prospect Bank","Prospect Bank Zelle 2IL P","true","true","https://www.bankprospect.com/zelle","Active","https://enroll.zellepay.com/logos/zellepay/2IL.png","","https://www.bankprospect.com/zelle"
"Prosperity Bank","Prosperity Bank","Prosperity Bank Zelle 2IY P","true","true","https://www.prosperitybankusa.com/Zelle","Active","https://enroll.zellepay.com/logos/zellepay/2IY.png","","https://www.prosperitybankusa.com/Zelle"
"Providence Bank","Providence Bank","Providence Bank Zelle 0SE P","true","true","https://www.pbknc.com/zelle","Active","https://enroll.zellepay.com/logos/zellepay/0SE.png","","https://www.pbknc.com/zelle"
"Provident Bank","Provident Bank","Provident Bank Zelle 0A7 P","true","true","https://www.provident.bank/digital-banking/zelle","Active","https://enroll.zellepay.com/logos/zellepay/0A7.png","","https://www.provident.bank/digital-banking/zelle"
"PROVIDENT BANK(CA)","PROVIDENT BANK(CA)","PROVIDENT BANK(CA) Zelle 2J9 P","true","true","https://myprovident.com/zelle","Active","https://enroll.zellepay.com/logos/zellepay/2J9.png","","https://myprovident.com/zelle"
"Provident Credit Union","Provident Credit Union","Provident Credit Union Zelle 2DZ P","true","true","https://providentcu.org/zelle-help","Active","https://enroll.zellepay.com/logos/zellepay/2DZ.png","","https://providentcu.org/zelle-help"
"PS Bank","PS Bank","PS Bank Zelle 3JV P","true","true","https://www.psbanking.com/connect/zelle","Active","https://enroll.zellepay.com/logos/zellepay/3JV.png","","https://www.psbanking.com/connect/zelle"
"PSCCU","PSCCU","PSCCU Zelle 0OR P","true","true","https://www.psccu.org/zelle","Active","https://enroll.zellepay.com/logos/zellepay/0OR.png","","https://www.psccu.org/zelle"
"PSECU","PSECU","PSECU Zelle 2SU P","true","true","https://go.psecu.com/zelle","Active","https://enroll.zellepay.com/logos/zellepay/2SU.png","","https://go.psecu.com/zelle"
"Public Service CU (MI)","Public Service CU (MI)","Public Service CU (MI) Zelle 0UX P","true","true","https://www.pscunow.com/zelle","Active","https://enroll.zellepay.com/logos/zellepay/0UX.png","","https://www.pscunow.com/zelle"
"Publix Employees FCU","Publix Employees FCU","Publix Employees FCU Zelle JPG P","true","true","https://www.pefcu.com/services/mobile-services/zelle","Active","https://enroll.zellepay.com/logos/zellepay/JPG.png","","https://www.pefcu.com/services/mobile-services/zelle"
"PyraMax Bank","PyraMax Bank","PyraMax Bank Zelle 29Y P","true","true","https://pyramaxbank.com/zelle-p2p-payments.html","Active","https://enroll.zellepay.com/logos/zellepay/29Y.png","","https://pyramaxbank.com/zelle-p2p-payments.html"
"Pyramid FCU","Pyramid FCU","Pyramid FCU Zelle 0NA P","true","true","https://www.pyramidfcu.com/zelle","Active","https://enroll.zellepay.com/logos/zellepay/0NA.png","","https://www.pyramidfcu.com/zelle"
"Quad City Bank & Trust","Quad City Bank & Trust","Quad City Bank & Trust Zelle JR4 Q","true","true","https://qcbt.bank/personal/online-and-mobile-services/zelle","Active","https://enroll.zellepay.com/logos/zellepay/JR4.png","","https://qcbt.bank/personal/online-and-mobile-services/zelle"
"Quail Creek Bank","Quail Creek Bank","Quail Creek Bank Zelle 33C Q","true","true","https://quailcreek.bank/zelle/","Active","https://enroll.zellepay.com/logos/zellepay/33C.png","","https://quailcreek.bank/zelle/"
"Quaint Oak Bank","Quaint Oak Bank","Quaint Oak Bank Zelle 2I1 Q","true","true","https://www.quaintoak.com/zelle/","Active","https://enroll.zellepay.com/logos/zellepay/2I1.png","","https://www.quaintoak.com/zelle/"
"Qualstar CU","Qualstar CU","Qualstar CU Zelle 0TY Q","true","true","https://www.qualstarcu.com/zelle","Active","https://enroll.zellepay.com/logos/zellepay/0TY.png","","https://www.qualstarcu.com/zelle"
"Queenstown Bank","Queenstown Bank","Queenstown Bank Zelle 2L7 Q","true","true","https://www.queenstownbank.com/Zelle.aspx","Active","https://enroll.zellepay.com/logos/zellepay/2L7.png","","https://www.queenstownbank.com/Zelle.aspx"
"Quontic Bank","Quontic Bank","Quontic Bank Zelle 0AF Q","true","true","https://www.quonticbank.com/zelle","Active","https://enroll.zellepay.com/logos/zellepay/0AF.png","","https://www.quonticbank.com/zelle"
"Quorum Federal Credit Union","Quorum Federal Credit Union","Quorum Federal Credit Union Zelle 0MZ Q","true","true","https://www.quorumfcu.org/zelle","Active","https://enroll.zellepay.com/logos/zellepay/0MZ.png","","https://www.quorumfcu.org/zelle"
"R-G FCU","R-G FCU","R-G FCU Zelle 2Q0 R","true","true","https://www.rgfcu.com/zelle","Active","https://enroll.zellepay.com/logos/zellepay/2Q0.png","","https://www.rgfcu.com/zelle"
"R.Bank","R.Bank","R.Bank Zelle 2RZ R","true","true","https://www.r.bank/zelle","Active","https://enroll.zellepay.com/logos/zellepay/2RZ.png","","https://www.r.bank/zelle"
"R.I.A. Federal Credit Union","R.I.A. Federal Credit Union","R.I.A. Federal Credit Union Zelle 2XI R","true","true","https://www.riafcu.com/zelle/","Active","https://enroll.zellepay.com/logos/zellepay/2XI.png","","https://www.riafcu.com/zelle/"
"Radiant Credit Union","Radiant Credit Union","Radiant Credit Union Zelle JL0 R","true","true","https://www.paymentsemails.com/ZelleOverview?jhid=5151&showVideo=1","Active","https://enroll.zellepay.com/logos/zellepay/JL0.png","","https://www.paymentsemails.com/ZelleOverview?jhid=5151&showVideo=1"
"Radius Federal Credit Union","Radius Federal Credit Union","Radius Federal Credit Union Zelle 37U R","true","true","https://radiusfcu.com/zelle","Active","https://enroll.zellepay.com/logos/zellepay/37U.png","","https://radiusfcu.com/zelle"
"Raiz Federal Credit Union","Raiz Federal Credit Union","Raiz Federal Credit Union Zelle 3JM R","true","true","https://raiz.us/zelle","Active","https://enroll.zellepay.com/logos/zellepay/3JM.png","","https://raiz.us/zelle"
"Rally CU","Rally CU","Rally CU Zelle 2U2 R","true","true","https://rallycu.com/ZELLE/","Active","https://enroll.zellepay.com/logos/zellepay/2U2.png","","https://rallycu.com/ZELLE/"
"Rapides General Hospital EFCU","Rapides General Hospital EFCU","Rapides General Hospital EFCU Zelle 32C R","true","true","https://www.rghefcu.com/zelle","Active","https://enroll.zellepay.com/api/v1/ecm/sites/ecm/files/logos/override_uploads/RapidesGeneralHospitalEFCU-zellepay.png","","https://www.rghefcu.com/zelle"
"Raritan Bay FCU","Raritan Bay FCU","Raritan Bay FCU Zelle 39G R","true","true","https://rbfcu.coop/zelle","Active","https://enroll.zellepay.com/logos/zellepay/39G.png","","https://rbfcu.coop/zelle"
"Rave Financial","Rave Financial","Rave Financial Zelle 30E R","true","true","https://www.mobiloilcu.org/resources/zelle/","Active","https://enroll.zellepay.com/logos/zellepay/30E.png","","https://www.mobiloilcu.org/resources/zelle/"
"Rayne State Bank","Rayne State Bank","Rayne State Bank Zelle 32D R","true","true","https://www.bankonnet.bank/zelle","Active","https://enroll.zellepay.com/logos/zellepay/32D.png","","https://www.bankonnet.bank/zelle"
"Red Crown Credit Union","Red Crown Credit Union","Red Crown Credit Union Zelle 2XB R","true","true","https://redcrowncu.org/zelle","Active","https://enroll.zellepay.com/logos/zellepay/2XB.png","","https://redcrowncu.org/zelle"
"Red River Bank","Red River Bank","Red River Bank Zelle 0M3 R","true","true","https://www.redriverbank.net/zelle","Active","https://enroll.zellepay.com/logos/zellepay/0M3.png","","https://www.redriverbank.net/zelle"
"Red Wing Credit Union","Red Wing Credit Union","Red Wing Credit Union Zelle 2YX R","true","true","https://redwingcu.com/zelle/","Active","https://enroll.zellepay.com/logos/zellepay/2YX.png","","https://redwingcu.com/zelle/"
"REDSTONE BANK","REDSTONE BANK","REDSTONE BANK Zelle 2UL R","true","true","https://www.redstonebankco.com/personal-checking/zelle/","Active","https://enroll.zellepay.com/logos/zellepay/2UL.png","","https://www.redstonebankco.com/personal-checking/zelle/"
"Redstone Federal Credit Union","Redstone Federal Credit Union","Redstone Federal Credit Union Zelle 2D7 R","true","true","https://www.redfcu.org/personal/banking/online-banking/zelle/","Active","https://enroll.zellepay.com/logos/zellepay/2D7.png","","https://www.redfcu.org/personal/banking/online-banking/zelle/"
"Redwood Capital Bank","Redwood Capital Bank","Redwood Capital Bank Zelle 3LH R","true","true","https://www.redwoodcapitalbank.com/online-banking-info/zelle","Active","https://enroll.zellepay.com/logos/zellepay/3LH.png","","https://www.redwoodcapitalbank.com/online-banking-info/zelle"
"Regions Bank","Regions Bank","Regions Bank Zelle RGN R","true","true","https://www.regions.com/digital-banking/transfer-money-and-pay/send-money-with-zelle","Active","https://enroll.zellepay.com/logos/zellepay/RGN.png","","https://www.regions.com/digital-banking/transfer-money-and-pay/send-money-with-zelle"
"Reliabank","Reliabank","Reliabank Zelle 2YT R","true","true","https://www.reliabank.com/online/zelle.php","Active","https://enroll.zellepay.com/logos/zellepay/2YT.png","","https://www.reliabank.com/online/zelle.php"
"Reliance Bank","Reliance Bank","Reliance Bank Zelle 876 R","true","true","https://www.reliancebankmn.com/zelle","Active","https://enroll.zellepay.com/logos/zellepay/876.png","","https://www.reliancebankmn.com/zelle"
"Reliance Savings Bank - JKY","Reliance Savings Bank - JKY","Reliance Savings Bank - JKY Zelle JNY R","true","true","https://reliancebank.bank/zelle/","Active","","","https://reliancebank.bank/zelle/"
"Reliant Credit Union","Reliant Credit Union","Reliant Credit Union Zelle 2ZN R","true","true","https://www.reliantcu.com/zelle/","Active","https://enroll.zellepay.com/logos/zellepay/2ZN.png","","https://www.reliantcu.com/zelle/"
"Renasant Bank","Renasant Bank","Renasant Bank Zelle 0A0 R","true","true","https://www.renasantbank.com/zelle","Active","https://enroll.zellepay.com/logos/zellepay/0A0.png","","https://www.renasantbank.com/zelle"
"Republic Bank & Trust","Republic Bank & Trust","Republic Bank & Trust Zelle 3PX R","true","true","https://www.republicbank.com/personal/online-banking/send-money-with-zelle-r/","Active","https://enroll.zellepay.com/logos/zellepay/3PX.png","","https://www.republicbank.com/personal/online-banking/send-money-with-zelle-r/"
"Republic Bank of Chicago","Republic Bank of Chicago","Republic Bank of Chicago Zelle 0DI R","true","true","https://republicebank.com/zelle/","Active","https://enroll.zellepay.com/logos/zellepay/0DI.png","","https://republicebank.com/zelle/"
"Resource Bank, N.A.","Resource Bank, N.A.","Resource Bank, N.A. Zelle 3MJ R","true","true","https://www.resourcebank.com/other-services/online-services/zelle","Active","https://enroll.zellepay.com/logos/zellepay/3MJ.png","","https://www.resourcebank.com/other-services/online-services/zelle"
"Resource One Credit Union","Resource One Credit Union","Resource One Credit Union Zelle JLM R","true","true","https://www.r1cu.org/convenience/online-services/send-money/","Active","https://enroll.zellepay.com/logos/zellepay/JLM.png","","https://www.r1cu.org/convenience/online-services/send-money/"
"Rhinebeck Bank","Rhinebeck Bank","Rhinebeck Bank Zelle 0CD R","true","true","https://www.rhinebeckbank.com","Active","https://enroll.zellepay.com/logos/zellepay/0CD.png","","https://www.rhinebeckbank.com"
"Rhode Island Credit Union","Rhode Island Credit Union","Rhode Island Credit Union Zelle 31B R","true","true","https://www.ricreditunion.org/zelle","Active","https://enroll.zellepay.com/logos/zellepay/31B.png","","https://www.ricreditunion.org/zelle"
"Richwood Bank","Richwood Bank","Richwood Bank Zelle 2FJ R","true","true","https://richwoodbank.com/","Active","https://enroll.zellepay.com/logos/zellepay/2FJ.png","","https://richwoodbank.com/"
"Riddell National Bank","Riddell National Bank","Riddell National Bank Zelle 2Q2 R","true","true","https://www.riddellonline.com/zelle","Active","https://enroll.zellepay.com/logos/zellepay/2Q2.png","","https://www.riddellonline.com/zelle"
"Ridge View Bank","Ridge View Bank","Ridge View Bank Zelle 3HD R","true","true","https://ridgeviewbank.bank/personal-banking/convenience-services/zelle","Active","https://enroll.zellepay.com/api/v1/ecm/sites/ecm/files/logos/override_uploads/3HD-zellepay.png","","https://ridgeviewbank.bank/personal-banking/convenience-services/zelle"
"Ridgedale FCU","Ridgedale FCU","Ridgedale FCU Zelle 30Z R","true","true","https://www.ridgedalefcu.org/Zelle/","Active","https://enroll.zellepay.com/logos/zellepay/30Z.png","","https://www.ridgedalefcu.org/Zelle/"
"Ridgewood Savings Bank","Ridgewood Savings Bank","Ridgewood Savings Bank Zelle 2HC R","true","true","https://www.ridgewoodbank.com/home/personal/mobile-apps/zelle","Active","https://enroll.zellepay.com/logos/zellepay/2HC.png","","https://www.ridgewoodbank.com/home/personal/mobile-apps/zelle"
"Riegel Federal Credit Union","Riegel Federal Credit Union","Riegel Federal Credit Union Zelle 36Q R","true","true","https://www.riegelfcu.org/home/services/zelle","Active","https://enroll.zellepay.com/logos/zellepay/36Q.png","","https://www.riegelfcu.org/home/services/zelle"
"Rio Bank","Rio Bank","Rio Bank Zelle 2SD R","true","true","https://www.rio.bank/zelle.aspx","Active","https://enroll.zellepay.com/logos/zellepay/2SD.png","","https://www.rio.bank/zelle.aspx"
"Rising Bank","Rising Bank","Rising Bank Zelle J1Z R","true","true","https://zelle.jhapaycenter.com/J1Z.html","Active","https://enroll.zellepay.com/api/v1/ecm/sites/ecm/files/logos/override_uploads/J1Z_zellpay_0.png","","https://zelle.jhapaycenter.com/J1Z.html"
"River Bank","River Bank","River Bank Zelle 2MH R","true","true","https://riverbank.biz/Zelle","Active","https://enroll.zellepay.com/logos/zellepay/2MH.png","","https://riverbank.biz/Zelle"
"River City Bank","River City Bank","River City Bank Zelle 0BR R","true","true","https://rivercitybankonline.com/","Active","https://enroll.zellepay.com/logos/zellepay/0BR.png","","https://rivercitybankonline.com/"
"River City Bank (KY)","River City Bank (KY)","River City Bank (KY) Zelle J3L R","true","true","https://zelle.jhapaycenter.com/J3L.html","Active","https://enroll.zellepay.com/logos/zellepay/J3L.png","","https://zelle.jhapaycenter.com/J3L.html"
"Riverfront FCU","Riverfront FCU","Riverfront FCU Zelle 0JF R","true","true","https://riverfrontfcu.org/zelle","Active","https://enroll.zellepay.com/logos/zellepay/0JF.png","","https://riverfrontfcu.org/zelle"
"RiverHills Bank - OH","RiverHills Bank - OH","RiverHills Bank - OH Zelle 3CJ R","true","true","https://www.rhb24.com/zelle","Active","https://enroll.zellepay.com/logos/zellepay/3CJ.png","","https://www.rhb24.com/zelle"
"Rivermark CU","Rivermark CU","Rivermark CU Zelle 0IK R","true","true","https://www.rivermarkcu.org/zelle","Active","https://enroll.zellepay.com/logos/zellepay/0IK.png","","https://www.rivermarkcu.org/zelle"
"Rivertrust FCU","Rivertrust FCU","Rivertrust FCU Zelle 27D R","true","true","https://www.rivertrustfcu.com/","Active","https://enroll.zellepay.com/logos/zellepay/27D.png","","https://www.rivertrustfcu.com/"
"RiverWorks Credit Union","RiverWorks Credit Union","RiverWorks Credit Union Zelle 3LD R","true","true","https://www.rwcu.com/zelle/","Active","https://enroll.zellepay.com/logos/zellepay/3LD.png","","https://www.rwcu.com/zelle/"
"Rize Credit Union","Rize Credit Union","Rize Credit Union Zelle 2R8 R","true","true","https://rizecu.com/digital-banking/zelle/","Active","https://enroll.zellepay.com/logos/zellepay/2R8.png","","https://rizecu.com/digital-banking/zelle/"
"Rochelle Bank","Rochelle Bank","Rochelle Bank Zelle 2U8 R","true","true","https://rochellebank.com/","Active","https://enroll.zellepay.com/logos/zellepay/2U8.png","","https://rochellebank.com/"
"Rockdale Federal Credit Union","Rockdale Federal Credit Union","Rockdale Federal Credit Union Zelle 2NP R","true","true","https://www.rockdalefcu.org/personal/zelle","Active","https://enroll.zellepay.com/logos/zellepay/2NP.png","","https://www.rockdalefcu.org/personal/zelle"
"Rocket City FCU","Rocket City FCU","Rocket City FCU Zelle 2HM R","true","true","https://www.rocketcityfcu.org/zelle","Active","https://enroll.zellepay.com/logos/zellepay/2HM.png","","https://www.rocketcityfcu.org/zelle"
"Rockland Employees FCU","Rockland Employees FCU","Rockland Employees FCU Zelle 2HW R","true","true","https://images.printable.com/nonimpositions/22712/423796/22712_423796_txrkreun_press.html#addFAQ","Active","https://enroll.zellepay.com/logos/zellepay/2HW.png","","https://images.printable.com/nonimpositions/22712/423796/22712_423796_txrkreun_press.html#addFAQ"
"Rockland Savings Bank","Rockland Savings Bank","Rockland Savings Bank Zelle 2SC R","true","true","https://www.rocklandsavingsbank.com/zelle","Active","https://enroll.zellepay.com/logos/zellepay/2SC.png","","https://www.rocklandsavingsbank.com/zelle"
"Rockland Trust","Rockland Trust","Rockland Trust Zelle 0LY R","true","true","https://www.rocklandtrust.com/introducing-zelle","Active","https://enroll.zellepay.com/logos/zellepay/0LY.png","","https://www.rocklandtrust.com/introducing-zelle"
"RockPointBank","RockPointBank","RockPointBank Zelle JCE R","true","true","https://zelle.jhapaycenter.com/JCE.html","Active","https://enroll.zellepay.com/logos/zellepay/JCE.png","","https://zelle.jhapaycenter.com/JCE.html"
"Rogue Credit Union","Rogue Credit Union","Rogue Credit Union Zelle 3PB R","true","true","https://www.roguecu.org/personal-services/online-banking-services","Active","https://enroll.zellepay.com/logos/zellepay/3PB.png","","https://www.roguecu.org/personal-services/online-banking-services"
"Rome Federal Credit Union","Rome Federal Credit Union","Rome Federal Credit Union Zelle 2YK R","true","true","https://romefcu.com/zelle/","Active","https://enroll.zellepay.com/logos/zellepay/2YK.png","","https://romefcu.com/zelle/"
"Rosedale Bank","Rosedale Bank","Rosedale Bank Zelle JLI R","true","true","https://www.rosedalefederal.com/zelle","Active","https://enroll.zellepay.com/logos/zellepay/JLI.png","","https://www.rosedalefederal.com/zelle"
"Roswell Community FCU","Roswell Community FCU","Roswell Community FCU Zelle 3P7 R","true","true","https://roswellcu.org/zelle","Active","https://enroll.zellepay.com/logos/zellepay/3P7.png","","https://roswellcu.org/zelle"
"Round Top State Bank","Round Top State Bank","Round Top State Bank Zelle 2ZY R","true","true","https://www.roundtopstatebank.com/personal/zelle","Active","https://enroll.zellepay.com/logos/zellepay/2ZY.png","","https://www.roundtopstatebank.com/personal/zelle"
"Royal Business Bank","Royal Business Bank","Royal Business Bank Zelle 2O8 R","true","true","https://www.royalbusinessbankusa.com/zelle","Active","https://enroll.zellepay.com/logos/zellepay/2O8.png","","https://www.royalbusinessbankusa.com/zelle"
"S&T Bank","S&T Bank","S&T Bank Zelle 0DN S","true","true","https://www.stbank.com/personal/mobile-online-banking/zelle","Active","https://enroll.zellepay.com/logos/zellepay/0DN.png","","https://www.stbank.com/personal/mobile-online-banking/zelle"
"Sabine FCU","Sabine FCU","Sabine FCU Zelle 26F S","true","true","https://www.sabinefcu.org/zelle/","Active","https://enroll.zellepay.com/logos/zellepay/26F.png","","https://www.sabinefcu.org/zelle/"
"Sabine State Bank and Trust","Sabine State Bank and Trust","Sabine State Bank and Trust Zelle 0FD S","true","true","https://www.sabinebank.com/zellefaq","Active","https://enroll.zellepay.com/logos/zellepay/0FD.png","","https://www.sabinebank.com/zellefaq"
"Saco & Biddeford Savings","Saco & Biddeford Savings","Saco & Biddeford Savings Zelle JLB S","true","true","https://www.sbsavings.bank/banking/digital-banking/zelle","Active","https://enroll.zellepay.com/logos/zellepay/JLB.png","","https://www.sbsavings.bank/banking/digital-banking/zelle"
"Sacramento Credit Union","Sacramento Credit Union","Sacramento Credit Union Zelle 3R6 S","true","true","https://www.sactocu.org/zelle/","Active","https://enroll.zellepay.com/logos/zellepay/3R6.png","","https://www.sactocu.org/zelle/"
"Safe 1 Credit Union","Safe 1 Credit Union","Safe 1 Credit Union Zelle 2I9 S","true","true","https://www.safe1.org/home/electronic-services/zelle","Active","https://enroll.zellepay.com/logos/zellepay/2I9.png","","https://www.safe1.org/home/electronic-services/zelle"
"SAFE Credit Union","SAFE Credit Union","SAFE Credit Union Zelle 3PC S","true","true","https://www.safecu.org/personal/zelle","Active","https://enroll.zellepay.com/logos/zellepay/3PC.png","","https://www.safecu.org/personal/zelle"
"Safra National Bank of New York","Safra National Bank of New York","Safra National Bank of New York Zelle JLL S","true","true","https://www.safra.com","Active","https://enroll.zellepay.com/api/v1/ecm/sites/ecm/files/logos/override_uploads/JLL-zellepay.png","","https://www.safra.com"
"SAG-AFTRA FCU","SAG-AFTRA FCU","SAG-AFTRA FCU Zelle JSO S","true","true","https://www.sagaftrafcu.org/zelle","Active","https://enroll.zellepay.com/logos/zellepay/JSO.png","","https://www.sagaftrafcu.org/zelle"
"Salal Credit Union","Salal Credit Union","Salal Credit Union Zelle 0M2 S","true","true","https://www.salalcu.org/zelle","Active","https://enroll.zellepay.com/logos/zellepay/0M2.png","","https://www.salalcu.org/zelle"
"Salem Five Cents Savings Bank","Salem Five Cents Savings Bank","Salem Five Cents Savings Bank Zelle S5B S","true","true","https://www.salemfive.com/personal/digital-banking/zelle/","Active","https://enroll.zellepay.com/logos/zellepay/S5B.png","","https://www.salemfive.com/personal/digital-banking/zelle/"
"San Juan Mountains CU","San Juan Mountains CU","San Juan Mountains CU Zelle 3L4 S","true","true","https://www.sjmcreditunion.org/zelle","Active","https://enroll.zellepay.com/logos/zellepay/3L4.png","","https://www.sjmcreditunion.org/zelle"
"San Luis Valley Federal Bank","San Luis Valley Federal Bank","San Luis Valley Federal Bank Zelle 28H S","true","true","https://www.slvfed.bank/personal-banking/zelle-transfers","Active","https://enroll.zellepay.com/logos/zellepay/28H.png","","https://www.slvfed.bank/personal-banking/zelle-transfers"
"Sandhills State Bank","Sandhills State Bank","Sandhills State Bank Zelle 29Z S","true","true","https://www.sandhillsstate.com/Zelle.aspx","Active","https://enroll.zellepay.com/logos/zellepay/29Z.png","","https://www.sandhillsstate.com/Zelle.aspx"
"Sandia Area FCU","Sandia Area FCU","Sandia Area FCU Zelle 0HQ S","true","true","https://www.sandia.org/zelle","Active","https://enroll.zellepay.com/logos/zellepay/0HQ.png","","https://www.sandia.org/zelle"
"Sanger Bank","Sanger Bank","Sanger Bank Zelle JR1 S","true","true","https://www.sangerbank.com/services/zelle","Active","https://enroll.zellepay.com/logos/zellepay/JR1.png","","https://www.sangerbank.com/services/zelle"
"Sanibel Captiva Community Bank","Sanibel Captiva Community Bank","Sanibel Captiva Community Bank Zelle JPN S","true","true","https://sancapbank.com/zelle/","Active","https://enroll.zellepay.com/logos/zellepay/JPN.png","","https://sancapbank.com/zelle/"
"Santa Barbara Teachers FCU","Santa Barbara Teachers FCU","Santa Barbara Teachers FCU Zelle JPT S","true","true","https://www.sbtfcu.org/zelle","Active","https://enroll.zellepay.com/logos/zellepay/JPT.png","","https://www.sbtfcu.org/zelle"
"Santander Bank, N.A.","Santander Bank, N.A.","Santander Bank, N.A. Zelle SVB S","true","true","https://www.santanderbank.com/pages/personal/zelle","Active","https://enroll.zellepay.com/logos/zellepay/SVB.png","","https://www.santanderbank.com/pages/personal/zelle"
"SaviBank","SaviBank","SaviBank Zelle 34H S","true","true","https://www.savibank.com/zelle","Active","https://enroll.zellepay.com/logos/zellepay/34H.png","","https://www.savibank.com/zelle"
"Savings Bank of Walpole","Savings Bank of Walpole","Savings Bank of Walpole Zelle JFE S","true","true","https://zelle.jhapaycenter.com/JFE.html","Active","https://enroll.zellepay.com/logos/zellepay/JFE.png","","https://zelle.jhapaycenter.com/JFE.html"
"Sawyer Savings Bank","Sawyer Savings Bank","Sawyer Savings Bank Zelle 2HU S","true","true","https://www.sawyersavings.bank/electronic-banking/zelle/","Active","https://enroll.zellepay.com/logos/zellepay/2HU.png","","https://www.sawyersavings.bank/electronic-banking/zelle/"
"SC State Credit Union","SC State Credit Union","SC State Credit Union Zelle 37D S","true","true","https://www.scuonlinebanking.com/dbank/live/app/ql/all/23d2a24625","Active","https://enroll.zellepay.com/logos/zellepay/37D.png","","https://www.scuonlinebanking.com/dbank/live/app/ql/all/23d2a24625"
"Schaumburg Bank & Trust","Schaumburg Bank & Trust","Schaumburg Bank & Trust Zelle 0B4 S","true","true","https://www.wintrust.com/zelle.html","Active","https://enroll.zellepay.com/logos/zellepay/0B4.png","","https://www.wintrust.com/zelle.html"
"Schertz Bank & Trust","Schertz Bank & Trust","Schertz Bank & Trust Zelle 34S S","true","true","https://www.schertzbank.com/Zelle","Active","https://enroll.zellepay.com/logos/zellepay/34S.png","","https://www.schertzbank.com/Zelle"
"Schools Federal Credit Union","Schools Federal Credit Union","Schools Federal Credit Union Zelle 0V0 S","true","true","https://www.schoolsfcu.org/zelle","Active","https://enroll.zellepay.com/logos/zellepay/0V0.png","","https://www.schoolsfcu.org/zelle"
"SchoolsFirst FCU","SchoolsFirst FCU","SchoolsFirst FCU Zelle SFC S","true","true","https://www.schoolsfirstfcu.org/gateway/schoolsfirstfcu/products/digital-services/zelle","Active","https://enroll.zellepay.com/logos/zellepay/SFC.png","","https://www.schoolsfirstfcu.org/gateway/schoolsfirstfcu/products/digital-services/zelle"
"Schuyler Savings Bank","Schuyler Savings Bank","Schuyler Savings Bank Zelle 2OQ S","true","true","https://www.schuylersavings.com/zelle","Active","https://enroll.zellepay.com/logos/zellepay/2OQ.png","","https://www.schuylersavings.com/zelle"
"Scottsdale Community Bank","Scottsdale Community Bank","Scottsdale Community Bank Zelle JCL S","true","true","https://www.paymentsemails.com/ZelleOverviewMyFITool&jhID=91886&showVideo=1","Active","https://enroll.zellepay.com/logos/zellepay/JCL.png","","https://www.paymentsemails.com/ZelleOverviewMyFITool&jhID=91886&showVideo=1"
"Sea West Coast Guard FCU","Sea West Coast Guard FCU","Sea West Coast Guard FCU Zelle 25U S","true","true","https://seawest.coop/zelle/#panel-1","Active","https://enroll.zellepay.com/logos/zellepay/25U.png","","https://seawest.coop/zelle/#panel-1"
"Seacoast Bank","Seacoast Bank","Seacoast Bank Zelle 0A5 S","true","true","https://www.seacoastbank.com/personal/banking/zelle","Active","https://enroll.zellepay.com/logos/zellepay/0A5.png","","https://www.seacoastbank.com/personal/banking/zelle"
"Seaport Federal Credit Union","Seaport Federal Credit Union","Seaport Federal Credit Union Zelle 2IZ S","true","true","https://seaportfcu.org/products-services/","Active","https://enroll.zellepay.com/logos/zellepay/2IZ.png","","https://seaportfcu.org/products-services/"
"Seattle Credit Union","Seattle Credit Union","Seattle Credit Union Zelle 28A S","true","true","https://www.seattlecu.com/zelle","Active","https://enroll.zellepay.com/logos/zellepay/28A.png","","https://www.seattlecu.com/zelle"
"SECNY Federal Credit Union","SECNY Federal Credit Union","SECNY Federal Credit Union Zelle 2G7 S","true","true","https://secny.org","Active","https://enroll.zellepay.com/logos/zellepay/2G7.png","","https://secny.org"
"SECU of MD","SECU of MD","SECU of MD Zelle 2BP S","true","true","https://www.secumd.org/personal/banking/account-services/Zelle.aspx","Active","https://enroll.zellepay.com/logos/zellepay/2BP.png","","https://www.secumd.org/personal/banking/account-services/Zelle.aspx"
"Secured Advantage FCU","Secured Advantage FCU","Secured Advantage FCU Zelle 3CE S","true","true","https://securedadvantagefcu.com/zelle/","Active","https://enroll.zellepay.com/logos/zellepay/3CE.png","","https://securedadvantagefcu.com/zelle/"
"SECURITY BANK (OK)","SECURITY BANK (OK)","SECURITY BANK (OK) Zelle 0IJ S","true","true","https://www.sbtulsa.bank/zelle","Active","https://enroll.zellepay.com/logos/zellepay/0IJ.png","","https://www.sbtulsa.bank/zelle"
"Security Bank & Trust Company","Security Bank & Trust Company","Security Bank & Trust Company Zelle 3PJ S","true","true","https://securitybanktn.com/zelle/","Active","https://enroll.zellepay.com/logos/zellepay/3PJ.png","","https://securitybanktn.com/zelle/"
"Security Bank Laurel NE","Security Bank Laurel NE","Security Bank Laurel NE Zelle 2IC S","true","true","https://www.mysecurity.bank/ebanking/online-banking/zelle","Active","https://enroll.zellepay.com/logos/zellepay/2IC.png","","https://www.mysecurity.bank/ebanking/online-banking/zelle"
"Security Credit Union","Security Credit Union","Security Credit Union Zelle JCO S","true","true","https://cloud.paymentsemails.com/ZelleOverview?jhid=35588&showVideo=1","Active","https://enroll.zellepay.com/logos/zellepay/JCO.png","","https://cloud.paymentsemails.com/ZelleOverview?jhid=35588&showVideo=1"
"Security Federal Bank","Security Federal Bank","Security Federal Bank Zelle JCP S","true","true","https://www.paymentsemails.com/ZelleOverview?MyFITool&jhID=3156&showVideo=1","Active","https://enroll.zellepay.com/logos/zellepay/JCP.png","","https://www.paymentsemails.com/ZelleOverview?MyFITool&jhID=3156&showVideo=1"
"Security Financial Bank","Security Financial Bank","Security Financial Bank Zelle JCR S","true","true","https://cloud.paymentsemails.com/ZelleOverview?jhid=2978&showVideo=1","Active","https://enroll.zellepay.com/logos/zellepay/JCR.png","","https://cloud.paymentsemails.com/ZelleOverview?jhid=2978&showVideo=1"
"Security First Bank","Security First Bank","Security First Bank Zelle 0ES S","true","true","https://security1stbank.com/zelle","Active","https://enroll.zellepay.com/logos/zellepay/0ES.png","","https://security1stbank.com/zelle"
"Security First Credit Union","Security First Credit Union","Security First Credit Union Zelle 2QS S","true","true","https://www.securityfirstcu.com/zelle","Active","https://enroll.zellepay.com/logos/zellepay/2QS.png","","https://www.securityfirstcu.com/zelle"
"Security National Bank","Security National Bank","Security National Bank Zelle 2D2 S","true","true","https://securitynational.bank/zelle.html","Active","https://enroll.zellepay.com/logos/zellepay/2D2.png","","https://securitynational.bank/zelle.html"
"Security National Bank IA","Security National Bank IA","Security National Bank IA Zelle 0MT S","true","true","https://www.snbonline.com/checking/mobile-banking/zelle","Active","https://enroll.zellepay.com/logos/zellepay/0MT.png","","https://www.snbonline.com/checking/mobile-banking/zelle"
"Security National Bank of Enid","Security National Bank of Enid","Security National Bank of Enid Zelle 3PE S","true","true","https://snbenid.com/personal/online-banking/zelle","Active","https://enroll.zellepay.com/logos/zellepay/3PE.png","","https://snbenid.com/personal/online-banking/zelle"
"Security National Bank of SD","Security National Bank of SD","Security National Bank of SD Zelle 0MS S","true","true","https://www.snbsd.com/checking/mobile-banking/zelle","Active","https://enroll.zellepay.com/logos/zellepay/0MS.png","","https://www.snbsd.com/checking/mobile-banking/zelle"
"Security Savings Bank","Security Savings Bank","Security Savings Bank Zelle 0W1 S","true","true","https://www.securitysavings.com/online-services/services/zelle","Active","https://enroll.zellepay.com/logos/zellepay/0W1.png","","https://www.securitysavings.com/online-services/services/zelle"
"Security Service FCU","Security Service FCU","Security Service FCU Zelle SSF S","true","true","https://www.ssfcu.org/ZELLE","Active","https://enroll.zellepay.com/logos/zellepay/SSF.png","","https://www.ssfcu.org/ZELLE"
"Security State Bank - Wyoming","Security State Bank - Wyoming","Security State Bank - Wyoming Zelle 32L S","true","true","https://www.ssbwyo.bank/zelle/","Active","https://enroll.zellepay.com/logos/zellepay/32L.png","","https://www.ssbwyo.bank/zelle/"
"Security State Bank (Algona)","Security State Bank (Algona)","Security State Bank (Algona) Zelle 2YN S","true","true","https://bankssb.com/zellepay.html","Active","https://enroll.zellepay.com/logos/zellepay/2YN.png","","https://bankssb.com/zellepay.html"
"Security State Bank Hibbing","Security State Bank Hibbing","Security State Bank Hibbing Zelle 35C S","true","true","https://ssbhibbing.com/zelle.html","Active","https://enroll.zellepay.com/logos/zellepay/35C.png","","https://ssbhibbing.com/zelle.html"
"Security State Bank Radcliffe","Security State Bank Radcliffe","Security State Bank Radcliffe Zelle 33I S","true","true","https://ssbiowa.com/page/zelle","Active","https://enroll.zellepay.com/logos/zellepay/33I.png","","https://ssbiowa.com/page/zelle"
"Seiling State Bank","Seiling State Bank","Seiling State Bank Zelle 3NF S","true","true","https://www.seilingsb.com/Zelle","Active","https://enroll.zellepay.com/logos/zellepay/3NF.png","","https://www.seilingsb.com/Zelle"
"SELCO Community Credit Union","SELCO Community Credit Union","SELCO Community Credit Union Zelle JKB S","true","true","https://www.selco.org/digital-banking/send-money-with-zelle/","Active","https://enroll.zellepay.com/logos/zellepay/JKB.png","","https://www.selco.org/digital-banking/send-money-with-zelle/"
"Selfreliance FCU","Selfreliance FCU","Selfreliance FCU Zelle 0M1 S","true","true","https://www.selfreliance.com/zelle","Active","https://enroll.zellepay.com/logos/zellepay/0M1.png","","https://www.selfreliance.com/zelle"
"Seneca Savings Bank, N.A","Seneca Savings Bank, N.A","Seneca Savings Bank, N.A Zelle 2AB S","true","true","https://www.senecasavings.com/zelle/","Active","https://enroll.zellepay.com/logos/zellepay/2AB.png","","https://www.senecasavings.com/zelle/"
"Servbank","Servbank","Servbank Zelle 2V9 S","true","true","https://www.servbank.com/zelle","Active","https://enroll.zellepay.com/logos/zellepay/2V9.png","","https://www.servbank.com/zelle"
"Service First FCU","Service First FCU","Service First FCU Zelle 2M1 S","true","true","https://www.servicefirstfcu.org/zelle","Active","https://enroll.zellepay.com/logos/zellepay/2M1.png","","https://www.servicefirstfcu.org/zelle"
"SERVICECU","SERVICECU","SERVICECU Zelle 2FO S","true","true","https://servicecu.org/zelle/","Active","https://enroll.zellepay.com/logos/zellepay/2FO.png","","https://servicecu.org/zelle/"
"SF Fire Credit Union","SF Fire Credit Union","SF Fire Credit Union Zelle 0TM S","true","true","https://sffirecu.org/zelle","Active","https://enroll.zellepay.com/logos/zellepay/0TM.png","","https://sffirecu.org/zelle"
"Shared Resources Credit Union","Shared Resources Credit Union","Shared Resources Credit Union Zelle 3JL S","true","true","https://srcu.net/zelle","Active","https://enroll.zellepay.com/logos/zellepay/3JL.png","","https://srcu.net/zelle"
"Sharon Bank","Sharon Bank","Sharon Bank Zelle 3FZ S","true","true","https://www.sharonbank.com/services/personal-services/zelle.html","Active","https://enroll.zellepay.com/logos/zellepay/3FZ.png","","https://www.sharonbank.com/services/personal-services/zelle.html"
"Shelby County State Bank","Shelby County State Bank","Shelby County State Bank Zelle 3H3 S","true","true","https://www.scsbnet.com/digital-banking/zelle","Active","https://enroll.zellepay.com/logos/zellepay/3H3.png","","https://www.scsbnet.com/digital-banking/zelle"
"Shell Federal Credit Union","Shell Federal Credit Union","Shell Federal Credit Union Zelle J3R S","true","true","https://zelle.jhapaycenter.com/J3R.html","Active","https://enroll.zellepay.com/logos/zellepay/J3R.png","","https://zelle.jhapaycenter.com/J3R.html"
"Shell Lake State Bank","Shell Lake State Bank","Shell Lake State Bank Zelle 3EA S","true","true","https://shelllakestatebank.com/Zelle","Active","https://enroll.zellepay.com/logos/zellepay/3EA.png","","https://shelllakestatebank.com/Zelle"
"Sheridan Community Federal CU","Sheridan Community Federal CU","Sheridan Community Federal CU Zelle 0JD S","true","true","https://www.sheridancreditunion.com/zelle","Active","https://enroll.zellepay.com/logos/zellepay/0JD.png","","https://www.sheridancreditunion.com/zelle"
"Shinhan Bank America","Shinhan Bank America","Shinhan Bank America Zelle 3RS S","true","true","https://online.shbamerica.com/zelle","Active","https://enroll.zellepay.com/logos/zellepay/3RS.png","","https://online.shbamerica.com/zelle"
"Shore United Bank","Shore United Bank","Shore United Bank Zelle 2X7 S","true","true","https://www.shoreunitedbank.com/personal/zelle","Active","https://enroll.zellepay.com/logos/zellepay/2X7.png","","https://www.shoreunitedbank.com/personal/zelle"
"Sibley State Bank","Sibley State Bank","Sibley State Bank Zelle 3H4 S","true","true","https://www.sibleystatebank.com/digital-banking/zelle","Active","https://enroll.zellepay.com/logos/zellepay/3H4.png","","https://www.sibleystatebank.com/digital-banking/zelle"
"Sidney Federal Credit Union","Sidney Federal Credit Union","Sidney Federal Credit Union Zelle 0N6 S","true","true","https://sfcuonline.org/zelle","Active","https://enroll.zellepay.com/logos/zellepay/0N6.png","","https://sfcuonline.org/zelle"
"Sierra Central Credit Union","Sierra Central Credit Union","Sierra Central Credit Union Zelle 2C8 S","true","true","https://www.sierracentral.com/zelle-pay","Active","https://enroll.zellepay.com/logos/zellepay/2C8.png","","https://www.sierracentral.com/zelle-pay"
"Sierra Pacific FCU","Sierra Pacific FCU","Sierra Pacific FCU Zelle 0VH S","true","true","https://www.sierrapacificfcu.org/zelle","Active","https://enroll.zellepay.com/logos/zellepay/0VH.png","","https://www.sierrapacificfcu.org/zelle"
"Signature Bank","Signature Bank","Signature Bank Zelle J1R S","true","true","https://www.signaturebank.bank/zelle/","Active","https://enroll.zellepay.com/logos/zellepay/J1R.png","","https://www.signaturebank.bank/zelle/"
"Sikorsky Credit Union","Sikorsky Credit Union","Sikorsky Credit Union Zelle 3BU S","true","true","https://sikorskycu.org/zelle","Active","https://enroll.zellepay.com/logos/zellepay/3BU.png","","https://sikorskycu.org/zelle"
"Sikorsky Credit Union - SMB","Sikorsky Credit Union - SMB","Sikorsky Credit Union - SMB Zelle 3S5 S","true","true","https://www.sikorskycu.org/digital-services/online-banking/zelle","Active","https://enroll.zellepay.com/logos/zellepay/3S5.png","","https://www.sikorskycu.org/digital-services/online-banking/zelle"
"Silicon Valley Bank","Silicon Valley Bank","Silicon Valley Bank Zelle 2HF S","true","true","https://www.svb.com/private-bank/lp/zelle","Active","https://enroll.zellepay.com/logos/zellepay/2HF.png","","https://www.svb.com/private-bank/lp/zelle"
"Simmons Bank","Simmons Bank","Simmons Bank Zelle JCX S","true","true","https://zelle.jhapaycenter.com/JCX.html","Active","https://enroll.zellepay.com/logos/zellepay/JCX.png","","https://zelle.jhapaycenter.com/JCX.html"
"Simplicity Credit Union","Simplicity Credit Union","Simplicity Credit Union Zelle 0SL S","true","true","https://www.simplicity.coop/online-banking/zelle","Active","https://enroll.zellepay.com/logos/zellepay/0SL.png","","https://www.simplicity.coop/online-banking/zelle"
"SIU Credit Union","SIU Credit Union","SIU Credit Union Zelle 0IF S","true","true","https://siucu.org/zelle","Active","https://enroll.zellepay.com/logos/zellepay/0IF.png","","https://siucu.org/zelle"
"Skyla Credit Union","Skyla Credit Union","Skyla Credit Union Zelle 0PL S","true","true","https://www.skylacu.com/zelle","Active","https://enroll.zellepay.com/logos/zellepay/0PL.png","","https://www.skylacu.com/zelle"
"Skyline National Bank","Skyline National Bank","Skyline National Bank Zelle 2MG S","true","true","https://www.skylinenationalbank.bank/Zelle.aspx","Active","https://enroll.zellepay.com/logos/zellepay/2MG.png","","https://www.skylinenationalbank.bank/Zelle.aspx"
"SkyOne Federal Credit Union","SkyOne Federal Credit Union","SkyOne Federal Credit Union Zelle JIB S","true","true","https://www.paymentsemails.com/ZelleOverview?jhid=35920&showVideo=1","Active","https://enroll.zellepay.com/logos/zellepay/JIB.png","","https://www.paymentsemails.com/ZelleOverview?jhid=35920&showVideo=1"
"SLO Credit Union","SLO Credit Union","SLO Credit Union Zelle 0UJ S","true","true","https://slocu.com/zelle","Active","https://enroll.zellepay.com/logos/zellepay/0UJ.png","","https://slocu.com/zelle"
"Smart Financial Credit Union","Smart Financial Credit Union","Smart Financial Credit Union Zelle 0MQ S","true","true","https://smartcu.org/zelle","Active","https://enroll.zellepay.com/logos/zellepay/0MQ.png","","https://smartcu.org/zelle"
"SmartBank","SmartBank","SmartBank Zelle 0G7 S","true","true","https://smartbank.com/zelle","Active","https://enroll.zellepay.com/logos/zellepay/0G7.png","","https://smartbank.com/zelle"
"SNB Bank, N.A.","SNB Bank, N.A.","SNB Bank, N.A. Zelle 28B S","true","true","https://images.printable.com/nonimpositions/22712/403682/22712_403682_2zfvrwse_press.html#addFAQ","Active","https://enroll.zellepay.com/logos/zellepay/28B.png","","https://images.printable.com/nonimpositions/22712/403682/22712_403682_2zfvrwse_press.html#addFAQ"
"Sno Falls Credit Union","Sno Falls Credit Union","Sno Falls Credit Union Zelle 0I1 S","true","true","https://www.snofalls.com/zelle","Active","https://enroll.zellepay.com/logos/zellepay/0I1.png","","https://www.snofalls.com/zelle"
"Social Security CU","Social Security CU","Social Security CU Zelle 0US S","true","true","https://ssacu.com/zelle","Active","https://enroll.zellepay.com/logos/zellepay/0US.png","","https://ssacu.com/zelle"
"SoFi Bank","SoFi Bank","SoFi Bank Zelle 0PE S","true","true","https://www.sofi.com/banking/online-banking/zelle/","Active","https://enroll.zellepay.com/logos/zellepay/0PE.png","","https://www.sofi.com/banking/online-banking/zelle/"
"Solutions Bank","Solutions Bank","Solutions Bank Zelle 29U S","true","true","https://go.mysolutions.bank/zelle?__hstc=58173813.250e708aca8b6d6ab47ea1c588c23e3c.1645475876229.1645475876229.1645475876229.1&__hssc=58173813.5.1645475876230&__hsfp=1603130137","Active","https://enroll.zellepay.com/logos/zellepay/29U.png","","https://go.mysolutions.bank/zelle?__hstc=58173813.250e708aca8b6d6ab47ea1c588c23e3c.1645475876229.1645475876229.1645475876229.1&__hssc=58173813.5.1645475876230&__hsfp=1603130137"
"Solutions First Credit Union","Solutions First Credit Union","Solutions First Credit Union Zelle 3BJ S","true","true","https://www.solutionsfirstcu.com/zelle","Active","https://enroll.zellepay.com/logos/zellepay/3BJ.png","","https://www.solutionsfirstcu.com/zelle"
"Solvay Bank","Solvay Bank","Solvay Bank Zelle 3C6 S","true","true","https://www.solvaybank.com/services-tools/account-services/person-to-person-p2p-payments.html","Active","https://enroll.zellepay.com/logos/zellepay/3C6.png","","https://www.solvaybank.com/services-tools/account-services/person-to-person-p2p-payments.html"
"Somerset Federal Credit Union","Somerset Federal Credit Union","Somerset Federal Credit Union Zelle 3CC S","true","true","https://www.somersetfcu.com/payments-using-zelle/","Active","https://enroll.zellepay.com/logos/zellepay/3CC.png","","https://www.somersetfcu.com/payments-using-zelle/"
"Somerset Regal Bank","Somerset Regal Bank","Somerset Regal Bank Zelle 21P S","true","true","https://www.somersetregalbank.com/home/home","Active","https://enroll.zellepay.com/api/v1/ecm/sites/ecm/files/logos/override_uploads/21P-zellepay.png","","https://www.somersetregalbank.com/home/home"
"Somerville Bank","Somerville Bank","Somerville Bank Zelle 3C0 S","true","true","https://somervillebank.net/zelle","Active","https://enroll.zellepay.com/logos/zellepay/3C0.png","","https://somervillebank.net/zelle"
"Sound Community Bank","Sound Community Bank","Sound Community Bank Zelle 0PQ S","true","true","https://www.soundcb.com/zelle","Active","https://enroll.zellepay.com/logos/zellepay/0PQ.png","","https://www.soundcb.com/zelle"
"Sound Credit Union","Sound Credit Union","Sound Credit Union Zelle JRM S","true","true","https://www.soundcu.com/zelle/","Active","https://enroll.zellepay.com/logos/zellepay/JRM.png","","https://www.soundcu.com/zelle/"
"Sound Federal Credit Union","Sound Federal Credit Union","Sound Federal Credit Union Zelle 3BP S","true","true","https://mysoundcu.org/ebanking/","Active","https://enroll.zellepay.com/logos/zellepay/3BP.png","","https://mysoundcu.org/ebanking/"
"South Carolina FCU","South Carolina FCU","South Carolina FCU Zelle 2LD S","true","true","https://www.scfederal.org/zelle","Active","https://enroll.zellepay.com/logos/zellepay/2LD.png","","https://www.scfederal.org/zelle"
"South Central Bank","South Central Bank","South Central Bank Zelle 3EX S","true","true","https://www.southcentralbank.com/zelle","Active","https://enroll.zellepay.com/logos/zellepay/3EX.png","","https://www.southcentralbank.com/zelle"
"South Metro Federal CU","South Metro Federal CU","South Metro Federal CU Zelle 2MC S","true","true","https://www.southmet.com/zelle","Active","https://enroll.zellepay.com/logos/zellepay/2MC.png","","https://www.southmet.com/zelle"
"South Shore Bank","South Shore Bank","South Shore Bank Zelle 0TC S","true","true","https://www.southshorebank.com/zelle","Active","https://enroll.zellepay.com/logos/zellepay/0TC.png","","https://www.southshorebank.com/zelle"
"South Story Bank & Trust","South Story Bank & Trust","South Story Bank & Trust Zelle 2LT S","true","true","https://images.printable.com/nonimpositions/22712/403682/22712_403682_srykkc50_press.html","Active","https://enroll.zellepay.com/logos/zellepay/2LT.png","","https://images.printable.com/nonimpositions/22712/403682/22712_403682_srykkc50_press.html"
"Southeastern Credit Union","Southeastern Credit Union","Southeastern Credit Union Zelle JCZ S","true","true","https://southeasterncu.com/zelle","Active","https://enroll.zellepay.com/logos/zellepay/JCZ.png","","https://southeasterncu.com/zelle"
"Southern Bank","Southern Bank","Southern Bank Zelle 31L S","true","true","https://www.bankwithsouthern.com/zelle/","Active","https://enroll.zellepay.com/logos/zellepay/31L.png","","https://www.bankwithsouthern.com/zelle/"
"Southern Bank and Trust Co","Southern Bank and Trust Co","Southern Bank and Trust Co Zelle 0GM S","true","true","https://www.southernbank.com/zelle","Active","https://enroll.zellepay.com/logos/zellepay/0GM.png","","https://www.southernbank.com/zelle"
"Southern Bank of Tennessee","Southern Bank of Tennessee","Southern Bank of Tennessee Zelle JP9 S","true","true","https://www.southernbankoftn.com/resources/zelle","Active","https://enroll.zellepay.com/logos/zellepay/JP9.png","","https://www.southernbankoftn.com/resources/zelle"
"Southern Energy Credit Union","Southern Energy Credit Union","Southern Energy Credit Union Zelle 37X S","true","true","https://www.southernenergycu.org/zelle","Active","https://enroll.zellepay.com/logos/zellepay/37X.png","","https://www.southernenergycu.org/zelle"
"Southern Federal CU Tx","Southern Federal CU Tx","Southern Federal CU Tx Zelle 3HR S","true","true","https://www.southernfederalcu.org/zelle","Active","https://enroll.zellepay.com/logos/zellepay/3HR.png","","https://www.southernfederalcu.org/zelle"
"Southern First Bank","Southern First Bank","Southern First Bank Zelle 0DB S","true","true","https://www.southernfirst.com/zelle","Active","https://enroll.zellepay.com/logos/zellepay/0DB.png","","https://www.southernfirst.com/zelle"
"Southern Independent Bank","Southern Independent Bank","Southern Independent Bank Zelle 2TV S","true","true","https://www.southernindependentbank.com/zelle","Active","https://enroll.zellepay.com/logos/zellepay/2TV.png","","https://www.southernindependentbank.com/zelle"
"Southern Michigan Bank and Tru","Southern Michigan Bank and Tru","Southern Michigan Bank and Tru Zelle J0V S","true","true","https://zelle.jhapaycenter.com/J0V.html","Active","https://enroll.zellepay.com/logos/zellepay/J0V.png","","https://zelle.jhapaycenter.com/J0V.html"
"Southland Credit Union","Southland Credit Union","Southland Credit Union Zelle 0JL S","true","true","https://www.southlandcu.org/zelle","Active","https://enroll.zellepay.com/logos/zellepay/0JL.png","","https://www.southlandcu.org/zelle"
"SouthPoint Financial CU","SouthPoint Financial CU","SouthPoint Financial CU Zelle 2EC S","true","true","https://www.southpointfinancial.com/zelle/","Active","https://enroll.zellepay.com/logos/zellepay/2EC.png","","https://www.southpointfinancial.com/zelle/"
"Southside Bank","Southside Bank","Southside Bank Zelle 2XK S","true","true","https://www.southside.com/zelle/","Active","https://enroll.zellepay.com/logos/zellepay/2XK.png","","https://www.southside.com/zelle/"
"SouthStar Bank","SouthStar Bank","SouthStar Bank Zelle 2ZZ S","true","true","https://southstarbank.com/zelle","Active","https://enroll.zellepay.com/logos/zellepay/2ZZ.png","","https://southstarbank.com/zelle"
"SouthState","SouthState","SouthState Zelle 22N S","true","true","https://www.southstatebank.com/personal/bank/online-and-mobile-banking/zelle","Active","https://enroll.zellepay.com/logos/zellepay/22N.png","","https://www.southstatebank.com/personal/bank/online-and-mobile-banking/zelle"
"SouthTrust Bank","SouthTrust Bank","SouthTrust Bank Zelle JNR S","true","true","https://www.southtrust.com/zelle","Active","https://enroll.zellepay.com/logos/zellepay/JNR.png","","https://www.southtrust.com/zelle"
"Southwest Airlines FCU","Southwest Airlines FCU","Southwest Airlines FCU Zelle JQE S","true","true","https://images.printable.com/nonimpositions/22953/486463/22953_486463_si4csgno_press.html","Active","https://enroll.zellepay.com/logos/zellepay/JQE.png","","https://images.printable.com/nonimpositions/22953/486463/22953_486463_si4csgno_press.html"
"SouthWest Bank","SouthWest Bank","SouthWest Bank Zelle JMB S","true","true","https://southwest.bank/zelle","Active","https://enroll.zellepay.com/logos/zellepay/JMB.png","","https://southwest.bank/zelle"
"Southwest Financial FCU","Southwest Financial FCU","Southwest Financial FCU Zelle 0PM S","true","true","https://www.swfinancial.org/zelle","Active","https://enroll.zellepay.com/logos/zellepay/0PM.png","","https://www.swfinancial.org/zelle"
"Southwest Louisiana CU","Southwest Louisiana CU","Southwest Louisiana CU Zelle 2Q1 S","true","true","https://www.swlacu.com/zelle","Active","https://enroll.zellepay.com/logos/zellepay/2Q1.png","","https://www.swlacu.com/zelle"
"Southwest Missouri Bank","Southwest Missouri Bank","Southwest Missouri Bank Zelle JD0 S","true","true","https://www.smbonline.com/online/zelle","Active","https://enroll.zellepay.com/logos/zellepay/JD0.png","","https://www.smbonline.com/online/zelle"
"Southwest National Bank","Southwest National Bank","Southwest National Bank Zelle 0OD S","true","true","https://www.southwestnb.com/zelle","Active","https://enroll.zellepay.com/logos/zellepay/0OD.png","","https://www.southwestnb.com/zelle"
"Southwest Oklahoma FCU","Southwest Oklahoma FCU","Southwest Oklahoma FCU Zelle 2TM S","true","true","https://images.printable.com/nonimpositions/22712/437571/22712_437571_vs3wxwpi_press.html","Active","https://enroll.zellepay.com/logos/zellepay/2TM.png","","https://images.printable.com/nonimpositions/22712/437571/22712_437571_vs3wxwpi_press.html"
"Southwestern National Bank","Southwestern National Bank","Southwestern National Bank Zelle 0EI S","true","true","https://www.swnbk.com/additional-services/zelle","Active","https://enroll.zellepay.com/logos/zellepay/0EI.png","","https://www.swnbk.com/additional-services/zelle"
"Sovereign Bank","Sovereign Bank","Sovereign Bank Zelle 2MX S","true","true","https://images.printable.com/nonimpositions/22712/423796/22712_423796_kabe3xoo_press.html","Active","https://enroll.zellepay.com/logos/zellepay/2MX.png","","https://images.printable.com/nonimpositions/22712/423796/22712_423796_kabe3xoo_press.html"
"Sovita Credit Union","Sovita Credit Union","Sovita Credit Union Zelle JND S","true","true","https://www.sovitacu.org/zelle","Active","https://enroll.zellepay.com/logos/zellepay/JND.png","","https://www.sovitacu.org/zelle"
"Space City Credit Union","Space City Credit Union","Space City Credit Union Zelle 2KP S","true","true","https://www.spacecitycu.com/zelle/","Active","https://enroll.zellepay.com/logos/zellepay/2KP.png","","https://www.spacecitycu.com/zelle/"
"Space Coast Credit Union","Space Coast Credit Union","Space Coast Credit Union Zelle 2VH S","true","true","https://www.sccu.com/Zelle","Active","https://enroll.zellepay.com/logos/zellepay/2VH.png","","https://www.sccu.com/Zelle"
"Spectrum Credit Union","Spectrum Credit Union","Spectrum Credit Union Zelle JH6 S","true","true","https://zelle.jhapaycenter.com/JH6.html","Active","https://enroll.zellepay.com/logos/zellepay/JH6.png","","https://zelle.jhapaycenter.com/JH6.html"
"Spencer County Bank","Spencer County Bank","Spencer County Bank Zelle 34G S","true","true","https://www.spencercountybank.com/Zelle","Active","https://enroll.zellepay.com/logos/zellepay/34G.png","","https://www.spencercountybank.com/Zelle"
"Spencer Savings Bank","Spencer Savings Bank","Spencer Savings Bank Zelle 3G3 S","true","true","https://www.spencersavings.com/personal-banking/zelle/","Active","https://enroll.zellepay.com/logos/zellepay/3G3.png","","https://www.spencersavings.com/personal-banking/zelle/"
"SpiritBank","SpiritBank","SpiritBank Zelle 2NL S","true","true","https://www.spiritbank.com/ebranch-services/zelle/","Active","https://enroll.zellepay.com/logos/zellepay/2NL.png","","https://www.spiritbank.com/ebranch-services/zelle/"
"SPRATT SAVINGS BANK","SPRATT SAVINGS BANK","SPRATT SAVINGS BANK Zelle 2P5 S","true","true","https://www.sprattsavingsbank.com/zelle/","Active","https://enroll.zellepay.com/logos/zellepay/2P5.png","","https://www.sprattsavingsbank.com/zelle/"
"Spring Bank","Spring Bank","Spring Bank Zelle 0N5 S","true","true","https://spring.bank/zelle","Active","https://enroll.zellepay.com/logos/zellepay/0N5.png","","https://spring.bank/zelle"
"Spring Bank Brookfield WI","Spring Bank Brookfield WI","Spring Bank Brookfield WI Zelle JQY S","true","true","https://springbankwi.com/zelle-landing-page","Active","https://enroll.zellepay.com/logos/zellepay/JQY.png","","https://springbankwi.com/zelle-landing-page"
"Springfield State Bank","Springfield State Bank","Springfield State Bank Zelle 3AW S","true","true","https://www.springfieldstate.bank/zelle","Active","https://enroll.zellepay.com/logos/zellepay/3AW.png","","https://www.springfieldstate.bank/zelle"
"Springs Valley Bank & Trust Co","Springs Valley Bank & Trust Co","Springs Valley Bank & Trust Co Zelle 22Z S","true","true","https://www.svbt.bank/Zelle.aspx","Active","https://enroll.zellepay.com/logos/zellepay/22Z.png","","https://www.svbt.bank/Zelle.aspx"
"SSB Kenyon","SSB Kenyon","SSB Kenyon Zelle 27I S","true","true","https://www.ssbkenyon.com/zelle/","Active","https://enroll.zellepay.com/logos/zellepay/27I.png","","https://www.ssbkenyon.com/zelle/"
"ST ANSGAR STATE BANK","ST ANSGAR STATE BANK","ST ANSGAR STATE BANK Zelle 2NW S","true","true","https://www.stansgarbank.com/Zelle","Active","https://enroll.zellepay.com/logos/zellepay/2NW.png","","https://www.stansgarbank.com/Zelle"
"St Louis Bank","St Louis Bank","St Louis Bank Zelle 3KE S","true","true","https://www.stlouisbank.com/Zelle","Active","https://enroll.zellepay.com/logos/zellepay/3KE.png","","https://www.stlouisbank.com/Zelle"
"St Marys Credit Union","St Marys Credit Union","St Marys Credit Union Zelle 29P S","true","true","https://www.stmaryscu.org/services-tools/account-services/zelle.html","Active","https://enroll.zellepay.com/logos/zellepay/29P.png","","https://www.stmaryscu.org/services-tools/account-services/zelle.html"
"St Simons Bank & Trust","St Simons Bank & Trust","St Simons Bank & Trust Zelle JJZ S","true","true","https://www.stsimonsbank.com","Active","https://enroll.zellepay.com/api/v1/ecm/sites/ecm/files/logos/override_uploads/stsimonsbank%26trust-zellepay.png","","https://www.stsimonsbank.com"
"St. Annes CU","St. Annes CU","St. Annes CU Zelle 28G S","true","true","https://www.stannes.com/zelle","Active","https://enroll.zellepay.com/logos/zellepay/28G.png","","https://www.stannes.com/zelle"
"St. Charles Bank & Trust","St. Charles Bank & Trust","St. Charles Bank & Trust Zelle 0B5 S","true","true","https://www.wintrust.com/zelle.html","Active","https://enroll.zellepay.com/logos/zellepay/0B5.png","","https://www.wintrust.com/zelle.html"
"Staley Credit Union","Staley Credit Union","Staley Credit Union Zelle 2OB S","true","true","https://www.staleycu.com/digital/mobile-payment-services/mobile-wallet-banking-service/zelle-app/","Active","https://enroll.zellepay.com/logos/zellepay/2OB.png","","https://www.staleycu.com/digital/mobile-payment-services/mobile-wallet-banking-service/zelle-app/"
"Stanford Federal Credit Union","Stanford Federal Credit Union","Stanford Federal Credit Union Zelle 0NJ S","true","true","https://www.sfcu.org/zelle","Active","https://enroll.zellepay.com/api/v1/ecm/sites/ecm/files/logos/override_uploads/0NJ-zellepay.png","","https://www.sfcu.org/zelle"
"STAR Financial Bank","STAR Financial Bank","STAR Financial Bank Zelle JIL S","true","true","https://www.paymentsemails.com/ZelleOverview?jhid=5641&showVideo=1","Active","https://enroll.zellepay.com/logos/zellepay/JIL.png","","https://www.paymentsemails.com/ZelleOverview?jhid=5641&showVideo=1"
"STAR Financial Credit Union","STAR Financial Credit Union","STAR Financial Credit Union Zelle 36D S","true","true","https://starcu.org/resources/zelle","Active","https://enroll.zellepay.com/logos/zellepay/36D.png","","https://starcu.org/resources/zelle"
"Star One","Star One","Star One Zelle STO S","true","true","https://www.starone.org/banking/zelle","Active","https://enroll.zellepay.com/api/v1/ecm/sites/ecm/files/logos/override_uploads/STO_1.png","","https://www.starone.org/banking/zelle"
"Starion Bank","Starion Bank","Starion Bank Zelle 21S S","true","true","https://starionbank.com/home.aspx","Active","https://enroll.zellepay.com/logos/zellepay/21S.png","","https://starionbank.com/home.aspx"
"StarUsa Federal Credit Union","StarUsa Federal Credit Union","StarUsa Federal Credit Union Zelle 2US S","true","true","https://www.starusafcu.com/zelle","Active","https://enroll.zellepay.com/logos/zellepay/2US.png","","https://www.starusafcu.com/zelle"
"State Bank","State Bank","State Bank Zelle JJ3 S","true","true","https://www.paymentsemails.com/ZelleOverview?MyFITool&jhID=47769&showVideo=1","Active","https://enroll.zellepay.com/logos/zellepay/JJ3.png","","https://www.paymentsemails.com/ZelleOverview?MyFITool&jhID=47769&showVideo=1"
"State Bank (IL/MO)","State Bank (IL/MO)","State Bank (IL/MO) Zelle 3R0 S","true","true","https://www.sbw.bank/zelle","Active","https://enroll.zellepay.com/logos/zellepay/3R0.png","","https://www.sbw.bank/zelle"
"State Bank and Trust Company","State Bank and Trust Company","State Bank and Trust Company Zelle 3DW S","true","true","https://www.yourstatebank.com/personal/bank/zelle","Active","https://enroll.zellepay.com/logos/zellepay/3DW.png","","https://www.yourstatebank.com/personal/bank/zelle"
"State Bank Financial","State Bank Financial","State Bank Financial Zelle 0JS S","true","true","https://www.statebankfinancial.bank/zelle","Active","https://enroll.zellepay.com/logos/zellepay/0JS.png","","https://www.statebankfinancial.bank/zelle"
"State Bank of Graymont","State Bank of Graymont","State Bank of Graymont Zelle 2Y0 S","true","true","https://www.sbofgray.com/zelle","Active","https://enroll.zellepay.com/logos/zellepay/2Y0.png","","https://www.sbofgray.com/zelle"
"State Bank of India California","State Bank of India California","State Bank of India California Zelle 0TZ S","true","true","https://www.sbical.bank","Active","https://enroll.zellepay.com/logos/zellepay/0TZ.png","","https://www.sbical.bank"
"State Bank of Southern Utah","State Bank of Southern Utah","State Bank of Southern Utah Zelle 0FG S","true","true","https://www.sbsu.com/zelle","Active","https://enroll.zellepay.com/logos/zellepay/0FG.png","","https://www.sbsu.com/zelle"
"State Bank of The Lakes","State Bank of The Lakes","State Bank of The Lakes Zelle 0B6 S","true","true","https://www.wintrust.com/zelle.html","Active","https://enroll.zellepay.com/logos/zellepay/0B6.png","","https://www.wintrust.com/zelle.html"
"State Bank of Toledo","State Bank of Toledo","State Bank of Toledo Zelle 3DK S","true","true","https://banktoledo.com/zelle","Active","https://enroll.zellepay.com/logos/zellepay/3DK.png","","https://banktoledo.com/zelle"
"State Bank WY","State Bank WY","State Bank WY Zelle 34X S","true","true","https://www.statebankwy.com/zelle","Active","https://enroll.zellepay.com/logos/zellepay/34X.png","","https://www.statebankwy.com/zelle"
"State Department Federal Credi","State Department Federal Credi","State Department Federal Credi Zelle JN2 S","true","true","https://prelaunch.sdfcu.org/zelle","Active","https://enroll.zellepay.com/logos/zellepay/JN2.png","","https://prelaunch.sdfcu.org/zelle"
"State ECU NM","State ECU NM","State ECU NM Zelle 3D7 S","true","true","https://www.secunm.org/zelle.html","Active","https://enroll.zellepay.com/logos/zellepay/3D7.png","","https://www.secunm.org/zelle.html"
"State Police Credit Union","State Police Credit Union","State Police Credit Union Zelle 2Y1 S","true","true","https://www.cspcu.org/zelle","Active","https://enroll.zellepay.com/logos/zellepay/2Y1.png","","https://www.cspcu.org/zelle"
"State Savings Bank","State Savings Bank","State Savings Bank Zelle 0SP S","true","true","https://ssbankmi.com/zelle","Active","https://enroll.zellepay.com/logos/zellepay/0SP.png","","https://ssbankmi.com/zelle"
"Stearns Bank N.A.","Stearns Bank N.A.","Stearns Bank N.A. Zelle 3R5 S","true","true","https://stearnsbank.com/zelle","Active","https://enroll.zellepay.com/logos/zellepay/3R5.png","","https://stearnsbank.com/zelle"
"Stellar Bank","Stellar Bank","Stellar Bank Zelle J32 S","true","true","https://alb.sam-cms.com/staged/stellar.bank/Personal/Banking/Online-Banking/Zelle/","Active","https://enroll.zellepay.com/logos/zellepay/J32.png","","https://alb.sam-cms.com/staged/stellar.bank/Personal/Banking/Online-Banking/Zelle/"
"Stephenson National B&T","Stephenson National B&T","Stephenson National B&T Zelle JPQ S","true","true","https://www.snbt.com/personal/online-banking/zelle","Active","","","https://www.snbt.com/personal/online-banking/zelle"
"Sterling State Bank","Sterling State Bank","Sterling State Bank Zelle 3QY S","true","true","https://www.sterlingstate.bank/zelle/","Active","https://enroll.zellepay.com/logos/zellepay/3QY.png","","https://www.sterlingstate.bank/zelle/"
"Stifel Bank","Stifel Bank","Stifel Bank Zelle 3JH S","true","true","https://www.stifel.com/tracker/support/zelle","Active","https://enroll.zellepay.com/logos/zellepay/3JH.png","","https://www.stifel.com/tracker/support/zelle"
"Stifel, Nicolaus & Company, Inc.","Stifel, Nicolaus & Company, Inc.","Stifel, Nicolaus & Company, Inc. Zelle 3KM S","true","true","https://www.stifel.com/tracker/support/zelle","Active","https://enroll.zellepay.com/api/v1/ecm/sites/ecm/files/logos/override_uploads/3KM-zellepay.png","","https://www.stifel.com/tracker/support/zelle"
"Stock Yards Bank & Trust","Stock Yards Bank & Trust","Stock Yards Bank & Trust Zelle 3PY S","true","true","https://www.syb.com/ZELLE","Active","https://enroll.zellepay.com/logos/zellepay/3PY.png","","https://www.syb.com/ZELLE"
"Stockman Bank of Montana","Stockman Bank of Montana","Stockman Bank of Montana Zelle 20E S","true","true","https://www.stockmanbank.com/zelle","Active","https://enroll.zellepay.com/logos/zellepay/20E.png","","https://www.stockmanbank.com/zelle"
"Stockmens Bank (CO)","Stockmens Bank (CO)","Stockmens Bank (CO) Zelle JKN S","true","true","https://www.paymentsemails.com/ZelleOverview?MyFITool&jhID=3848&showVideo=1","Active","https://enroll.zellepay.com/logos/zellepay/JKN.png","","https://www.paymentsemails.com/ZelleOverview?MyFITool&jhID=3848&showVideo=1"
"Stone Bank","Stone Bank","Stone Bank Zelle JMV S","true","true","https://www.stonebank.com/zelle/","Active","https://enroll.zellepay.com/logos/zellepay/JMV.png","","https://www.stonebank.com/zelle/"
"StonehamBank","StonehamBank","StonehamBank Zelle 36T S","true","true","https://www.stonehambank.com/zelle","Active","https://enroll.zellepay.com/logos/zellepay/36T.png","","https://www.stonehambank.com/zelle"
"Story Financial Partners","Story Financial Partners","Story Financial Partners Zelle 0PC S","true","true","https://www.story.bank/zelle","Active","https://enroll.zellepay.com/logos/zellepay/0PC.png","","https://www.story.bank/zelle"
"Sturgis Bank","Sturgis Bank","Sturgis Bank Zelle 34R S","true","true","https://www.sturgis.bank/zelle","Active","https://enroll.zellepay.com/logos/zellepay/34R.png","","https://www.sturgis.bank/zelle"
"Suffolk Credit Union","Suffolk Credit Union","Suffolk Credit Union Zelle 2UI S","true","true","https://www.suffolkcu.org/bank/benefits/zelle","Active","https://enroll.zellepay.com/logos/zellepay/2UI.png","","https://www.suffolkcu.org/bank/benefits/zelle"
"Sullivan Bank","Sullivan Bank","Sullivan Bank Zelle 2B1 S","true","true","https://www.sullivanbank.com/zelle","Active","https://enroll.zellepay.com/logos/zellepay/2B1.png","","https://www.sullivanbank.com/zelle"
"SUMA (Yonkers) FCU","SUMA (Yonkers) FCU","SUMA (Yonkers) FCU Zelle J1Y S","true","true","https://zelle.jhapaycenter.com/J1Y.html","Active","https://enroll.zellepay.com/logos/zellepay/J1Y.png","","https://zelle.jhapaycenter.com/J1Y.html"
"Summit Bank","Summit Bank","Summit Bank Zelle 2U5 S","true","true","https://www.sbko.bank/business-banking-with-summit-bank-eugene-and-bend-oregon-community-bank/send-and-receive-money-with-zelle/","Active","https://enroll.zellepay.com/logos/zellepay/2U5.png","","https://www.sbko.bank/business-banking-with-summit-bank-eugene-and-bend-oregon-community-bank/send-and-receive-money-with-zelle/"
"Summit Credit Union (NC)","Summit Credit Union (NC)","Summit Credit Union (NC) Zelle 0O8 S","true","true","https://www.summitcu.org/connect/digital-banking/mobile-banking/personal-payment","Active","https://enroll.zellepay.com/logos/zellepay/0O8.png","","https://www.summitcu.org/connect/digital-banking/mobile-banking/personal-payment"
"Summit Credit Union (WI)","Summit Credit Union (WI)","Summit Credit Union (WI) Zelle 0IT S","true","true","https://www.summitcreditunion.com/zelle","Active","https://enroll.zellepay.com/logos/zellepay/0IT.png","","https://www.summitcreditunion.com/zelle"
"Sun Community FCU","Sun Community FCU","Sun Community FCU Zelle 0OE S","true","true","https://www.suncommunityfcu.org/resources/account-services/zelle.aspx","Active","https://enroll.zellepay.com/logos/zellepay/0OE.png","","https://www.suncommunityfcu.org/resources/account-services/zelle.aspx"
"Sundance State Bank","Sundance State Bank","Sundance State Bank Zelle 34K S","true","true","https://www.sundancestate.bank/zelle","Active","https://enroll.zellepay.com/logos/zellepay/34K.png","","https://www.sundancestate.bank/zelle"
"Sunflower Bank, N.A.","Sunflower Bank, N.A.","Sunflower Bank, N.A. Zelle 2GJ S","true","true","https://www.sunflowerbank.com/personal/online-mobile-banking/zelle/","Active","https://enroll.zellepay.com/logos/zellepay/2GJ.png","","https://www.sunflowerbank.com/personal/online-mobile-banking/zelle/"
"Sunnyside Federal","Sunnyside Federal","Sunnyside Federal Zelle 3BZ S","true","true","https://www.sunnysidefederal.com/Zelle","Active","https://enroll.zellepay.com/logos/zellepay/3BZ.png","","https://www.sunnysidefederal.com/Zelle"
"SunState","SunState","SunState Zelle 0FV S","true","true","https://www.sunstatefl.com/personal-banking/other-services/zelle","Active","https://enroll.zellepay.com/logos/zellepay/0FV.png","","https://www.sunstatefl.com/personal-banking/other-services/zelle"
"Sunward CU","Sunward CU","Sunward CU Zelle 0HN S","true","true","https://gosunward.org/zelle","Active","https://enroll.zellepay.com/logos/zellepay/0HN.png","","https://gosunward.org/zelle"
"SunWest Federal Credit Union","SunWest Federal Credit Union","SunWest Federal Credit Union Zelle 2C1 S","true","true","https://www.mysunwest.com/zelle","Active","https://enroll.zellepay.com/logos/zellepay/2C1.png","","https://www.mysunwest.com/zelle"
"Superior Choice Credit Union","Superior Choice Credit Union","Superior Choice Credit Union Zelle 2P2 S","true","true","https://www.superiorchoice.com/zelle","Active","https://enroll.zellepay.com/logos/zellepay/2P2.png","","https://www.superiorchoice.com/zelle"
"Superior National Bank","Superior National Bank","Superior National Bank Zelle 3PA S","true","true","https://www.snb-t.com/zelle/","Active","https://enroll.zellepay.com/logos/zellepay/3PA.png","","https://www.snb-t.com/zelle/"
"Surety Bank","Surety Bank","Surety Bank Zelle 3LM S","true","true","https://www.surety.bank/zelle","Active","https://enroll.zellepay.com/logos/zellepay/3LM.png","","https://www.surety.bank/zelle"
"Susser Bank","Susser Bank","Susser Bank Zelle JIJ S","true","true","https://www.paymentsemails.com/ZelleOverview?jhid=55499&showVideo=1","Active","https://enroll.zellepay.com/logos/zellepay/JIJ.png","","https://www.paymentsemails.com/ZelleOverview?jhid=55499&showVideo=1"
"Sutton Bank","Sutton Bank","Sutton Bank Zelle 2SP S","true","true","https://www.suttonbank.com/services-tools/personal-services/Zelle.html","Active","https://enroll.zellepay.com/logos/zellepay/2SP.png","","https://www.suttonbank.com/services-tools/personal-services/Zelle.html"
"SylvaniaAreaFCU","SylvaniaAreaFCU","SylvaniaAreaFCU Zelle 3N0 S","true","true","https://www.sylvaniaareafcu.com/zelle","Active","https://enroll.zellepay.com/logos/zellepay/3N0.png","","https://www.sylvaniaareafcu.com/zelle"
"Synergy FCU","Synergy FCU","Synergy FCU Zelle 2FQ S","true","true","https://www.synergyfcu.org/Services/Zelle","Active","https://enroll.zellepay.com/logos/zellepay/2FQ.png","","https://www.synergyfcu.org/Services/Zelle"
"Synovus Bank","Synovus Bank","Synovus Bank Zelle SNV S","true","true","https://www.synovus.com/","Active","https://enroll.zellepay.com/logos/zellepay/SNV.png","","https://www.synovus.com/"
"Syracuse Fire Dept CU","Syracuse Fire Dept CU","Syracuse Fire Dept CU Zelle 2LV S","true","true","https://www.syrfirecu.com/services/zelle/","Active","https://enroll.zellepay.com/logos/zellepay/2LV.png","","https://www.syrfirecu.com/services/zelle/"
"T Bank","T Bank","T Bank Zelle JQH T","true","true","https://t.bank/zelle","Active","https://enroll.zellepay.com/logos/zellepay/JQH.png","","https://t.bank/zelle"
"T M H Federal Credit Union","T M H Federal Credit Union","T M H Federal Credit Union Zelle 2WL T","true","true","https://www.tmhfcu.org/zelle","Active","https://enroll.zellepay.com/logos/zellepay/2WL.png","","https://www.tmhfcu.org/zelle"
"Tallahassee National Bank","Tallahassee National Bank","Tallahassee National Bank Zelle JJY T","true","true","https://www.tallahasseenationalbank.com","Active","https://enroll.zellepay.com/api/v1/ecm/sites/ecm/files/logos/override_uploads/tallahasseenationalbank-zellepay.png","","https://www.tallahasseenationalbank.com"
"Tandem","Tandem","Tandem Zelle 2Q8 T","true","true","https://www.tandemfcu.com/page/30/zelle","Active","https://enroll.zellepay.com/logos/zellepay/2Q8.png","","https://www.tandemfcu.com/page/30/zelle"
"TAP FCU","TAP FCU","TAP FCU Zelle 31C T","true","true","https://www.tapfcu.coop/personal/zelle","Active","https://enroll.zellepay.com/logos/zellepay/31C.png","","https://www.tapfcu.coop/personal/zelle"
"TAPCO CU","TAPCO CU","TAPCO CU Zelle 26D T","true","true","https://www.tapcocu.org/personal/online-mobile-banking/zelle","Active","https://enroll.zellepay.com/logos/zellepay/26D.png","","https://www.tapcocu.org/personal/online-mobile-banking/zelle"
"Target Credit union","Target Credit union","Target Credit union Zelle JH2 T","true","true","https://zelle.jhapaycenter.com/JH2.html","Active","https://enroll.zellepay.com/api/v1/ecm/sites/ecm/files/logos/override_uploads/JH2_720x320.png","","https://zelle.jhapaycenter.com/JH2.html"
"Tarrant County s Credit Union","Tarrant County s Credit Union","Tarrant County s Credit Union Zelle 3B6 T","true","true","https://tccu-tx.com/zelle/","Active","https://enroll.zellepay.com/logos/zellepay/3B6.png","","https://tccu-tx.com/zelle/"
"Taylor Bank","Taylor Bank","Taylor Bank Zelle JKD T","true","true","https://www.paymentsemails.com/ZelleOverview?MyFITool&jhID=3826&showVideo=1","Active","https://enroll.zellepay.com/logos/zellepay/JKD.png","","https://www.paymentsemails.com/ZelleOverview?MyFITool&jhID=3826&showVideo=1"
"Taylor County Bank","Taylor County Bank","Taylor County Bank Zelle JLV T","true","true","https://taylorcountybank.com//index.cfm/zelle.html","Active","https://enroll.zellepay.com/logos/zellepay/JLV.png","","https://taylorcountybank.com//index.cfm/zelle.html"
"TBK Bank, SSB","TBK Bank, SSB","TBK Bank, SSB Zelle 20I T","true","true","https://www.tbkbank.com/personal/digital-services/zelle/","Active","https://enroll.zellepay.com/logos/zellepay/20I.png","","https://www.tbkbank.com/personal/digital-services/zelle/"
"TCBT","TCBT","TCBT Zelle JLW T","true","true","https://www.mytcbt.bank/zelle","Active","https://enroll.zellepay.com/logos/zellepay/JLW.png","","https://www.mytcbt.bank/zelle"
"TD Bank N.A.","TD Bank N.A.","TD Bank N.A. Zelle TDP T","true","true","https://m.tdbank.com/sendmoneywithzelle/","Active","https://enroll.zellepay.com/logos/zellepay/TDP.png","","https://m.tdbank.com/sendmoneywithzelle/"
"TDECU","TDECU","TDECU Zelle 2S7 T","true","true","https://www.tdecu.org/digital-banking/zelle/","Active","https://enroll.zellepay.com/logos/zellepay/2S7.png","","https://www.tdecu.org/digital-banking/zelle/"
"Technology Credit Union","Technology Credit Union","Technology Credit Union Zelle 3KP T","true","true","https://www.techcu.com/zelle","Active","https://enroll.zellepay.com/logos/zellepay/3KP.png","","https://www.techcu.com/zelle"
"TEG Federal Credit Union","TEG Federal Credit Union","TEG Federal Credit Union Zelle JKZ T","true","true","https://www.paymentsemails.com/ZelleOverview?jhid=48092&showVideo=1","Active","https://enroll.zellepay.com/logos/zellepay/JKZ.png","","https://www.paymentsemails.com/ZelleOverview?jhid=48092&showVideo=1"
"TelComm Credit Union","TelComm Credit Union","TelComm Credit Union Zelle 2Q5 T","true","true","https://telcommcu.com/online-features/free-tcu-online-bill-pay/zelle/","Active","https://enroll.zellepay.com/logos/zellepay/2Q5.png","","https://telcommcu.com/online-features/free-tcu-online-bill-pay/zelle/"
"Telhio Credit Union","Telhio Credit Union","Telhio Credit Union Zelle 2T2 T","true","true","https://www.telhio.org/zelle","Active","https://enroll.zellepay.com/logos/zellepay/2T2.png","","https://www.telhio.org/zelle"
"Tensas State Bank","Tensas State Bank","Tensas State Bank Zelle 0SB T","true","true","https://www.tensas.com/zelle","Active","https://enroll.zellepay.com/logos/zellepay/0SB.png","","https://www.tensas.com/zelle"
"Terrabank","Terrabank","Terrabank Zelle 0C4 T","true","true","https://www.terrabank.com/Personal/OtherServices.aspx","Active","https://enroll.zellepay.com/logos/zellepay/0C4.png","","https://www.terrabank.com/Personal/OtherServices.aspx"
"Territorial Savings Bank","Territorial Savings Bank","Territorial Savings Bank Zelle 24A T","true","true","https://tsbhawaii.bank/zelle","Active","https://enroll.zellepay.com/logos/zellepay/24A.png","","https://tsbhawaii.bank/zelle"
"Tewksbury FCU","Tewksbury FCU","Tewksbury FCU Zelle 2SS T","true","true","https://www.tewksburyfcu.com/zelle","Active","https://enroll.zellepay.com/logos/zellepay/2SS.png","","https://www.tewksburyfcu.com/zelle"
"Texana Bank","Texana Bank","Texana Bank Zelle JRU T","true","true","https://texanabank.com/zelle/","Active","https://enroll.zellepay.com/logos/zellepay/JRU.png","","https://texanabank.com/zelle/"
"Texans Credit Union","Texans Credit Union","Texans Credit Union Zelle JJ5 T","true","true","https://www.paymentsemails.com/ZelleOverview?jhid=45567&showVideo=1","Active","https://enroll.zellepay.com/logos/zellepay/JJ5.png","","https://www.paymentsemails.com/ZelleOverview?jhid=45567&showVideo=1"
"Texas Advantage Community Bank","Texas Advantage Community Bank","Texas Advantage Community Bank Zelle 31X T","true","true","https://texasadvantagecommunitybank.com/zelle.aspx","Active","https://enroll.zellepay.com/logos/zellepay/31X.png","","https://texasadvantagecommunitybank.com/zelle.aspx"
"Texas Bank","Texas Bank","Texas Bank Zelle JOW T","true","true","https://texasbnk.com/zelle","Active","https://enroll.zellepay.com/logos/zellepay/JOW.png","","https://texasbnk.com/zelle"
"Texas Bank and Trust Company","Texas Bank and Trust Company","Texas Bank and Trust Company Zelle JDI T","true","true","https://www.paymentsemails.com/ZelleOverview?MyFITool&jhID=7026&showVideo=1","Active","https://enroll.zellepay.com/logos/zellepay/JDI.png","","https://www.paymentsemails.com/ZelleOverview?MyFITool&jhID=7026&showVideo=1"
"Texas Bay Credit Union","Texas Bay Credit Union","Texas Bay Credit Union Zelle 2OM T","true","true","https://www.texasbaycu.org/services/zelle","Active","https://enroll.zellepay.com/logos/zellepay/2OM.png","","https://www.texasbaycu.org/services/zelle"
"Texas Capital Bank","Texas Capital Bank","Texas Capital Bank Zelle 2UB T","true","true","https://www.texascapitalbank.com/zelle","Active","https://enroll.zellepay.com/logos/zellepay/2UB.png","","https://www.texascapitalbank.com/zelle"
"Texas First Bank","Texas First Bank","Texas First Bank Zelle 0MV T","true","true","https://www.texasfirst.bank/zelle","Active","https://enroll.zellepay.com/logos/zellepay/0MV.png","","https://www.texasfirst.bank/zelle"
"Texas Gulf Bank N.A.","Texas Gulf Bank N.A.","Texas Gulf Bank N.A. Zelle JP4 T","true","true","https://www.texasgulfbank.com/zelle/","Active","https://enroll.zellepay.com/logos/zellepay/JP4.png","","https://www.texasgulfbank.com/zelle/"
"Texas National Bank RGV","Texas National Bank RGV","Texas National Bank RGV Zelle 0O2 T","true","true","https://texasnational.com/zelle","Active","https://enroll.zellepay.com/logos/zellepay/0O2.png","","https://texasnational.com/zelle"
"Texas National- Jacksonville","Texas National- Jacksonville","Texas National- Jacksonville Zelle 2P7 T","true","true","https://txnationalbank.com/onlinemobile-banking/zelle/","Active","https://enroll.zellepay.com/logos/zellepay/2P7.png","","https://txnationalbank.com/onlinemobile-banking/zelle/"
"Texas Regional Bank","Texas Regional Bank","Texas Regional Bank Zelle 2CI T","true","true","https://www.texasregionalbank.com/","Active","https://enroll.zellepay.com/logos/zellepay/2CI.png","","https://www.texasregionalbank.com/"
"Texas Republic Bank","Texas Republic Bank","Texas Republic Bank Zelle JQG T","true","true","https://texasrepublicbank.com/zelle/","Active","https://enroll.zellepay.com/logos/zellepay/JQG.png","","https://texasrepublicbank.com/zelle/"
"Texas Security Bank","Texas Security Bank","Texas Security Bank Zelle 2SG T","true","true","https://www.texassecuritybank.com/zelle","Active","https://enroll.zellepay.com/logos/zellepay/2SG.png","","https://www.texassecuritybank.com/zelle"
"Texas Traditions Bank","Texas Traditions Bank","Texas Traditions Bank Zelle 0OP T","true","true","https://www.txtraditionsbank.com/ebanking/zelle","Active","https://enroll.zellepay.com/logos/zellepay/0OP.png","","https://www.txtraditionsbank.com/ebanking/zelle"
"Texas Trust Credit Union","Texas Trust Credit Union","Texas Trust Credit Union Zelle JNE T","true","true","https://cloud.paymentsemails.com/ZelleOverview?jhID=5279","Active","https://enroll.zellepay.com/logos/zellepay/JNE.png","","https://cloud.paymentsemails.com/ZelleOverview?jhID=5279"
"TexasBank","TexasBank","TexasBank Zelle JLZ T","true","true","https://www.texasbank.com/personal/zelle","Active","https://enroll.zellepay.com/logos/zellepay/JLZ.png","","https://www.texasbank.com/personal/zelle"
"Texoma Community Credit Union","Texoma Community Credit Union","Texoma Community Credit Union Zelle 0JO T","true","true","https://www.texomacu.com/zelle","Active","https://enroll.zellepay.com/logos/zellepay/0JO.png","","https://www.texomacu.com/zelle"
"Texoma Educators FCU","Texoma Educators FCU","Texoma Educators FCU Zelle 37W T","true","true","https://www.texomaeducators.com/zelle","Active","https://enroll.zellepay.com/logos/zellepay/37W.png","","https://www.texomaeducators.com/zelle"
"The Andover Bank","The Andover Bank","The Andover Bank Zelle 29A T","true","true","https://www.andover.bank/zelle","Active","https://enroll.zellepay.com/logos/zellepay/29A.png","","https://www.andover.bank/zelle"
"The Atlantic FCU","The Atlantic FCU","The Atlantic FCU Zelle 34W T","true","true","https://web.atlfedcu.com/services/services_/zelle","Active","https://enroll.zellepay.com/logos/zellepay/34W.png","","https://web.atlfedcu.com/services/services_/zelle"
"The Bank","The Bank","The Bank Zelle 0D1 T","true","true","https://www.thebank.bank/Zelle","Active","https://enroll.zellepay.com/logos/zellepay/0D1.png","","https://www.thebank.bank/Zelle"
"The Bank & Trust ssb","The Bank & Trust ssb","The Bank & Trust ssb Zelle JFN T","true","true","https://zelle.jhapaycenter.com/JFN.html","Active","https://enroll.zellepay.com/logos/zellepay/JFN.png","","https://zelle.jhapaycenter.com/JFN.html"
"The Bank of Clovis","The Bank of Clovis","The Bank of Clovis Zelle JLA T","true","true","https://www.bankofclovis.bank/zelle","Active","https://enroll.zellepay.com/logos/zellepay/JLA.png","","https://www.bankofclovis.bank/zelle"
"The Bank of Elk River","The Bank of Elk River","The Bank of Elk River Zelle JGB T","true","true","https://zelle.jhapaycenter.com/JGB.html","Active","https://enroll.zellepay.com/logos/zellepay/JGB.png","","https://zelle.jhapaycenter.com/JGB.html"
"The Bank of Missouri","The Bank of Missouri","The Bank of Missouri Zelle J0C T","true","true","https://www.bankofmissouri.com/personal/manage/mobile-online-banking/zelle","Active","https://enroll.zellepay.com/logos/zellepay/J0C.png","","https://www.bankofmissouri.com/personal/manage/mobile-online-banking/zelle"
"The Bank of New Glarus","The Bank of New Glarus","The Bank of New Glarus Zelle 2O5 T","true","true","https://thebankofnewglarus.bank/zelle","Active","https://enroll.zellepay.com/logos/zellepay/2O5.png","","https://thebankofnewglarus.bank/zelle"
"The Bank of Princeton","The Bank of Princeton","The Bank of Princeton Zelle 2AW T","true","true","https://thebankofprinceton.com/personal/zelle","Active","https://enroll.zellepay.com/logos/zellepay/2AW.png","","https://thebankofprinceton.com/personal/zelle"
"The Bank of Romney","The Bank of Romney","The Bank of Romney Zelle 0TN T","true","true","https://www.bankofromney.net/zelle","Active","https://enroll.zellepay.com/logos/zellepay/0TN.png","","https://www.bankofromney.net/zelle"
"The Bank of South Carolina","The Bank of South Carolina","The Bank of South Carolina Zelle 3RD T","true","true","https://www.banksc.com/personal/zelle","Active","https://enroll.zellepay.com/logos/zellepay/3RD.png","","https://www.banksc.com/personal/zelle"
"The Bank of Southside VA","The Bank of Southside VA","The Bank of Southside VA Zelle J1B T","true","true","https://zelle.jhapaycenter.com/J1B.html","Active","https://enroll.zellepay.com/logos/zellepay/J1B.png","","https://zelle.jhapaycenter.com/J1B.html"
"The Bank of Tampa","The Bank of Tampa","The Bank of Tampa Zelle 2EK T","true","true","https://www.bankoftampa.com/personal/zelle-update/","Active","https://enroll.zellepay.com/logos/zellepay/2EK.png","","https://www.bankoftampa.com/personal/zelle-update/"
"The Bank of Tescott","The Bank of Tescott","The Bank of Tescott Zelle 25T T","true","true","https://www.bankoftescott.com/services-tools/account-services/zelle.html","Active","https://enroll.zellepay.com/logos/zellepay/25T.png","","https://www.bankoftescott.com/services-tools/account-services/zelle.html"
"The Berkshire Bank","The Berkshire Bank","The Berkshire Bank Zelle J3N T","true","true","https://zelle.jhapaycenter.com/J3N.html","Active","https://enroll.zellepay.com/logos/zellepay/J3N.png","","https://zelle.jhapaycenter.com/J3N.html"
"The Citizens Bank-Enterprise","The Citizens Bank-Enterprise","The Citizens Bank-Enterprise Zelle 0J4 T","true","true","https://www.tcbenterprise.com/zelle","Active","https://enroll.zellepay.com/logos/zellepay/0J4.png","","https://www.tcbenterprise.com/zelle"
"The Citizens National Bank KS","The Citizens National Bank KS","The Citizens National Bank KS Zelle 30A T","true","true","https://www.thecnb.bank/zelle","Active","https://enroll.zellepay.com/logos/zellepay/30A.png","","https://www.thecnb.bank/zelle"
"The Community Bank","The Community Bank","The Community Bank Zelle JM6 T","true","true","https://www.thecombank.com/zelle.html","Active","https://enroll.zellepay.com/logos/zellepay/JM6.png","","https://www.thecombank.com/zelle.html"
"The Cornerstone Bank","The Cornerstone Bank","The Cornerstone Bank Zelle J3P T","true","true","https://zelle.jhapaycenter.com/J3P.html","Active","https://enroll.zellepay.com/logos/zellepay/J3P.png","","https://zelle.jhapaycenter.com/J3P.html"
"The Cottonport Bank","The Cottonport Bank","The Cottonport Bank Zelle JR6 T","true","true","https://www.cottonportbank.com/personal/other-services","Active","https://enroll.zellepay.com/logos/zellepay/JR6.png","","https://www.cottonportbank.com/personal/other-services"
"The Dart Bank","The Dart Bank","The Dart Bank Zelle JFQ T","true","true","https://www.paymentsemails.com/ZelleOverview?jhid=2206&showVideo=1","Active","https://enroll.zellepay.com/logos/zellepay/JFQ.png","","https://www.paymentsemails.com/ZelleOverview?jhid=2206&showVideo=1"
"The Dime Bank","The Dime Bank","The Dime Bank Zelle JGC T","true","true","https://zelle.jhapaycenter.com/JGC.html","Active","https://enroll.zellepay.com/logos/zellepay/JGC.png","","https://zelle.jhapaycenter.com/JGC.html"
"The District Credit Union","The District Credit Union","The District Credit Union Zelle 2SK T","true","true","https://www.districtcreditunion.com/digital-services/zelle-digital-payments/","Active","https://enroll.zellepay.com/logos/zellepay/2SK.png","","https://www.districtcreditunion.com/digital-services/zelle-digital-payments/"
"The Farmers and Merchants Bank","The Farmers and Merchants Bank","The Farmers and Merchants Bank Zelle 2SI T","true","true","https://gofm.bank/personal/convenient-services/","Active","https://enroll.zellepay.com/logos/zellepay/2SI.png","","https://gofm.bank/personal/convenient-services/"
"The Farmers Bank","The Farmers Bank","The Farmers Bank Zelle 2J0 T","true","true","https://www.thefarmersbank.net/","Active","https://enroll.zellepay.com/logos/zellepay/2J0.png","","https://www.thefarmersbank.net/"
"The Farmers Bank of Appomattox","The Farmers Bank of Appomattox","The Farmers Bank of Appomattox Zelle 2PP T","true","true","https://www.thefarmersbankva.com/zelle","Active","https://enroll.zellepay.com/logos/zellepay/2PP.png","","https://www.thefarmersbankva.com/zelle"
"The Federal Savings Bk","The Federal Savings Bk","The Federal Savings Bk Zelle 2AT T","true","true","https://www.thefederalsavingsbank.com/","Active","https://enroll.zellepay.com/logos/zellepay/2AT.png","","https://www.thefederalsavingsbank.com/"
"The Fidelity Bank (NC)","The Fidelity Bank (NC)","The Fidelity Bank (NC) Zelle 27Q T","true","true","https://www.fidelitybanknc.com/personal-banking/digital-banking/zelle/","Active","https://enroll.zellepay.com/logos/zellepay/27Q.png","","https://www.fidelitybanknc.com/personal-banking/digital-banking/zelle/"
"The FNB of Sterling City","The FNB of Sterling City","The FNB of Sterling City Zelle 3EI T","true","true","https://thefnbsc.com/zelle","Active","https://enroll.zellepay.com/logos/zellepay/3EI.png","","https://thefnbsc.com/zelle"
"The Freedom Bank of Virginia","The Freedom Bank of Virginia","The Freedom Bank of Virginia Zelle 3QH T","true","true","https://www.secure.freedom.bank/zelle","Active","https://enroll.zellepay.com/logos/zellepay/3QH.png","","https://www.secure.freedom.bank/zelle"
"The Hamler State Bank","The Hamler State Bank","The Hamler State Bank Zelle 2Q9 T","true","true","https://hamlerstatebank.com/zelle/","Active","https://enroll.zellepay.com/logos/zellepay/2Q9.png","","https://hamlerstatebank.com/zelle/"
"The Harbor Bank of Maryland","The Harbor Bank of Maryland","The Harbor Bank of Maryland Zelle 0ND T","true","true","https://www.theharborbank.com/zelle","Active","https://enroll.zellepay.com/logos/zellepay/0ND.png","","https://www.theharborbank.com/zelle"
"The Health and Education FCU","The Health and Education FCU","The Health and Education FCU Zelle 2NN T","true","true","https://www.thefcu.com/zelle","Active","https://enroll.zellepay.com/logos/zellepay/2NN.png","","https://www.thefcu.com/zelle"
"The Hometown Savings Bank","The Hometown Savings Bank","The Hometown Savings Bank Zelle 3K1 T","true","true","https://www.thsb.com/home/personal-banking/online-services/zelle","Active","https://enroll.zellepay.com/logos/zellepay/3K1.png","","https://www.thsb.com/home/personal-banking/online-services/zelle"
"The Honesdale National Bank","The Honesdale National Bank","The Honesdale National Bank Zelle JQD T","true","true","https://www.hnbbank.bank/zelle","Active","https://enroll.zellepay.com/logos/zellepay/JQD.png","","https://www.hnbbank.bank/zelle"
"The Maries County Bank","The Maries County Bank","The Maries County Bank Zelle JKI T","true","true","https://cloud.paymentsemails.com/ZelleOverview?jhid=46706&showVideo=1","Active","https://enroll.zellepay.com/logos/zellepay/JKI.png","","https://cloud.paymentsemails.com/ZelleOverview?jhid=46706&showVideo=1"
"The Milford Bank","The Milford Bank","The Milford Bank Zelle 25C T","true","true","https://www.milfordbank.com/other-services/zelle/","Active","https://enroll.zellepay.com/logos/zellepay/25C.png","","https://www.milfordbank.com/other-services/zelle/"
"The MINT National Bank","The MINT National Bank","The MINT National Bank Zelle 0HK T","true","true","https://themint.bank/personal/zelle","Active","https://enroll.zellepay.com/logos/zellepay/0HK.png","","https://themint.bank/personal/zelle"
"The Napoleon State Bank","The Napoleon State Bank","The Napoleon State Bank Zelle 3MG T","true","true","https://www.napoleonstatebank.com/personal-banking/online-mobile/zelle","Active","https://enroll.zellepay.com/logos/zellepay/3MG.png","","https://www.napoleonstatebank.com/personal-banking/online-mobile/zelle"
"The Neffs National Bank","The Neffs National Bank","The Neffs National Bank Zelle JHE T","true","true","https://www.paymentsemails.com/ZelleOverview?jhid=3813&showVideo=1","Active","https://enroll.zellepay.com/logos/zellepay/JHE.png","","https://www.paymentsemails.com/ZelleOverview?jhid=3813&showVideo=1"
"The OHecu","The OHecu","The OHecu Zelle 0VI T","true","true","https://www.ohecu.com/zelle","Active","https://enroll.zellepay.com/logos/zellepay/0VI.png","","https://www.ohecu.com/zelle"
"The Peoples Bank","The Peoples Bank","The Peoples Bank Zelle 2DS T","true","true","https://www.peoplesbanksc.com/","Active","https://enroll.zellepay.com/api/v1/ecm/sites/ecm/files/logos/override_uploads/2DS-zellepay.png","","https://www.peoplesbanksc.com/"
"The Peoples Bank-Gambier OH","The Peoples Bank-Gambier OH","The Peoples Bank-Gambier OH Zelle 2SE T","true","true","https://www.peoplesgambier.com/index.php/services/zelle","Active","https://enroll.zellepay.com/api/v1/ecm/sites/ecm/files/logos/override_uploads/2SE-zellepay.png","","https://www.peoplesgambier.com/index.php/services/zelle"
"The Peoples State Bank","The Peoples State Bank","The Peoples State Bank Zelle 2AC T","true","true","https://www.psbanywhere.com/","Active","https://enroll.zellepay.com/logos/zellepay/2AC.png","","https://www.psbanywhere.com/"
"The Police Credit Union of CA","The Police Credit Union of CA","The Police Credit Union of CA Zelle 32R T","true","true","https://www.thepolicecu.org/zelle","Active","https://enroll.zellepay.com/logos/zellepay/32R.png","","https://www.thepolicecu.org/zelle"
"The Savings Bank","The Savings Bank","The Savings Bank Zelle 0S4 T","true","true","https://www.thesavingsbankohio.bank/services/account-services/zelle.html","Active","https://enroll.zellepay.com/logos/zellepay/0S4.png","","https://www.thesavingsbankohio.bank/services/account-services/zelle.html"
"The State Credit Union","The State Credit Union","The State Credit Union Zelle 3JQ T","true","true","https://scuwv.com/personal/Zelle","Active","https://enroll.zellepay.com/logos/zellepay/3JQ.png","","https://scuwv.com/personal/Zelle"
"The Summit FCU","The Summit FCU","The Summit FCU Zelle 2XJ T","true","true","https://www.summitfcu.org/e-services/zelle/","Active","https://enroll.zellepay.com/logos/zellepay/2XJ.png","","https://www.summitfcu.org/e-services/zelle/"
"The Tri-County Bank","The Tri-County Bank","The Tri-County Bank Zelle 2QU T","true","true","https://www.tricountybank.com/services/personal-services/zelle-payments.html","Active","https://enroll.zellepay.com/logos/zellepay/2QU.png","","https://www.tricountybank.com/services/personal-services/zelle-payments.html"
"The Union Bank Company","The Union Bank Company","The Union Bank Company Zelle 27L T","true","true","https://www.theubank.com/zelle","Active","https://enroll.zellepay.com/logos/zellepay/27L.png","","https://www.theubank.com/zelle"
"The Washington Trust Company","The Washington Trust Company","The Washington Trust Company Zelle 3RT T","true","true","https://www.washtrust.com/zelle","Active","https://enroll.zellepay.com/logos/zellepay/3RT.png","","https://www.washtrust.com/zelle"
"Think Bank","Think Bank","Think Bank Zelle J0Q T","true","true","https://zelle.jhapaycenter.com/J0Q.html","Active","https://enroll.zellepay.com/logos/zellepay/J0Q.png","","https://zelle.jhapaycenter.com/J0Q.html"
"Thinkwise CU","Thinkwise CU","Thinkwise CU Zelle 0U6 T","true","true","https://www.thinkwisecu.org/zelle","Active","https://enroll.zellepay.com/logos/zellepay/0U6.png","","https://www.thinkwisecu.org/zelle"
"Third Coast Bank","Third Coast Bank","Third Coast Bank Zelle 0TW T","true","true","https://thirdcoast.bank/zelle","Active","https://enroll.zellepay.com/logos/zellepay/0TW.png","","https://thirdcoast.bank/zelle"
"Thomaston Savings Bank","Thomaston Savings Bank","Thomaston Savings Bank Zelle 28Y T","true","true","https://www.thomastonsavingsbank.com/personal-banking-services/online-mobile-banking/zelle","Active","https://enroll.zellepay.com/logos/zellepay/28Y.png","","https://www.thomastonsavingsbank.com/personal-banking-services/online-mobile-banking/zelle"
"Thomasville National Bank","Thomasville National Bank","Thomasville National Bank Zelle JJD T","true","true","https://www.paymentsemails.com/ZelleOverview?jhid=3097&showVideo=1","Active","https://enroll.zellepay.com/logos/zellepay/JJD.png","","https://www.paymentsemails.com/ZelleOverview?jhid=3097&showVideo=1"
"Timberland Bank","Timberland Bank","Timberland Bank Zelle JEC T","true","true","https://cloud.paymentsemails.com/ZelleOverview?MyFITool&jhID=53906&showVideo=1","Active","https://enroll.zellepay.com/logos/zellepay/JEC.png","","https://cloud.paymentsemails.com/ZelleOverview?MyFITool&jhID=53906&showVideo=1"
"Timberline Bank","Timberline Bank","Timberline Bank Zelle 21T T","true","true","https://www.timberlinebank.com/Bill-Pay","Active","https://enroll.zellepay.com/logos/zellepay/21T.png","","https://www.timberlinebank.com/Bill-Pay"
"Time Bank","Time Bank","Time Bank Zelle 26R T","true","true","https://time.bank","Active","https://enroll.zellepay.com/logos/zellepay/26R.png","","https://time.bank"
"Titan Bank","Titan Bank","Titan Bank Zelle 0VO T","true","true","https://www.titanbank.com/zelle","Active","https://enroll.zellepay.com/logos/zellepay/0VO.png","","https://www.titanbank.com/zelle"
"TLC Community CU","TLC Community CU","TLC Community CU Zelle J3S T","true","true","https://zelle.jhapaycenter.com/J3S.html","Active","https://enroll.zellepay.com/logos/zellepay/J3S.png","","https://zelle.jhapaycenter.com/J3S.html"
"TMTFCU (Torrington)","TMTFCU (Torrington)","TMTFCU (Torrington) Zelle 2XE T","true","true","https://www.tmtfcu.org/Zelle.html","Active","https://enroll.zellepay.com/logos/zellepay/2XE.png","","https://www.tmtfcu.org/Zelle.html"
"tnConnect Credit Union","tnConnect Credit Union","tnConnect Credit Union Zelle 33E T","true","true","https://www.tnconnectcu.org/remote/zelle/","Active","https://enroll.zellepay.com/logos/zellepay/33E.png","","https://www.tnconnectcu.org/remote/zelle/"
"Todos Unidos","Todos Unidos","Todos Unidos Zelle JMW T","true","true","https://www.todosunidos.us","Active","https://enroll.zellepay.com/api/v1/ecm/sites/ecm/files/logos/override_uploads/JMW-zellepay.png","","https://www.todosunidos.us"
"Toledo Fire Fighters FCU","Toledo Fire Fighters FCU","Toledo Fire Fighters FCU Zelle 2N1 T","true","true","https://www.tfffcu.org/zelle","Active","https://enroll.zellepay.com/logos/zellepay/2N1.png","","https://www.tfffcu.org/zelle"
"Toledo Police FCU","Toledo Police FCU","Toledo Police FCU Zelle 2YH T","true","true","https://www.tpolcu.com/zelle/","Active","https://enroll.zellepay.com/logos/zellepay/2YH.png","","https://www.tpolcu.com/zelle/"
"Tolleson Private Bank","Tolleson Private Bank","Tolleson Private Bank Zelle JPL T","true","true","https://www.tollesonwealth.com/zelle-at-tolleson/","Active","https://enroll.zellepay.com/logos/zellepay/JPL.png","","https://www.tollesonwealth.com/zelle-at-tolleson/"
"Torrance Community CU","Torrance Community CU","Torrance Community CU Zelle 0VD T","true","true","https://www.torranceccu.org/zelle","Active","https://enroll.zellepay.com/logos/zellepay/0VD.png","","https://www.torranceccu.org/zelle"
"Touchmark National Bank","Touchmark National Bank","Touchmark National Bank Zelle JOX T","true","true","https://www.touchmarknb.com/zelle","Active","https://enroll.zellepay.com/logos/zellepay/JOX.png","","https://www.touchmarknb.com/zelle"
"Tower Federal Credit Union","Tower Federal Credit Union","Tower Federal Credit Union Zelle 36Y T","true","true","https://www.towerfcu.org/send-receive-money","Active","https://enroll.zellepay.com/logos/zellepay/36Y.png","","https://www.towerfcu.org/send-receive-money"
"Town & Country Bank - NE","Town & Country Bank - NE","Town & Country Bank - NE Zelle 3G2 T","true","true","https://www.tcbank.bank/zelle","Active","https://enroll.zellepay.com/logos/zellepay/3G2.png","","https://www.tcbank.bank/zelle"
"Town & Country Credit Union","Town & Country Credit Union","Town & Country Credit Union Zelle 2U1 T","true","true","https://www.townandcountry.org/content/zelle","Active","https://enroll.zellepay.com/logos/zellepay/2U1.png","","https://www.townandcountry.org/content/zelle"
"Town Bank","Town Bank","Town Bank Zelle 0B7 T","true","true","https://www.wintrust.com/zelle.html","Active","https://enroll.zellepay.com/logos/zellepay/0B7.png","","https://www.wintrust.com/zelle.html"
"Town Center Bank","Town Center Bank","Town Center Bank Zelle JR2 T","true","true","https://towncenterbank.com/zelle/","Active","https://enroll.zellepay.com/logos/zellepay/JR2.png","","https://towncenterbank.com/zelle/"
"Town of Hempstead EFCU","Town of Hempstead EFCU","Town of Hempstead EFCU Zelle 3NT T","true","true","https://images.printable.com/nonimpositions/22712/461494/22712_461494_2n44x2s1_press.html","Active","https://enroll.zellepay.com/logos/zellepay/3NT.png","","https://images.printable.com/nonimpositions/22712/461494/22712_461494_2n44x2s1_press.html"
"TowneBank","TowneBank","TowneBank Zelle 0J7 T","true","true","https://www.townebank.com/zelle","Active","https://enroll.zellepay.com/logos/zellepay/0J7.png","","https://www.townebank.com/zelle"
"TowneBank (VA)","TowneBank (VA)","TowneBank (VA) Zelle 0VA T","true","true","https://www.townebank.com/zelle","Active","https://enroll.zellepay.com/logos/zellepay/0VA.png","","https://www.townebank.com/zelle"
"Towpath Credit Union","Towpath Credit Union","Towpath Credit Union Zelle 0VZ T","true","true","https://www.towpathcu.com/zelle","Active","https://enroll.zellepay.com/logos/zellepay/0VZ.png","","https://www.towpathcu.com/zelle"
"Tradition Capital Bank","Tradition Capital Bank","Tradition Capital Bank Zelle 26S T","true","true","https://www.tradition.bank/zelle-landing-page/","Active","https://enroll.zellepay.com/logos/zellepay/26S.png","","https://www.tradition.bank/zelle-landing-page/"
"Traditional Bank","Traditional Bank","Traditional Bank Zelle 39U T","true","true","https://www.traditionalbank.com/zelle","Active","https://enroll.zellepay.com/logos/zellepay/39U.png","","https://www.traditionalbank.com/zelle"
"Traditions Bank","Traditions Bank","Traditions Bank Zelle 2G8 T","true","true","https://www.traditions.bank/zelle/","Active","https://enroll.zellepay.com/logos/zellepay/2G8.png","","https://www.traditions.bank/zelle/"
"TrailNorth FCU","TrailNorth FCU","TrailNorth FCU Zelle 2OF T","true","true","https://www.trailnorth.com/connect/zelle","Active","https://enroll.zellepay.com/logos/zellepay/2OF.png","","https://www.trailnorth.com/connect/zelle"
"Travis Credit Union","Travis Credit Union","Travis Credit Union Zelle 21X T","true","true","https://www.traviscu.org/personal/tools-resources/zelle/","Active","https://enroll.zellepay.com/logos/zellepay/21X.png","","https://www.traviscu.org/personal/tools-resources/zelle/"
"Trax CU","Trax CU","Trax CU Zelle 0I7 T","true","true","https://www.traxcu.com/zelle","Active","https://enroll.zellepay.com/logos/zellepay/0I7.png","","https://www.traxcu.com/zelle"
"Treasury Department FCU","Treasury Department FCU","Treasury Department FCU Zelle 3AC T","true","true","https://www.tdfcu.org/membership/links-to-other-websites/zelle/","Active","https://enroll.zellepay.com/logos/zellepay/3AC.png","","https://www.tdfcu.org/membership/links-to-other-websites/zelle/"
"Tri City National Bank","Tri City National Bank","Tri City National Bank Zelle 0EK T","true","true","https://www.tcnb.com/services-tools/personal-services/zelle.html","Active","https://enroll.zellepay.com/logos/zellepay/0EK.png","","https://www.tcnb.com/services-tools/personal-services/zelle.html"
"Tri County Area FCU","Tri County Area FCU","Tri County Area FCU Zelle 3FO T","true","true","https://www.tcafcu.org/zelle/","Active","https://enroll.zellepay.com/logos/zellepay/3FO.png","","https://www.tcafcu.org/zelle/"
"Tropical Financial CU","Tropical Financial CU","Tropical Financial CU Zelle 3QG T","true","true","https://www.tropicalfcu.com/explore-zelle","Active","https://enroll.zellepay.com/logos/zellepay/3QG.png","","https://www.tropicalfcu.com/explore-zelle"
"Troy Bank and Trust","Troy Bank and Trust","Troy Bank and Trust Zelle 0C2 T","true","true","https://www.troybankandtrust.com/ebanking-services/zelle","Active","https://enroll.zellepay.com/logos/zellepay/0C2.png","","https://www.troybankandtrust.com/ebanking-services/zelle"
"TRUE Community Credit Union","TRUE Community Credit Union","TRUE Community Credit Union Zelle 0NE T","true","true","https://www.trueccu.com/services/account-services/zelle.html","Active","https://enroll.zellepay.com/logos/zellepay/0NE.png","","https://www.trueccu.com/services/account-services/zelle.html"
"True North FCU","True North FCU","True North FCU Zelle 0U7 T","true","true","https://www.truenorthfcu.org/zelle.html","Active","https://enroll.zellepay.com/logos/zellepay/0U7.png","","https://www.truenorthfcu.org/zelle.html"
"True Sky Credit Union","True Sky Credit Union","True Sky Credit Union Zelle 2HL T","true","true","https://www.trueskycu.org/zelle","Active","https://enroll.zellepay.com/logos/zellepay/2HL.png","","https://www.trueskycu.org/zelle"
"TruEnergy FCU","TruEnergy FCU","TruEnergy FCU Zelle 2N5 T","true","true","https://www.truenergyfcu.org/zelle","Active","https://enroll.zellepay.com/logos/zellepay/2N5.png","","https://www.truenergyfcu.org/zelle"
"TruGrocer FCU","TruGrocer FCU","TruGrocer FCU Zelle 37E T","true","true","https://www.trugrocer.com/Access/eServices/Zelle.aspx","Active","https://enroll.zellepay.com/logos/zellepay/37E.png","","https://www.trugrocer.com/Access/eServices/Zelle.aspx"
"Truist","Truist","Truist Zelle BBT T","true","true","https://bank.truist.com/redirect?tkn1=ZELLE","Active","https://enroll.zellepay.com/api/v1/ecm/sites/ecm/files/logos/override_uploads/bb%26t.png","","https://bank.truist.com/redirect?tkn1=ZELLE"
"Truity Credit Union","Truity Credit Union","Truity Credit Union Zelle J3T T","true","true","https://zelle.jhapaycenter.com/J3T.html","Active","https://enroll.zellepay.com/logos/zellepay/J3T.png","","https://zelle.jhapaycenter.com/J3T.html"
"Trumark Credit Union","Trumark Credit Union","Trumark Credit Union Zelle 2WR T","true","true","https://www.trumarkonline.org/Zelle","Active","https://enroll.zellepay.com/logos/zellepay/2WR.png","","https://www.trumarkonline.org/Zelle"
"TruNorth Bank","TruNorth Bank","TruNorth Bank Zelle 2O6 T","true","true","https://trunorthbank.com/landing/zelle/","Active","https://enroll.zellepay.com/logos/zellepay/2O6.png","","https://trunorthbank.com/landing/zelle/"
"Trust Federal Credit Union","Trust Federal Credit Union","Trust Federal Credit Union Zelle 2N7 T","true","true","https://trustfcu.com/Zelle.html","Active","https://enroll.zellepay.com/logos/zellepay/2N7.png","","https://trustfcu.com/Zelle.html"
"Trustco Bank","Trustco Bank","Trustco Bank Zelle 2T0 T","true","true","https://www.trustcobank.com/page/zelle-faqs-167.html","Active","https://enroll.zellepay.com/logos/zellepay/2T0.png","","https://www.trustcobank.com/page/zelle-faqs-167.html"
"TruStone Financial","TruStone Financial","TruStone Financial Zelle J16 T","true","true","https://zelle.jhapaycenter.com/J16.html","Active","https://enroll.zellepay.com/logos/zellepay/J16.png","","https://zelle.jhapaycenter.com/J16.html"
"TrustTexas Bank","TrustTexas Bank","TrustTexas Bank Zelle 2B8 T","true","true","https://www.trusttexas.bank/Zelle.aspx","Active","https://enroll.zellepay.com/logos/zellepay/2B8.png","","https://www.trusttexas.bank/Zelle.aspx"
"TruWest Credit Union","TruWest Credit Union","TruWest Credit Union Zelle 3DJ T","true","true","https://truwest.org/zelle/","Active","https://enroll.zellepay.com/logos/zellepay/3DJ.png","","https://truwest.org/zelle/"
"TTCU Federal Credit Union","TTCU Federal Credit Union","TTCU Federal Credit Union Zelle 0MC T","true","true","https://www.ttcu.com/zelle","Active","https://enroll.zellepay.com/logos/zellepay/0MC.png","","https://www.ttcu.com/zelle"
"Tucoemas FCU","Tucoemas FCU","Tucoemas FCU Zelle JLX T","true","true","https://www.tucoemas.org/resources/zelle","Active","https://enroll.zellepay.com/logos/zellepay/JLX.png","","https://www.tucoemas.org/resources/zelle"
"Tucson Federal Credit Union","Tucson Federal Credit Union","Tucson Federal Credit Union Zelle 23E T","true","true","https://www.tucsonfcu.com/do-it-the-zelleway/","Active","https://enroll.zellepay.com/logos/zellepay/23E.png","","https://www.tucsonfcu.com/do-it-the-zelleway/"
"Turtle Mountain State Bank","Turtle Mountain State Bank","Turtle Mountain State Bank Zelle 3AV T","true","true","https://www.tmstatebank.com/zelle","Active","https://enroll.zellepay.com/logos/zellepay/3AV.png","","https://www.tmstatebank.com/zelle"
"Twin Cedars Bank","Twin Cedars Bank","Twin Cedars Bank Zelle 3FN T","true","true","https://www.twincedars.bank/zelle","Active","https://enroll.zellepay.com/logos/zellepay/3FN.png","","https://www.twincedars.bank/zelle"
"Twin Valley Bank","Twin Valley Bank","Twin Valley Bank Zelle 2SH T","true","true","https://www.twinvalleybank.bank/zelle","Active","https://enroll.zellepay.com/logos/zellepay/2SH.png","","https://www.twinvalleybank.bank/zelle"
"TwinStar Credit Union","TwinStar Credit Union","TwinStar Credit Union Zelle 3LG T","true","true","https://www.nwcu.com/help/how-to-use-zelle","Active","https://enroll.zellepay.com/api/v1/ecm/sites/ecm/files/logos/override_uploads/3LG-zellepay.png","","https://www.nwcu.com/help/how-to-use-zelle"
"Two Harbors FCU","Two Harbors FCU","Two Harbors FCU Zelle 2JD T","true","true","https://images.printable.com/nonimpositions/22712/421595/22712_421595_qislaxyn_press.html","Active","https://enroll.zellepay.com/logos/zellepay/2JD.png","","https://images.printable.com/nonimpositions/22712/421595/22712_421595_qislaxyn_press.html"
"Tyndall Federal Credit Union","Tyndall Federal Credit Union","Tyndall Federal Credit Union Zelle 21Z T","true","true","https://tyndall.org/","Active","https://enroll.zellepay.com/logos/zellepay/21Z.png","","https://tyndall.org/"
"U S 1364 FEDERAL CREDIT UNION","U S 1364 FEDERAL CREDIT UNION","U S 1364 FEDERAL CREDIT UNION Zelle 2DX U","true","true","https://www.usfederalcu.org/services/online-services/zelle","Active","https://enroll.zellepay.com/logos/zellepay/2DX.png","","https://www.usfederalcu.org/services/online-services/zelle"
"U.S. Bank","U.S. Bank","U.S. Bank Zelle USB U","true","true","https://usbankflyer.onelink.me/Woj5?pid=Email&af_dp=usbank%3A%2F%2FzelleEnroll&af_web_dp=https%3A%2F%2Fwww.usbank.com%2Fonline-mobile-banking%2Fenroll-with-zelle.html","Active","https://enroll.zellepay.com/logos/zellepay/USB.png","","https://usbankflyer.onelink.me/Woj5?pid=Email&af_dp=usbank%3A%2F%2FzelleEnroll&af_web_dp=https%3A%2F%2Fwww.usbank.com%2Fonline-mobile-banking%2Fenroll-with-zelle.html"
"U.S. Century Bank","U.S. Century Bank","U.S. Century Bank Zelle 0BV U","true","true","https://www.uscentury.com","Active","https://enroll.zellepay.com/logos/zellepay/0BV.png","","https://www.uscentury.com"
"U.S. Postal Service FCU","U.S. Postal Service FCU","U.S. Postal Service FCU Zelle 2JC U","true","true","https://www.uspsfcu.org/member-services/online-mobile-banking/zelle","Active","https://enroll.zellepay.com/logos/zellepay/2JC.png","","https://www.uspsfcu.org/member-services/online-mobile-banking/zelle"
"UARK Federal Credit Union","UARK Federal Credit Union","UARK Federal Credit Union Zelle 2TW U","true","true","https://www.uarkfcu.com/zelle","Active","https://enroll.zellepay.com/logos/zellepay/2TW.png","","https://www.uarkfcu.com/zelle"
"UBank","UBank","UBank Zelle 2UN U","true","true","https://link.zixcentral.com/u/4061c718/VhJ_7H947BGAmSgCiHsoMg?u=https%3A%2F%2Fu.bank%2Fzelle","Active","https://enroll.zellepay.com/logos/zellepay/2UN.png","","https://link.zixcentral.com/u/4061c718/VhJ_7H947BGAmSgCiHsoMg?u=https%3A%2F%2Fu.bank%2Fzelle"
"UBank TN","UBank TN","UBank TN Zelle JHC U","true","true","https://www.paymentsemails.com/ZelleOverview?MyFITool&jhID=3707&showVideo=1","Active","https://enroll.zellepay.com/logos/zellepay/JHC.png","","https://www.paymentsemails.com/ZelleOverview?MyFITool&jhID=3707&showVideo=1"
"UBS Financial Services","UBS Financial Services","UBS Financial Services Zelle 0JU U","true","true","https://www.ubs.com/zelle","Active","https://enroll.zellepay.com/logos/zellepay/0JU.png","","https://www.ubs.com/zelle"
"UFCU","UFCU","UFCU Zelle JNV U","true","true","https://www.ufcu.org/resources/member-services/banking/zelle","Active","https://enroll.zellepay.com/logos/zellepay/JNV.png","","https://www.ufcu.org/resources/member-services/banking/zelle"
"UFirst Federal Credit Union","UFirst Federal Credit Union","UFirst Federal Credit Union Zelle 2NX U","true","true","https://www.ufirstfcu.net/Zelle","Active","https://enroll.zellepay.com/logos/zellepay/2NX.png","","https://www.ufirstfcu.net/Zelle"
"Ukrainian FCU","Ukrainian FCU","Ukrainian FCU Zelle 3ED U","true","true","https://ukrainianfcu.org/lp/send-and-receive-money-with-zelle/","Active","https://enroll.zellepay.com/logos/zellepay/3ED.png","","https://ukrainianfcu.org/lp/send-and-receive-money-with-zelle/"
"Ukrainian Selfreliance FCU","Ukrainian Selfreliance FCU","Ukrainian Selfreliance FCU Zelle 37S U","true","true","https://ukrfcu.com/services/zelle/","Active","https://enroll.zellepay.com/logos/zellepay/37S.png","","https://ukrfcu.com/services/zelle/"
"Ulster Savings Bank","Ulster Savings Bank","Ulster Savings Bank Zelle 26H U","true","true","https://www.ulstersavings.com/Zelle/","Active","https://enroll.zellepay.com/logos/zellepay/26H.png","","https://www.ulstersavings.com/Zelle/"
"UMassFive College Credit Union","UMassFive College Credit Union","UMassFive College Credit Union Zelle 34D U","true","true","https://umassfive.coop/zelle","Active","https://enroll.zellepay.com/logos/zellepay/34D.png","","https://umassfive.coop/zelle"
"UMe Federal Credit Union","UMe Federal Credit Union","UMe Federal Credit Union Zelle 0JB U","true","true","https://www.umecreditunion.com/access/ways-to-pay/zelle","Active","https://enroll.zellepay.com/logos/zellepay/0JB.png","","https://www.umecreditunion.com/access/ways-to-pay/zelle"
"UNCLE Credit Union","UNCLE Credit Union","UNCLE Credit Union Zelle JHV U","true","true","https://www.paymentsemails.com/ZelleOverview?jhid=5100&showVideo=1","Active","https://enroll.zellepay.com/logos/zellepay/JHV.png","","https://www.paymentsemails.com/ZelleOverview?jhid=5100&showVideo=1"
"UNFCU","UNFCU","UNFCU Zelle 35P U","true","true","https://www.unfcu.org/zelle/","Active","https://enroll.zellepay.com/logos/zellepay/35P.png","","https://www.unfcu.org/zelle/"
"Unified Bank","Unified Bank","Unified Bank Zelle 2A0 U","true","true","https://unifiedbank.com/zelle","Active","https://enroll.zellepay.com/logos/zellepay/2A0.png","","https://unifiedbank.com/zelle"
"Union Bank","Union Bank","Union Bank Zelle JJ6 U","true","true","https://ubmich.com/zelle","Active","https://enroll.zellepay.com/logos/zellepay/JJ6.png","","https://ubmich.com/zelle"
"Union Bank (AR)","Union Bank (AR)","Union Bank (AR) Zelle JE0 U","true","true","https://cloud.paymentsemails.com/ZelleOverview?MyFITool&jhID=3224&showVideo=1","Active","https://enroll.zellepay.com/logos/zellepay/JE0.png","","https://cloud.paymentsemails.com/ZelleOverview?MyFITool&jhID=3224&showVideo=1"
"Union Bank & Trust","Union Bank & Trust","Union Bank & Trust Zelle 2B4 U","true","true","https://www.ubt.com/personal/online-mobile-banking/zelle","Active","https://enroll.zellepay.com/logos/zellepay/2B4.png","","https://www.ubt.com/personal/online-mobile-banking/zelle"
"Union Bank & Trust Business","Union Bank & Trust Business","Union Bank & Trust Business Zelle 3KQ U","true","true","https://www.ubt.com/zellebusiness","Active","https://enroll.zellepay.com/api/v1/ecm/sites/ecm/files/logos/override_uploads/3KQ-zellepay.png","","https://www.ubt.com/zellebusiness"
"Union Bank Monticello, AR","Union Bank Monticello, AR","Union Bank Monticello, AR Zelle 0F7 U","true","true","https://www.unionbnk.com/Zelle","Active","https://enroll.zellepay.com/logos/zellepay/0F7.png","","https://www.unionbnk.com/Zelle"
"Union County Savings Bank","Union County Savings Bank","Union County Savings Bank Zelle 3BC U","true","true","https://unioncountysavings.com/zelle/","Active","https://enroll.zellepay.com/logos/zellepay/3BC.png","","https://unioncountysavings.com/zelle/"
"Union Fidelity Federal CU","Union Fidelity Federal CU","Union Fidelity Federal CU Zelle 2IT U","true","true","https://unionfidelityfcu.com/services/zelle.html","Active","https://enroll.zellepay.com/logos/zellepay/2IT.png","","https://unionfidelityfcu.com/services/zelle.html"
"Union Savings Bank","Union Savings Bank","Union Savings Bank Zelle 0MJ U","true","true","https://www.unionsavings.com/personal-banking/zelle","Active","https://enroll.zellepay.com/logos/zellepay/0MJ.png","","https://www.unionsavings.com/personal-banking/zelle"
"Union Savings Bank (OH)","Union Savings Bank (OH)","Union Savings Bank (OH) Zelle 3LU U","true","true","https://www.usavingsbank.com/zelle","Active","https://enroll.zellepay.com/logos/zellepay/3LU.png","","https://www.usavingsbank.com/zelle"
"Union Square Credit Union","Union Square Credit Union","Union Square Credit Union Zelle 2MY U","true","true","https://www.unionsquare.org/zelle","Active","https://enroll.zellepay.com/logos/zellepay/2MY.png","","https://www.unionsquare.org/zelle"
"Union State Bank","Union State Bank","Union State Bank Zelle 2SM U","true","true","https://www.usbiowa.com/zelle","Active","https://enroll.zellepay.com/logos/zellepay/2SM.png","","https://www.usbiowa.com/zelle"
"Union State Bank (WI)","Union State Bank (WI)","Union State Bank (WI) Zelle 3AK U","true","true","https://www.usbwestsalem.com/Zelle","Active","https://enroll.zellepay.com/logos/zellepay/3AK.png","","https://www.usbwestsalem.com/Zelle"
"United Bank","United Bank","United Bank Zelle 0A3 U","true","true","https://www.bankwithunited.com/zelle","Active","https://enroll.zellepay.com/logos/zellepay/0A3.png","","https://www.bankwithunited.com/zelle"
"United Bank (AR)","United Bank (AR)","United Bank (AR) Zelle JEP U","true","true","https://www.united-bk.com/","Active","https://enroll.zellepay.com/logos/zellepay/JEP.png","","https://www.united-bk.com/"
"United Bank & Trust","United Bank & Trust","United Bank & Trust Zelle 2PQ U","true","true","https://www.ubankonline.com/Zelle.aspx","Active","https://enroll.zellepay.com/logos/zellepay/2PQ.png","","https://www.ubankonline.com/Zelle.aspx"
"United Bank of MI","United Bank of MI","United Bank of MI Zelle 25Z U","true","true","https://www.unitedbank4u.com/personal/digital-banking/zelle","Active","https://enroll.zellepay.com/logos/zellepay/25Z.png","","https://www.unitedbank4u.com/personal/digital-banking/zelle"
"United Bank of Philadelphia","United Bank of Philadelphia","United Bank of Philadelphia Zelle 36U U","true","true","https://www.ubphila.com/Zelle.aspx","Active","https://enroll.zellepay.com/logos/zellepay/36U.png","","https://www.ubphila.com/Zelle.aspx"
"United Business Bank","United Business Bank","United Business Bank Zelle 0IC U","true","true","https://www.unitedbusinessbank.com/zelle","Active","https://enroll.zellepay.com/logos/zellepay/0IC.png","","https://www.unitedbusinessbank.com/zelle"
"United Churches Credit Union","United Churches Credit Union","United Churches Credit Union Zelle 3HE U","true","true","https://www.unitedchurchescu.org/zelle","Active","https://enroll.zellepay.com/logos/zellepay/3HE.png","","https://www.unitedchurchescu.org/zelle"
"United Community","United Community","United Community Zelle 31J U","true","true","https://www.ucbi.com/zelle/","Active","https://enroll.zellepay.com/logos/zellepay/31J.png","","https://www.ucbi.com/zelle/"
"United Community Bank","United Community Bank","United Community Bank Zelle 20N U","true","true","https://www.ucbbank.com/index.cfm","Active","https://enroll.zellepay.com/logos/zellepay/20N.png","","https://www.ucbbank.com/index.cfm"
"United Community Bank (Iowa)","United Community Bank (Iowa)","United Community Bank (Iowa) Zelle 3FV U","true","true","https://unitedcommunitybank.com/zelle","Active","https://enroll.zellepay.com/logos/zellepay/3FV.png","","https://unitedcommunitybank.com/zelle"
"United Community Bank, LA","United Community Bank, LA","United Community Bank, LA Zelle 2L9 U","true","true","https://ucbanking.com/zelle","Active","https://enroll.zellepay.com/logos/zellepay/2L9.png","","https://ucbanking.com/zelle"
"United Community FCU","United Community FCU","United Community FCU Zelle 2M0 U","true","true","https://www.unitedcommunityfcu.org/zelle","Active","https://enroll.zellepay.com/logos/zellepay/2M0.png","","https://www.unitedcommunityfcu.org/zelle"
"United Consumers CU","United Consumers CU","United Consumers CU Zelle 0TD U","true","true","https://www.uccumo.com/zelle","Active","https://enroll.zellepay.com/logos/zellepay/0TD.png","","https://www.uccumo.com/zelle"
"United Cumberland Bank","United Cumberland Bank","United Cumberland Bank Zelle 2N9 U","true","true","https://www.unitedcumberland.com/Zelle.aspx","Active","https://enroll.zellepay.com/logos/zellepay/2N9.png","","https://www.unitedcumberland.com/Zelle.aspx"
"United Energy Credit Union","United Energy Credit Union","United Energy Credit Union Zelle 3KO U","true","true","https://unitedenergycu.com/manage-my-account/#Zelle","Active","https://enroll.zellepay.com/logos/zellepay/3KO.png","","https://unitedenergycu.com/manage-my-account/#Zelle"
"United Federal Credit Union","United Federal Credit Union","United Federal Credit Union Zelle 2QX U","true","true","https://unitedfcu.com/zelle","Active","https://enroll.zellepay.com/logos/zellepay/2QX.png","","https://unitedfcu.com/zelle"
"United Fidelity Bank","United Fidelity Bank","United Fidelity Bank Zelle 27M U","true","true","https://www.unitedfidelity.com/zelle/","Active","https://enroll.zellepay.com/logos/zellepay/27M.png","","https://www.unitedfidelity.com/zelle/"
"United Health Group CU","United Health Group CU","United Health Group CU Zelle JH3 U","true","true","https://zelle.jhapaycenter.com/JH3.html","Active","https://enroll.zellepay.com/api/v1/ecm/sites/ecm/files/logos/override_uploads/JH3_720x320.png","","https://zelle.jhapaycenter.com/JH3.html"
"United Midwest Savings Bank NA","United Midwest Savings Bank NA","United Midwest Savings Bank NA Zelle 34E U","true","true","https://www.umwsb.com/banking/zelle-payments-1/","Active","https://enroll.zellepay.com/logos/zellepay/34E.png","","https://www.umwsb.com/banking/zelle-payments-1/"
"United National Bank","United National Bank","United National Bank Zelle JLK U","true","true","https://unbonline.com/zelle","Active","https://enroll.zellepay.com/logos/zellepay/JLK.png","","https://unbonline.com/zelle"
"United Pacific Bank","United Pacific Bank","United Pacific Bank Zelle 3HZ U","true","true","https://upbnet.com/zelle.aspx","Active","https://enroll.zellepay.com/logos/zellepay/3HZ.png","","https://upbnet.com/zelle.aspx"
"United Prairie Bank","United Prairie Bank","United Prairie Bank Zelle 2GK U","true","true","https://www.unitedprairiebank.com/zelle","Active","https://enroll.zellepay.com/logos/zellepay/2GK.png","","https://www.unitedprairiebank.com/zelle"
"United Southern Bank","United Southern Bank","United Southern Bank Zelle 27J U","true","true","https://www.unitedsouthernbank.com/personal-banking/zelle","Active","https://enroll.zellepay.com/logos/zellepay/27J.png","","https://www.unitedsouthernbank.com/personal-banking/zelle"
"United Teletech Financial","United Teletech Financial","United Teletech Financial Zelle 38V U","true","true","https://www.utfinancial.org/services/online-mobile-banking/zelle/","Active","https://enroll.zellepay.com/logos/zellepay/38V.png","","https://www.utfinancial.org/services/online-mobile-banking/zelle/"
"United Trust Bank","United Trust Bank","United Trust Bank Zelle 3ME U","true","true","https://www.utbhome.com/zelle","Active","https://enroll.zellepay.com/logos/zellepay/3ME.png","","https://www.utbhome.com/zelle"
"Unity Bank","Unity Bank","Unity Bank Zelle 2F7 U","true","true","https://www.unitybank.com/","Active","https://enroll.zellepay.com/logos/zellepay/2F7.png","","https://www.unitybank.com/"
"Unity Bank WI","Unity Bank WI","Unity Bank WI Zelle 2NY U","true","true","https://www.unitybanking.com/zelle","Active","https://enroll.zellepay.com/logos/zellepay/2NY.png","","https://www.unitybanking.com/zelle"
"Unity Financial Credit Union","Unity Financial Credit Union","Unity Financial Credit Union Zelle 2N4 U","true","true","https://www.unityfincu.org/Services/Digital-Services/Zelle","Active","https://enroll.zellepay.com/logos/zellepay/2N4.png","","https://www.unityfincu.org/Services/Digital-Services/Zelle"
"Unity National Bank","Unity National Bank","Unity National Bank Zelle 2OH U","true","true","https://www.unitybanktexas.com/Zelle","Active","https://enroll.zellepay.com/logos/zellepay/2OH.png","","https://www.unitybanktexas.com/Zelle"
"Universal 1 Credit Union, Inc","Universal 1 Credit Union, Inc","Universal 1 Credit Union, Inc Zelle 3BY U","true","true","https://www.u1cu.org/zelle","Active","https://enroll.zellepay.com/logos/zellepay/3BY.png","","https://www.u1cu.org/zelle"
"Universal Bank","Universal Bank","Universal Bank Zelle 0JA U","true","true","https://universalbank.com/personal/zelle/zelle-faq","Active","https://enroll.zellepay.com/logos/zellepay/0JA.png","","https://universalbank.com/personal/zelle/zelle-faq"
"Universal City Studios","Universal City Studios","Universal City Studios Zelle JEV U","true","true","https://www.paymentsemails.com/ZelleOverview?jhid=5088&showVideo=1","Active","https://enroll.zellepay.com/logos/zellepay/JEV.png","","https://www.paymentsemails.com/ZelleOverview?jhid=5088&showVideo=1"
"University Bank","University Bank","University Bank Zelle 3J0 U","true","true","https://www.university-bank.com/zelle/","Active","https://enroll.zellepay.com/logos/zellepay/3J0.png","","https://www.university-bank.com/zelle/"
"University Credit Union","University Credit Union","University Credit Union Zelle JIZ U","true","true","https://www.paymentsemails.com/ZelleOverview?jhid=47130&showVideo=1","Active","https://enroll.zellepay.com/logos/zellepay/JIZ.png","","https://www.paymentsemails.com/ZelleOverview?jhid=47130&showVideo=1"
"University Credit Union (CA)","University Credit Union (CA)","University Credit Union (CA) Zelle JPE U","true","true","https://www.ucu.org/banking/digital-banking/zelle?IsDraftPage=true","Active","https://enroll.zellepay.com/logos/zellepay/JPE.png","","https://www.ucu.org/banking/digital-banking/zelle?IsDraftPage=true"
"University Credit Union-Miami","University Credit Union-Miami","University Credit Union-Miami Zelle 3QK U","true","true","https://www.ucumiami.org/about/digital-services/p2p","Active","https://enroll.zellepay.com/logos/zellepay/3QK.png","","https://www.ucumiami.org/about/digital-services/p2p"
"University of Louisiana FCU","University of Louisiana FCU","University of Louisiana FCU Zelle 31F U","true","true","https://www.ulfcu.com/zelle","Active","https://enroll.zellepay.com/logos/zellepay/31F.png","","https://www.ulfcu.com/zelle"
"Univest Bank and Trust Co.","Univest Bank and Trust Co.","Univest Bank and Trust Co. Zelle J3U U","true","true","https://zelle.jhapaycenter.com/J3U.html","Active","https://enroll.zellepay.com/logos/zellepay/J3U.png","","https://zelle.jhapaycenter.com/J3U.html"
"UPS Employees FCU","UPS Employees FCU","UPS Employees FCU Zelle 3LY U","true","true","https://www.upscreditunion.org/Zelle","Active","https://enroll.zellepay.com/logos/zellepay/3LY.png","","https://www.upscreditunion.org/Zelle"
"URSB","URSB","URSB Zelle 2DP U","true","true","https://www.ursbank.com/zelle/","Active","https://enroll.zellepay.com/logos/zellepay/2DP.png","","https://www.ursbank.com/zelle/"
"US Community Credit Union","US Community Credit Union","US Community Credit Union Zelle 0SJ U","true","true","https://www.usccu.org/zelle","Active","https://enroll.zellepay.com/logos/zellepay/0SJ.png","","https://www.usccu.org/zelle"
"US Eagle Federal Credit Union","US Eagle Federal Credit Union","US Eagle Federal Credit Union Zelle 0IV U","true","true","https://www.useagle.org/personal/services/zelle","Active","https://enroll.zellepay.com/logos/zellepay/0IV.png","","https://www.useagle.org/personal/services/zelle"
"US Metro Bank","US Metro Bank","US Metro Bank Zelle 34Q U","true","true","https://www.usmetrobank.com/zelle/","Active","https://enroll.zellepay.com/logos/zellepay/34Q.png","","https://www.usmetrobank.com/zelle/"
"USAA Federal Savings Bank","USAA Federal Savings Bank","USAA Federal Savings Bank Zelle USA U","true","true","https://mobile.usaa.com/inet/wc/get-started-with-zelle","Active","https://enroll.zellepay.com/logos/zellepay/USA.png","","https://mobile.usaa.com/inet/wc/get-started-with-zelle"
"USAlliance Financial","USAlliance Financial","USAlliance Financial Zelle 3SI U","true","true","https://www.usalliance.org/zelle","Active","https://enroll.zellepay.com/logos/zellepay/3SI.png","","https://www.usalliance.org/zelle"
"USC Credit Union","USC Credit Union","USC Credit Union Zelle 0JX U","true","true","https://www.usccreditunion.org/zelle","Active","https://enroll.zellepay.com/logos/zellepay/0JX.png","","https://www.usccreditunion.org/zelle"
"USF Federal Credit Union","USF Federal Credit Union","USF Federal Credit Union Zelle 0NL U","true","true","https://www.usffcu.com/zelle","Active","https://enroll.zellepay.com/logos/zellepay/0NL.png","","https://www.usffcu.com/zelle"
"USX Federal Credit Union","USX Federal Credit Union","USX Federal Credit Union Zelle 0W0 U","true","true","https://www.usxfcu.org/zelle","Active","https://enroll.zellepay.com/logos/zellepay/0W0.png","","https://www.usxfcu.org/zelle"
"Utah Community Credit Union","Utah Community Credit Union","Utah Community Credit Union Zelle 2ST U","true","true","https://www.uccu.com/zelle","Active","https://enroll.zellepay.com/logos/zellepay/2ST.png","","https://www.uccu.com/zelle"
"Utah First Credit Union","Utah First Credit Union","Utah First Credit Union Zelle JEY U","true","true","https://www.paymentsemails.com/ZelleOverview?jhid=5060&showVideo=1","Active","https://enroll.zellepay.com/logos/zellepay/JEY.png","","https://www.paymentsemails.com/ZelleOverview?jhid=5060&showVideo=1"
"Utica District Telephone EFCU","Utica District Telephone EFCU","Utica District Telephone EFCU Zelle 2QV U","true","true","https://www.utelfcu.net/zelle","Active","https://enroll.zellepay.com/logos/zellepay/2QV.png","","https://www.utelfcu.net/zelle"
"Utica Gas & Electric FCU","Utica Gas & Electric FCU","Utica Gas & Electric FCU Zelle 2OA U","true","true","https://www.ugefcu.com/financial-resources/Zelle","Active","https://enroll.zellepay.com/logos/zellepay/2OA.png","","https://www.ugefcu.com/financial-resources/Zelle"
"UVA Community Credit Union","UVA Community Credit Union","UVA Community Credit Union Zelle 2TQ U","true","true","https://www.uvacreditunion.org/zelle","Active","https://enroll.zellepay.com/logos/zellepay/2TQ.png","","https://www.uvacreditunion.org/zelle"
"UW Credit Union","UW Credit Union","UW Credit Union Zelle 20O U","true","true","https://www.uwcu.org/technology/online-banking-solutions/zelle/","Active","https://enroll.zellepay.com/logos/zellepay/20O.png","","https://www.uwcu.org/technology/online-banking-solutions/zelle/"
"VA Desert Pacific FCU","VA Desert Pacific FCU","VA Desert Pacific FCU Zelle J2U V","true","true","https://zelle.jhapaycenter.com/J2U.html","Active","https://enroll.zellepay.com/logos/zellepay/J2U.png","","https://zelle.jhapaycenter.com/J2U.html"
"Valex Federal Credit Union","Valex Federal Credit Union","Valex Federal Credit Union Zelle 2YI V","true","true","https://www.valexfcu.org/zelle","Active","https://enroll.zellepay.com/logos/zellepay/2YI.png","","https://www.valexfcu.org/zelle"
"Vallant Bank","Vallant Bank","Vallant Bank Zelle 2BZ V","true","true","https://www.vallant.bank/zelle","Active","https://enroll.zellepay.com/logos/zellepay/2BZ.png","","https://www.vallant.bank/zelle"
"Valley 1st FCU","Valley 1st FCU","Valley 1st FCU Zelle 3N1 V","true","true","https://www.valley1st.org/zelle","Active","https://enroll.zellepay.com/logos/zellepay/3N1.png","","https://www.valley1st.org/zelle"
"Valley Bank","Valley Bank","Valley Bank Zelle 27P V","true","true","https://www.valley.com/zelle","Active","https://enroll.zellepay.com/logos/zellepay/27P.png","","https://www.valley.com/zelle"
"Valley Bank (Helena)","Valley Bank (Helena)","Valley Bank (Helena) Zelle JOC V","true","true","https://www.valleybankglacier.com/zelle","Active","https://enroll.zellepay.com/api/v1/ecm/sites/ecm/files/logos/override_uploads/JOC-zellepay.png","","https://www.valleybankglacier.com/zelle"
"Valley Bank of Nevada","Valley Bank of Nevada","Valley Bank of Nevada Zelle 3SF V","true","true","https://www.valleybanknv.com/Zelle","Active","https://enroll.zellepay.com/logos/zellepay/3SF.png","","https://www.valleybanknv.com/Zelle"
"Valley Bank SMB","Valley Bank SMB","Valley Bank SMB Zelle 3QL V","true","true","https://valley.com/business-customer-care/zelle","Active","https://enroll.zellepay.com/api/v1/ecm/sites/ecm/files/logos/override_uploads/3QL-zellepay_0.png","","https://valley.com/business-customer-care/zelle"
"Valley Credit Union Salem OR","Valley Credit Union Salem OR","Valley Credit Union Salem OR Zelle 3K3 V","true","true","https://www.valleycu.org/Resources/Online-Services/Zelle","Active","https://enroll.zellepay.com/logos/zellepay/3K3.png","","https://www.valleycu.org/Resources/Online-Services/Zelle"
"Valley Federal CU of Texas","Valley Federal CU of Texas","Valley Federal CU of Texas Zelle 2K3 V","true","true","https://www.vfcu.net/Zelle","Active","https://enroll.zellepay.com/logos/zellepay/2K3.png","","https://www.vfcu.net/Zelle"
"Valley Strong Credit Union","Valley Strong Credit Union","Valley Strong Credit Union Zelle 0IZ V","true","true","https://www.valleystrong.com/zelle","Active","https://enroll.zellepay.com/logos/zellepay/0IZ.png","","https://www.valleystrong.com/zelle"
"ValleyStar CU","ValleyStar CU","ValleyStar CU Zelle 0PW V","true","true","https://www.valleystar.org/zelle","Active","https://enroll.zellepay.com/logos/zellepay/0PW.png","","https://www.valleystar.org/zelle"
"Valliance Bank","Valliance Bank","Valliance Bank Zelle 817 V","true","true","https://vbank.com","Active","https://enroll.zellepay.com/logos/zellepay/817.png","","https://vbank.com"
"Van Cortlandt Cooperative FCU","Van Cortlandt Cooperative FCU","Van Cortlandt Cooperative FCU Zelle 2MW V","true","true","https://www.vccfcu.com/zelle/","Active","https://enroll.zellepay.com/logos/zellepay/2MW.png","","https://www.vccfcu.com/zelle/"
"Vanderbilt Credit Union","Vanderbilt Credit Union","Vanderbilt Credit Union Zelle 3M8 V","true","true","https://vanderbiltcu.org/zelle","Active","https://enroll.zellepay.com/logos/zellepay/3M8.png","","https://vanderbiltcu.org/zelle"
"Vantage Bank","Vantage Bank","Vantage Bank Zelle 3HM V","true","true","https://www.vantage.bank/personal/send-money/zelle/","Active","https://enroll.zellepay.com/logos/zellepay/3HM.png","","https://www.vantage.bank/personal/send-money/zelle/"
"VANTAGE TRUST FCU","VANTAGE TRUST FCU","VANTAGE TRUST FCU Zelle 2R5 V","true","true","https://www.vantagetrustfcu.org/zelle","Active","https://enroll.zellepay.com/logos/zellepay/2R5.png","","https://www.vantagetrustfcu.org/zelle"
"Vantage West Credit Union","Vantage West Credit Union","Vantage West Credit Union Zelle JJ4 V","true","true","https://www.paymentsemails.com/ZelleOverview?jhid=6338&showVideo=1","Active","https://enroll.zellepay.com/logos/zellepay/JJ4.png","","https://www.paymentsemails.com/ZelleOverview?jhid=6338&showVideo=1"
"Varo Bank","Varo Bank","Varo Bank Zelle 3ST V","true","true","https://bank.varomoney.com/move-money/zelle","Active","https://enroll.zellepay.com/logos/zellepay/3ST.png","","https://bank.varomoney.com/move-money/zelle"
"Varsity","Varsity","Varsity Zelle 2G0 V","true","true","https://www.varsity.bank/zelle/","Active","https://enroll.zellepay.com/logos/zellepay/2G0.png","","https://www.varsity.bank/zelle/"
"Vast Bank, N.A.","Vast Bank, N.A.","Vast Bank, N.A. Zelle 0U0 V","true","true","https://vast92bd.fiswebdev.net/personal/zelle","Active","https://enroll.zellepay.com/logos/zellepay/0U0.png","","https://vast92bd.fiswebdev.net/personal/zelle"
"Vectra Bank Colorado","Vectra Bank Colorado","Vectra Bank Colorado Zelle 20Q V","true","true","https://www.vectrabank.com/personal/digital-banking/zelle","Active","https://enroll.zellepay.com/logos/zellepay/20Q.png","","https://www.vectrabank.com/personal/digital-banking/zelle"
"Velocity Community CU","Velocity Community CU","Velocity Community CU Zelle 2JV V","true","true","https://www.velocitycommunity.org","Active","https://enroll.zellepay.com/logos/zellepay/2JV.png","","https://www.velocitycommunity.org"
"Velocity Credit Union","Velocity Credit Union","Velocity Credit Union Zelle 2TP V","true","true","https://www.velocitycu.com/zelle","Active","https://enroll.zellepay.com/logos/zellepay/2TP.png","","https://www.velocitycu.com/zelle"
"Ventura County Credit Union","Ventura County Credit Union","Ventura County Credit Union Zelle 0JM V","true","true","https://www.vccuonline.net/zelle","Active","https://enroll.zellepay.com/logos/zellepay/0JM.png","","https://www.vccuonline.net/zelle"
"Verity Credit Union","Verity Credit Union","Verity Credit Union Zelle 2TA V","true","true","https://www.veritycu.com/zelle","Active","https://enroll.zellepay.com/logos/zellepay/2TA.png","","https://www.veritycu.com/zelle"
"Verve, a Credit Union","Verve, a Credit Union","Verve, a Credit Union Zelle 2JO V","true","true","https://verveacu.com/zelle/","Active","https://enroll.zellepay.com/logos/zellepay/2JO.png","","https://verveacu.com/zelle/"
"Vida FCU","Vida FCU","Vida FCU Zelle 2NS V","true","true","https://www.vidafcu.org/zelle","Active","https://enroll.zellepay.com/logos/zellepay/2NS.png","","https://www.vidafcu.org/zelle"
"Village Bank","Village Bank","Village Bank Zelle 33Z V","true","true","https://www.village-bank.com/zelle","Active","https://enroll.zellepay.com/logos/zellepay/33Z.png","","https://www.village-bank.com/zelle"
"Village Bank (MN)","Village Bank (MN)","Village Bank (MN) Zelle 3DB V","true","true","https://villagebankonline.bank/zelle.aspx","Active","https://enroll.zellepay.com/logos/zellepay/3DB.png","","https://villagebankonline.bank/zelle.aspx"
"Village Bank & Trust","Village Bank & Trust","Village Bank & Trust Zelle 0B8 V","true","true","https://www.wintrust.com/zelle.html","Active","https://enroll.zellepay.com/logos/zellepay/0B8.png","","https://www.wintrust.com/zelle.html"
"Vinton County National Bank","Vinton County National Bank","Vinton County National Bank Zelle 2O4 V","true","true","https://www.vcnbfamily.com/zelle","Active","https://enroll.zellepay.com/logos/zellepay/2O4.png","","https://www.vcnbfamily.com/zelle"
"Virginia National Bank","Virginia National Bank","Virginia National Bank Zelle 0BW V","true","true","https://www.vnb.com","Active","https://enroll.zellepay.com/logos/zellepay/0BW.png","","https://www.vnb.com"
"VisionBank","VisionBank","VisionBank Zelle 27G V","true","true","https://bankwithvision.com/services/zelle/","Active","https://enroll.zellepay.com/logos/zellepay/27G.png","","https://bankwithvision.com/services/zelle/"
"Visions Federal Credit Union","Visions Federal Credit Union","Visions Federal Credit Union Zelle JGM V","true","true","https://zelle.jhapaycenter.com/JGM.html","Active","https://enroll.zellepay.com/logos/zellepay/JGM.png","","https://zelle.jhapaycenter.com/JGM.html"
"Vista Bank","Vista Bank","Vista Bank Zelle 0H3 V","true","true","https://www.hillcrestbank.com/personal-banking/digital-payments-transfers/zelle/","Active","https://enroll.zellepay.com/logos/zellepay/0H3.png","","https://www.hillcrestbank.com/personal-banking/digital-payments-transfers/zelle/"
"Volunteer Federal Savings Bank","Volunteer Federal Savings Bank","Volunteer Federal Savings Bank Zelle JF7 V","true","true","https://www.paymentsemails.com/ZelleOverview?MyFITool&jhID=59213&showVideo=1","Active","https://enroll.zellepay.com/logos/zellepay/JF7.png","","https://www.paymentsemails.com/ZelleOverview?MyFITool&jhID=59213&showVideo=1"
"Voyage Federal Credit Union","Voyage Federal Credit Union","Voyage Federal Credit Union Zelle 2KY V","true","true","https://voyagefcu.org/zelle/","Active","https://enroll.zellepay.com/logos/zellepay/2KY.png","","https://voyagefcu.org/zelle/"
"VyStar Credit Union","VyStar Credit Union","VyStar Credit Union Zelle VYS V","true","true","https://www.vystarcu.org","Active","https://enroll.zellepay.com/logos/zellepay/VYS.png","","https://www.vystarcu.org"
"WaFd Bank","WaFd Bank","WaFd Bank Zelle 20W W","true","true","https://www.washingtonfederal.com/","Active","https://enroll.zellepay.com/logos/zellepay/20W.png","","https://www.washingtonfederal.com/"
"Wahoo State Bank","Wahoo State Bank","Wahoo State Bank Zelle 3EO W","true","true","https://www.wahoostatebank.com/zelle","Active","https://enroll.zellepay.com/logos/zellepay/3EO.png","","https://www.wahoostatebank.com/zelle"
"Wailuku Federal Credit Union","Wailuku Federal Credit Union","Wailuku Federal Credit Union Zelle 3B8 W","true","true","https://www.wailukufcu.com/services/zelle","Active","https://enroll.zellepay.com/logos/zellepay/3B8.png","","https://www.wailukufcu.com/services/zelle"
"Walled Lake Schools Fed Cr Un","Walled Lake Schools Fed Cr Un","Walled Lake Schools Fed Cr Un Zelle 3BL W","true","true","https://www.wlsfcu.com/services/zelle","Active","https://enroll.zellepay.com/logos/zellepay/3BL.png","","https://www.wlsfcu.com/services/zelle"
"Wallis Bank","Wallis Bank","Wallis Bank Zelle 2AV W","true","true","https://www.wallisbank.com","Active","https://enroll.zellepay.com/logos/zellepay/2AV.png","","https://www.wallisbank.com"
"Walpole Co-operative Bank","Walpole Co-operative Bank","Walpole Co-operative Bank Zelle 2Q6 W","true","true","https://www.walpolecoop.com/zelle","Active","https://enroll.zellepay.com/logos/zellepay/2Q6.png","","https://www.walpolecoop.com/zelle"
"Wasatch Peaks FCU","Wasatch Peaks FCU","Wasatch Peaks FCU Zelle 0SY W","true","true","https://www.wasatchpeaks.com/zelle","Active","https://enroll.zellepay.com/logos/zellepay/0SY.png","","https://www.wasatchpeaks.com/zelle"
"Washington County Bank","Washington County Bank","Washington County Bank Zelle 3H5 W","true","true","https://www.banking.washingtoncountybank.com/consumerweb/default/secure/payments/zelle","Active","https://enroll.zellepay.com/logos/zellepay/3H5.png","","https://www.banking.washingtoncountybank.com/consumerweb/default/secure/payments/zelle"
"Washington Financial","Washington Financial","Washington Financial Zelle 0SZ W","true","true","https://www.washfin.bank/personal/services/online-mobile-banking.html","Active","https://enroll.zellepay.com/logos/zellepay/0SZ.png","","https://www.washfin.bank/personal/services/online-mobile-banking.html"
"Washington Savings Bank","Washington Savings Bank","Washington Savings Bank Zelle 22Y W","true","true","https://www.washingtonsavings.net/","Active","https://enroll.zellepay.com/logos/zellepay/22Y.png","","https://www.washingtonsavings.net/"
"Washington Savings Bank Lowell","Washington Savings Bank Lowell","Washington Savings Bank Lowell Zelle 25D W","true","true","https://www.washingtonsavings.com/zelle/index.html","Active","https://enroll.zellepay.com/logos/zellepay/25D.png","","https://www.washingtonsavings.com/zelle/index.html"
"Water & Power Community CU","Water & Power Community CU","Water & Power Community CU Zelle CON W","true","true","https://www.wpcu.org/zelle","Active","https://enroll.zellepay.com/logos/zellepay/CON.png","","https://www.wpcu.org/zelle"
"Waterfall Bank","Waterfall Bank","Waterfall Bank Zelle JQJ W","true","true","https://www.waterfallbank.com/zelle-2/","Active","https://enroll.zellepay.com/logos/zellepay/JQJ.png","","https://www.waterfallbank.com/zelle-2/"
"Waterford Bank, N.A.","Waterford Bank, N.A.","Waterford Bank, N.A. Zelle 2KI W","true","true","https://www.waterfordbankna.com/zelle/","Active","https://enroll.zellepay.com/logos/zellepay/2KI.png","","https://www.waterfordbankna.com/zelle/"
"Waterman Bank","Waterman Bank","Waterman Bank Zelle 3EU W","true","true","https://watermanbank.com/zelle","Active","https://enroll.zellepay.com/logos/zellepay/3EU.png","","https://watermanbank.com/zelle"
"WaterStone Bank","WaterStone Bank","WaterStone Bank Zelle 0UL W","true","true","https://www.wsbonline.com/zelle","Active","https://enroll.zellepay.com/logos/zellepay/0UL.png","","https://www.wsbonline.com/zelle"
"Watertown Savings Bank (MA)","Watertown Savings Bank (MA)","Watertown Savings Bank (MA) Zelle 3EE W","true","true","https://www.watertownsavings.com/zelle","Active","https://enroll.zellepay.com/logos/zellepay/3EE.png","","https://www.watertownsavings.com/zelle"
"Waumandee State Bank","Waumandee State Bank","Waumandee State Bank Zelle 2IE W","true","true","https://www.waumandeebank.com/Zelle","Active","https://enroll.zellepay.com/logos/zellepay/2IE.png","","https://www.waumandeebank.com/Zelle"
"Wauna Credit Union","Wauna Credit Union","Wauna Credit Union Zelle 3A1 W","true","true","https://waunafcu.org/zelle/","Active","https://enroll.zellepay.com/logos/zellepay/3A1.png","","https://waunafcu.org/zelle/"
"Wayne Bank","Wayne Bank","Wayne Bank Zelle 2AL W","true","true","https://www.waynebankonline.com/online-and-mobile/start-sending-money-with-zelle","Active","https://enroll.zellepay.com/logos/zellepay/2AL.png","","https://www.waynebankonline.com/online-and-mobile/start-sending-money-with-zelle"
"Wayne Bank (PA & NY)","Wayne Bank (PA & NY)","Wayne Bank (PA & NY) Zelle 2TI W","true","true","https://www.waynebank.com/zelle","Active","https://enroll.zellepay.com/logos/zellepay/2TI.png","","https://www.waynebank.com/zelle"
"Waypoint Bank","Waypoint Bank","Waypoint Bank Zelle 3LC W","true","true","https://waypointbank.com/zelle/","Active","https://enroll.zellepay.com/logos/zellepay/3LC.png","","https://waypointbank.com/zelle/"
"WCF Financial Bank","WCF Financial Bank","WCF Financial Bank Zelle 2YJ W","true","true","https://wcfbank.com/zelle.html","Active","https://enroll.zellepay.com/logos/zellepay/2YJ.png","","https://wcfbank.com/zelle.html"
"We Florida FCU","We Florida FCU","We Florida FCU Zelle 0LU W","true","true","https://www.wefloridafinancial.com/zelle","Active","https://enroll.zellepay.com/logos/zellepay/0LU.png","","https://www.wefloridafinancial.com/zelle"
"Webster Bank, a Div of SBNA","Webster Bank, a Div of SBNA","Webster Bank, a Div of SBNA Zelle 24H W","true","true","https://www.snb.com/zelle","Active","https://enroll.zellepay.com/logos/zellepay/24H.png","","https://www.snb.com/zelle"
"WECU","WECU","WECU Zelle 3D3 W","true","true","https://www.wecu.com/onlineservices/zelle","Active","https://enroll.zellepay.com/logos/zellepay/3D3.png","","https://www.wecu.com/onlineservices/zelle"
"Welcome Credit Union","Welcome Credit Union","Welcome Credit Union Zelle 2P1 W","true","true","https://www.welcomecu.org/banking/zelle/","Active","https://enroll.zellepay.com/logos/zellepay/2P1.png","","https://www.welcomecu.org/banking/zelle/"
"Wellby Financial","Wellby Financial","Wellby Financial Zelle JQU W","true","true","https://www.wellbyfinancial.com/zelle/","Active","https://enroll.zellepay.com/logos/zellepay/JQU.png","","https://www.wellbyfinancial.com/zelle/"
"Wellington State Bank","Wellington State Bank","Wellington State Bank Zelle 0OQ W","true","true","https://www.wellingtonsb.bank/zelle","Active","https://enroll.zellepay.com/logos/zellepay/0OQ.png","","https://www.wellingtonsb.bank/zelle"
"Wells Fargo Bank","Wells Fargo Bank","Wells Fargo Bank Zelle WFC W","true","true","https://connect.secure.wellsfargo.com/auth/login/p2pAmount","Active","https://enroll.zellepay.com/api/v1/ecm/sites/ecm/files/logos/override_uploads/WF_zellepay.png","","https://connect.secure.wellsfargo.com/auth/login/p2pAmount"
"Wellworth Bank","Wellworth Bank","Wellworth Bank Zelle J5R W","true","true","https://www.wellworth.bank/zelle","Active","https://enroll.zellepay.com/logos/zellepay/J5R.png","","https://www.wellworth.bank/zelle"
"WEOKIE","WEOKIE","WEOKIE Zelle 26V W","true","true","https://www.weokie.org/zelle","Active","https://enroll.zellepay.com/logos/zellepay/26V.png","","https://www.weokie.org/zelle"
"WesBanco Bank","WesBanco Bank","WesBanco Bank Zelle 0K4 W","true","true","https://www.wesbanco.com/online-and-mobile-banking/zelle","Active","https://enroll.zellepay.com/logos/zellepay/0K4.png","","https://www.wesbanco.com/online-and-mobile-banking/zelle"
"Wescom Financial","Wescom Financial","Wescom Financial Zelle COM W","true","true","https://www.wescom.org/zelle","Active","https://enroll.zellepay.com/logos/zellepay/COM.png","","https://www.wescom.org/zelle"
"WESLA Federal Credit Union","WESLA Federal Credit Union","WESLA Federal Credit Union Zelle 31E W","true","true","https://www.wesla.org/zelle","Active","https://enroll.zellepay.com/logos/zellepay/31E.png","","https://www.wesla.org/zelle"
"West Alabama Bank","West Alabama Bank","West Alabama Bank Zelle 2EH W","true","true","https://www.wabt.com/zelle","Active","https://enroll.zellepay.com/logos/zellepay/2EH.png","","https://www.wabt.com/zelle"
"West Bank","West Bank","West Bank Zelle 3QS W","true","true","https://www.westbankstrong.com/personal/online-mobile/zelle/","Active","https://enroll.zellepay.com/logos/zellepay/3QS.png","","https://www.westbankstrong.com/personal/online-mobile/zelle/"
"West Coast Community Bank","West Coast Community Bank","West Coast Community Bank Zelle 2HI W","true","true","https://sccountybank.com/","Active","https://enroll.zellepay.com/logos/zellepay/2HI.png","","https://sccountybank.com/"
"West Gate Bank","West Gate Bank","West Gate Bank Zelle JLR W","true","true","https://www.westgate.bank/personal/digital/zelle","Active","https://enroll.zellepay.com/logos/zellepay/JLR.png","","https://www.westgate.bank/personal/digital/zelle"
"West Metro Schools CU","West Metro Schools CU","West Metro Schools CU Zelle 3QF W","true","true","https://westmetroschoolscu.org/resources/eservices/zelle","Active","https://enroll.zellepay.com/logos/zellepay/3QF.png","","https://westmetroschoolscu.org/resources/eservices/zelle"
"West Point Bank","West Point Bank","West Point Bank Zelle J3W W","true","true","https://zelle.jhapaycenter.com/J3W.html","Active","https://enroll.zellepay.com/logos/zellepay/J3W.png","","https://zelle.jhapaycenter.com/J3W.html"
"West Shore Bank","West Shore Bank","West Shore Bank Zelle JFX W","true","true","https://zelle.jhapaycenter.com/JFX.html","Active","https://enroll.zellepay.com/logos/zellepay/JFX.png","","https://zelle.jhapaycenter.com/JFX.html"
"West Texas Credit Union","West Texas Credit Union","West Texas Credit Union Zelle 2N0 W","true","true","https://www.westtexascu.com/assets/HTML/Zelle-Landing-Page.html","Active","https://enroll.zellepay.com/logos/zellepay/2N0.png","","https://www.westtexascu.com/assets/HTML/Zelle-Landing-Page.html"
"West Texas National Bank","West Texas National Bank","West Texas National Bank Zelle 30C W","true","true","https://www.wtnb.com/zelle","Active","https://enroll.zellepay.com/logos/zellepay/30C.png","","https://www.wtnb.com/zelle"
"West-Aircomm FCU","West-Aircomm FCU","West-Aircomm FCU Zelle 2CJ W","true","true","https://westaircomm.com/banking/zelle/","Active","https://enroll.zellepay.com/logos/zellepay/2CJ.png","","https://westaircomm.com/banking/zelle/"
"Westar Federal Credit Union","Westar Federal Credit Union","Westar Federal Credit Union Zelle 3FQ W","true","true","https://www.westarfcu.com/member-services/zelle/","Active","https://enroll.zellepay.com/logos/zellepay/3FQ.png","","https://www.westarfcu.com/member-services/zelle/"
"Westbury Bank","Westbury Bank","Westbury Bank Zelle 3FT W","true","true","https://www.westburybankwi.com/zelle","Active","https://enroll.zellepay.com/logos/zellepay/3FT.png","","https://www.westburybankwi.com/zelle"
"Westchester Schools FCU","Westchester Schools FCU","Westchester Schools FCU Zelle 2ZH W","true","true","https://images.printable.com/nonimpositions/22712/439889/22712_439889_ybyh4ztn_press.html","Active","https://enroll.zellepay.com/logos/zellepay/2ZH.png","","https://images.printable.com/nonimpositions/22712/439889/22712_439889_ybyh4ztn_press.html"
"WESTconsin Credit Union","WESTconsin Credit Union","WESTconsin Credit Union Zelle 2G3 W","true","true","https://www.westconsincu.org/zelle/","Active","https://enroll.zellepay.com/logos/zellepay/2G3.png","","https://www.westconsincu.org/zelle/"
"Western Alliance Bank","Western Alliance Bank","Western Alliance Bank Zelle 0TV W","true","true","https://www.westernalliancebancorporation.com/personal/online-banking/zelle","Active","https://enroll.zellepay.com/logos/zellepay/0TV.png","","https://www.westernalliancebancorporation.com/personal/online-banking/zelle"
"Western Bank","Western Bank","Western Bank Zelle 0DK W","true","true","https://www.westernbank.com","Active","https://enroll.zellepay.com/logos/zellepay/0DK.png","","https://www.westernbank.com"
"Western Commerce Bank","Western Commerce Bank","Western Commerce Bank Zelle 0JW W","true","true","https://www.wcb.net/zelle","Active","https://enroll.zellepay.com/logos/zellepay/0JW.png","","https://www.wcb.net/zelle"
"Western Security Bank","Western Security Bank","Western Security Bank Zelle JOE W","true","true","https://www.westernsecuritybank.com/zelle","Active","https://enroll.zellepay.com/api/v1/ecm/sites/ecm/files/logos/override_uploads/JOE-zellepay.png","","https://www.westernsecuritybank.com/zelle"
"Western State Bank (KS)","Western State Bank (KS)","Western State Bank (KS) Zelle 0MG W","true","true","https://www.wsbks.com/zelle","Active","https://enroll.zellepay.com/logos/zellepay/0MG.png","","https://www.wsbks.com/zelle"
"Western Sun FCU","Western Sun FCU","Western Sun FCU Zelle 2KU W","true","true","https://www.wsfcu.com/zelle","Active","https://enroll.zellepay.com/logos/zellepay/2KU.png","","https://www.wsfcu.com/zelle"
"Westerra Credit Union","Westerra Credit Union","Westerra Credit Union Zelle JRW W","true","true","https://www.westerracu.com/online-banking/zelle","Active","https://enroll.zellepay.com/logos/zellepay/JRW.png","","https://www.westerracu.com/online-banking/zelle"
"Westfield Bank","Westfield Bank","Westfield Bank Zelle 2CW W","true","true","https://www.westfieldbank.com/personal/p2p-payments","Active","https://enroll.zellepay.com/logos/zellepay/2CW.png","","https://www.westfieldbank.com/personal/p2p-payments"
"Westmoreland Federal Savings","Westmoreland Federal Savings","Westmoreland Federal Savings Zelle 28L W","true","true","https://www.wfsavings.com/Zelle.html","Active","https://enroll.zellepay.com/logos/zellepay/28L.png","","https://www.wfsavings.com/Zelle.html"
"WestStar Bank","WestStar Bank","WestStar Bank Zelle JGE W","true","true","https://www.weststarbank.com/zelle","Active","https://enroll.zellepay.com/logos/zellepay/JGE.png","","https://www.weststarbank.com/zelle"
"Wheatland Bank","Wheatland Bank","Wheatland Bank Zelle JOI W","true","true","https://wheatland.bank/zelle","Active","https://enroll.zellepay.com/api/v1/ecm/sites/ecm/files/logos/override_uploads/JOI-zellepay.png","","https://wheatland.bank/zelle"
"Wheaton Bank & Trust Company","Wheaton Bank & Trust Company","Wheaton Bank & Trust Company Zelle 0B9 W","true","true","https://www.wintrust.com/zelle.html","Active","https://enroll.zellepay.com/logos/zellepay/0B9.png","","https://www.wintrust.com/zelle.html"
"Wheelhouse Credit Union","Wheelhouse Credit Union","Wheelhouse Credit Union Zelle 0MX W","true","true","https://www.wheelhousecu.com/zelle","Active","https://enroll.zellepay.com/logos/zellepay/0MX.png","","https://www.wheelhousecu.com/zelle"
"Whitaker Bank","Whitaker Bank","Whitaker Bank Zelle 3BA W","true","true","https://www.whitakerbank.com/zelle","Active","https://enroll.zellepay.com/logos/zellepay/3BA.png","","https://www.whitakerbank.com/zelle"
"White River Credit Union (WA)","White River Credit Union (WA)","White River Credit Union (WA) Zelle 2RA W","true","true","https://www.whiterivercu.com/virtual-banking-tools/online-and-mobile/zelle/","Active","https://enroll.zellepay.com/logos/zellepay/2RA.png","","https://www.whiterivercu.com/virtual-banking-tools/online-and-mobile/zelle/"
"Willamette Valley Bank","Willamette Valley Bank","Willamette Valley Bank Zelle 2CH W","true","true","https://willamettevalleybank.com","Active","https://enroll.zellepay.com/logos/zellepay/2CH.png","","https://willamettevalleybank.com"
"Wilmington Savings Bank","Wilmington Savings Bank","Wilmington Savings Bank Zelle 30B W","true","true","https://www.wilmingtonsavings.com/Zelle","Active","https://enroll.zellepay.com/logos/zellepay/30B.png","","https://www.wilmingtonsavings.com/Zelle"
"Wilson Bank & Trust","Wilson Bank & Trust","Wilson Bank & Trust Zelle J0G W","true","true","https://zelle.jhapaycenter.com/J0G.html","Active","https://enroll.zellepay.com/logos/zellepay/J0G.png","","https://zelle.jhapaycenter.com/J0G.html"
"Winchester Cooperative Bank","Winchester Cooperative Bank","Winchester Cooperative Bank Zelle 3GD W","true","true","https://images.printable.com/nonimpositions/22712/461494/22712_461494_kvhi3xbq_press.html","Active","https://enroll.zellepay.com/logos/zellepay/3GD.png","","https://images.printable.com/nonimpositions/22712/461494/22712_461494_kvhi3xbq_press.html"
"Winchester Savings Bank","Winchester Savings Bank","Winchester Savings Bank Zelle 31Z W","true","true","https://www.winchestersavings.com/Zelle","Active","https://enroll.zellepay.com/logos/zellepay/31Z.png","","https://www.winchestersavings.com/Zelle"
"Windsor Federal Bank","Windsor Federal Bank","Windsor Federal Bank Zelle 24J W","true","true","https://secure.myvirtualbranch.com/windsorfederal6319/signin.aspx","Active","https://enroll.zellepay.com/logos/zellepay/24J.png","","https://secure.myvirtualbranch.com/windsorfederal6319/signin.aspx"
"Winnsboro State Bank (WSB)","Winnsboro State Bank (WSB)","Winnsboro State Bank (WSB) Zelle 0CZ W","true","true","https://wsbonline.net/zelle/","Active","https://enroll.zellepay.com/logos/zellepay/0CZ.png","","https://wsbonline.net/zelle/"
"Winston-Salem FCU","Winston-Salem FCU","Winston-Salem FCU Zelle 2T4 W","true","true","https://www.mywsfcu.org/resources/electronic-services/zelle","Active","https://enroll.zellepay.com/logos/zellepay/2T4.png","","https://www.mywsfcu.org/resources/electronic-services/zelle"
"Winter Hill Bank (WHB)","Winter Hill Bank (WHB)","Winter Hill Bank (WHB) Zelle 2R6 W","true","true","https://winterhillbank.com/personal/e-products/zelle/","Active","https://enroll.zellepay.com/logos/zellepay/2R6.png","","https://winterhillbank.com/personal/e-products/zelle/"
"Wintrust Bank","Wintrust Bank","Wintrust Bank Zelle 0BA W","true","true","https://www.wintrust.com/zelle.html","Active","https://enroll.zellepay.com/logos/zellepay/0BA.png","","https://www.wintrust.com/zelle.html"
"WMCU","WMCU","WMCU Zelle 0U8 W","true","true","https://bloomcu.org/bank-my-way/zelle","Active","https://enroll.zellepay.com/logos/zellepay/0U8.png","","https://bloomcu.org/bank-my-way/zelle"
"WNC Community CU","WNC Community CU","WNC Community CU Zelle 3JD W","true","true","https://www.wncccu.org/zelle","Active","https://enroll.zellepay.com/logos/zellepay/3JD.png","","https://www.wncccu.org/zelle"
"Wood & Huston Bank","Wood & Huston Bank","Wood & Huston Bank Zelle 2GC W","true","true","https://www.woodhuston.com/home/electronic-services/personal-online-banking/zelle","Active","https://enroll.zellepay.com/logos/zellepay/2GC.png","","https://www.woodhuston.com/home/electronic-services/personal-online-banking/zelle"
"Woodford State Bank","Woodford State Bank","Woodford State Bank Zelle 2QC W","true","true","https://woodfordstatebank.com/zelle-woodford-state-bank.html","Active","https://enroll.zellepay.com/logos/zellepay/2QC.png","","https://woodfordstatebank.com/zelle-woodford-state-bank.html"
"Woodlands Bank","Woodlands Bank","Woodlands Bank Zelle 3LP W","true","true","https://woodlandsbank.com/zelle/","Active","https://enroll.zellepay.com/logos/zellepay/3LP.png","","https://woodlandsbank.com/zelle/"
"Woodlands National Bank","Woodlands National Bank","Woodlands National Bank Zelle 2LX W","true","true","https://www.woodlandsnationalbank.com/zelle","Active","https://enroll.zellepay.com/logos/zellepay/2LX.png","","https://www.woodlandsnationalbank.com/zelle"
"Woodsfield Savings Bank","Woodsfield Savings Bank","Woodsfield Savings Bank Zelle 3Q7 W","true","true","https://woodsfieldsavings.com/landing/zelle","Active","https://enroll.zellepay.com/logos/zellepay/3Q7.png","","https://woodsfieldsavings.com/landing/zelle"
"WoodTrust Bank","WoodTrust Bank","WoodTrust Bank Zelle 0J5 W","true","true","https://www.woodtrust.com/zelle","Active","https://enroll.zellepay.com/logos/zellepay/0J5.png","","https://www.woodtrust.com/zelle"
"Woori America Bank","Woori America Bank","Woori America Bank Zelle 2BR W","true","true","https://www.wooriamericabank.com/pages/personal/banking-service/zelle-service.asp","Active","https://enroll.zellepay.com/logos/zellepay/2BR.png","","https://www.wooriamericabank.com/pages/personal/banking-service/zelle-service.asp"
"Worthington Bank","Worthington Bank","Worthington Bank Zelle 3GS W","true","true","https://www.worthingtonbank.com/zelle","Active","https://enroll.zellepay.com/logos/zellepay/3GS.png","","https://www.worthingtonbank.com/zelle"
"Wray State Bank","Wray State Bank","Wray State Bank Zelle 0TA W","true","true","https://wraystatebank.com/zelle/","Active","https://enroll.zellepay.com/logos/zellepay/0TA.png","","https://wraystatebank.com/zelle/"
"Wrentham Cooperative Bank","Wrentham Cooperative Bank","Wrentham Cooperative Bank Zelle 2AN W","true","true","https://www.wrenthamcoop.com/zelle.aspx","Active","https://enroll.zellepay.com/logos/zellepay/2AN.png","","https://www.wrenthamcoop.com/zelle.aspx"
"WSECU","WSECU","WSECU Zelle JQX W","true","true","https://wsecu.org/resources/zelle","Active","https://enroll.zellepay.com/logos/zellepay/JQX.png","","https://wsecu.org/resources/zelle"
"WSFS Bank","WSFS Bank","WSFS Bank Zelle 0F8 W","true","true","https://www.wsfsbank.com/","Active","https://enroll.zellepay.com/logos/zellepay/0F8.png","","https://www.wsfsbank.com/"
"Wyoming Community Bank","Wyoming Community Bank","Wyoming Community Bank Zelle J0M W","true","true","https://zelle.jhapaycenter.com/J0M.html","Active","https://enroll.zellepay.com/logos/zellepay/J0M.png","","https://zelle.jhapaycenter.com/J0M.html"
"Yakima Federal Savings","Yakima Federal Savings","Yakima Federal Savings Zelle 00N Y","true","true","https://www.yakimafed.com/landing/","Active","https://enroll.zellepay.com/logos/zellepay/00N.png","","https://www.yakimafed.com/landing/"
"Yampa Valley Bank","Yampa Valley Bank","Yampa Valley Bank Zelle 23S Y","true","true","https://www.yampavalleybank.com/Zelle","Active","https://enroll.zellepay.com/logos/zellepay/23S.png","","https://www.yampavalleybank.com/Zelle"
"Yolo Federal Credit Union","Yolo Federal Credit Union","Yolo Federal Credit Union Zelle 0VJ Y","true","true","https://www.yolofcu.org/zelle","Active","https://enroll.zellepay.com/logos/zellepay/0VJ.png","","https://www.yolofcu.org/zelle"
"York State Bank","York State Bank","York State Bank Zelle 3H6 Y","true","true","https://www.yorkstatebank.com/digital-banking/zelle","Active","https://enroll.zellepay.com/logos/zellepay/3H6.png","","https://www.yorkstatebank.com/digital-banking/zelle"
"Your Legacy FCU","Your Legacy FCU","Your Legacy FCU Zelle 2X2 Y","true","true","https://www.yourlegacyfcu.com/services/zelle","Active","https://enroll.zellepay.com/logos/zellepay/2X2.png","","https://www.yourlegacyfcu.com/services/zelle"
"Zenith Bank & Trust","Zenith Bank & Trust","Zenith Bank & Trust Zelle JQV Z","true","true","https://www.zenithprivate.com/zelle/","Active","https://enroll.zellepay.com/logos/zellepay/JQV.png","","https://www.zenithprivate.com/zelle/"
"Zing Credit Union","Zing Credit Union","Zing Credit Union Zelle 0V4 Z","true","true","https://myzing.com/zelle","Active","https://enroll.zellepay.com/logos/zellepay/0V4.png","","https://myzing.com/zelle"
"Zions Bank","Zions Bank","Zions Bank Zelle 20S Z","true","true","https://www.zionsbank.com/personal/digital-banking/zelle","Active","https://enroll.zellepay.com/logos/zellepay/20S.png","","https://www.zionsbank.com/personal/digital-banking/zelle"
